Workbook

Sheet Cy Young Rank
A1: Pitcher | B1: Team | C1: IP | D1: ERA | E1: xERA | F1: MLBAMID | G1: Cleaned_IP | H1: League | I1: PLA | J1: Weighted Rate | K1: Runs Saved | L1: PLA Runs Saved | N1: Lg ERA | O1: 4.06 | Q1: Team | R1: League
A2: Trevor Megill | B2: MIL | C2: 47 | D2: 2.4893619 | E2: 3.225335 | F2: 656730 | G2: =int(C2)+(C2-int(C2))*10/3 -> 47 | H2: =IFERROR(__xludf.DUMMYFUNCTION("if(B2=""- - -"",""Trade"",filter(R:R,Q:Q=B2))"),"NL") -> NL | I2: {=index('PLV (min 500)'!F:F,match(F2,'PLV (min 500)'!B:B,0))} -> 1.7158012 | J2: {=(indirect("D2:D"&counta(A:A))+indirect("E2:E"&counta(A:A))+indirect("I2:I"&COUNTA(A:A)))/3} -> 2.4768327 | K2: {=(O1-indirect("J2:J"&counta(A:A)))*indirect("C2:C"&counta(A:A))/9} -> 8.2676515 | L2: {=(O1-indirect("I2:I"&counta(A:A)))*indirect("C2:C"&counta(A:A))/9} -> 12.241927 | N2: Repl ERA | O2: =O1/4.4*5.63 -> 5.1949545 | Q2: MIN | R2: AL | T2: AL CY Leaders (Blend) | W2: NL CY Leaders (Blend)
A3: Tyler Rogers | B3: - - - | C3: 77.1 | D3: 1.9784484 | E3: 2.6673094 | F3: 643511 | G3: =int(C3)+(C3-int(C3))*10/3 -> 77.333333 | H3: =IFERROR(__xludf.DUMMYFUNCTION("if(B3=""- - -"",""Trade"",filter(R:R,Q:Q=B3))"),"Trade") -> Trade | I3: {=index('PLV (min 500)'!F:F,match(F3,'PLV (min 500)'!B:B,0))} -> 1.8713997 | J3: 2.1723858 | K3: 16.170561 | L3: 18.749009 | Q3: BOS | R3: AL | T3: Name | U3: Runs Saved | W3: Name | X3: Runs Saved
A4: Reid Detmers | B4: LAA | C4: 63.2 | D4: 3.9581156 | E4: 3.6015416 | F4: 672282 | G4: =int(C4)+(C4-int(C4))*10/3 -> 63.666667 | H4: =IFERROR(__xludf.DUMMYFUNCTION("if(B4=""- - -"",""Trade"",filter(R:R,Q:Q=B4))"),"AL") -> AL | I4: {=index('PLV (min 500)'!F:F,match(F4,'PLV (min 500)'!B:B,0))} -> 1.9083886 | J4: 3.1560152 | K4: 6.3479818 | L4: 15.109094 | Q4: SDP | R4: NL | T4: =IFERROR(__xludf.DUMMYFUNCTION("sortn(filter({A:A,K:K},H:H=""AL"",not(ISNA(K:K))),5,,2,0)"),"Tarik Skubal") -> Tarik Skubal | U4: =IFERROR(__xludf.DUMMYFUNCTION("""COMPUTED_VALUE"""),34.4984500233132) -> 34.49845 | W4: =IFERROR(__xludf.DUMMYFUNCTION("sortn(filter({A:A,K:K},H:H=""NL"",not(ISNA(K:K))),5,,2,0)"),"Paul Skenes") -> Paul Skenes | X4: =IFERROR(__xludf.DUMMYFUNCTION("""COMPUTED_VALUE"""),34.903760145242614) -> 34.90376
A5: Griffin Jax | B5: - - - | C5: 66 | D5: 4.2272732 | E5: 3.2507001 | F5: 643377 | G5: =int(C5)+(C5-int(C5))*10/3 -> 66 | H5: =IFERROR(__xludf.DUMMYFUNCTION("if(B5=""- - -"",""Trade"",filter(R:R,Q:Q=B5))"),"Trade") -> Trade | I5: {=index('PLV (min 500)'!F:F,match(F5,'PLV (min 500)'!B:B,0))} -> 1.9745295 | J5: 3.1508343 | K5: 6.6672152 | L5: 15.29345 | Q5: KCR | R5: AL | T5: =IFERROR(__xludf.DUMMYFUNCTION("""COMPUTED_VALUE"""),"Garrett Crochet") -> Garrett Crochet | U5: =IFERROR(__xludf.DUMMYFUNCTION("""COMPUTED_VALUE"""),31.129028020669427) -> 31.129028 | W5: =IFERROR(__xludf.DUMMYFUNCTION("""COMPUTED_VALUE"""),"Cristopher Sánchez") -> Cristopher Sánchez | X5: =IFERROR(__xludf.DUMMYFUNCTION("""COMPUTED_VALUE"""),33.33103390183877) -> 33.331034
A6: Randy Rodríguez | B6: SFG | C6: 50.2 | D6: 1.776316 | E6: 2.5568538 | F6: 678495 | G6: =int(C6)+(C6-int(C6))*10/3 -> 50.666667 | H6: =IFERROR(__xludf.DUMMYFUNCTION("if(B6=""- - -"",""Trade"",filter(R:R,Q:Q=B6))"),"NL") -> NL | I6: {=index('PLV (min 500)'!F:F,match(F6,'PLV (min 500)'!B:B,0))} -> 2.0363753 | J6: 2.1231817 | K6: 10.803142 | L6: 11.287329 | Q6: MIL | R6: NL | T6: =IFERROR(__xludf.DUMMYFUNCTION("""COMPUTED_VALUE"""),"Bryan Woo") -> Bryan Woo | U6: =IFERROR(__xludf.DUMMYFUNCTION("""COMPUTED_VALUE"""),25.02131096955754) -> 25.021311 | W6: =IFERROR(__xludf.DUMMYFUNCTION("""COMPUTED_VALUE"""),"Yoshinobu Yamamoto") -> Yoshinobu Yamamoto | X6: =IFERROR(__xludf.DUMMYFUNCTION("""COMPUTED_VALUE"""),28.694739590735324) -> 28.69474
A7: Tanner Scott | B7: LAD | C7: 57 | D7: 4.7368427 | E7: 4.1771184 | F7: 656945 | G7: =int(C7)+(C7-int(C7))*10/3 -> 57 | H7: =IFERROR(__xludf.DUMMYFUNCTION("if(B7=""- - -"",""Trade"",filter(R:R,Q:Q=B7))"),"NL") -> NL | I7: {=index('PLV (min 500)'!F:F,match(F7,'PLV (min 500)'!B:B,0))} -> 2.1292881 | J7: 3.6810831 | K7: 2.3998072 | L7: 12.227842 | Q7: CHC | R7: NL | T7: =IFERROR(__xludf.DUMMYFUNCTION("""COMPUTED_VALUE"""),"Nathan Eovaldi") -> Nathan Eovaldi | U7: =IFERROR(__xludf.DUMMYFUNCTION("""COMPUTED_VALUE"""),22.944523322296547) -> 22.944523 | W7: =IFERROR(__xludf.DUMMYFUNCTION("""COMPUTED_VALUE"""),"Zack Wheeler") -> Zack Wheeler | X7: =IFERROR(__xludf.DUMMYFUNCTION("""COMPUTED_VALUE"""),25.066626136302208) -> 25.066626
A8: Janson Junk | B8: MIA | C8: 110 | D8: 4.1727275 | E8: 4.436317 | F8: 676083 | G8: =int(C8)+(C8-int(C8))*10/3 -> 110 | H8: =IFERROR(__xludf.DUMMYFUNCTION("if(B8=""- - -"",""Trade"",filter(R:R,Q:Q=B8))"),"NL") -> NL | I8: {=index('PLV (min 500)'!F:F,match(F8,'PLV (min 500)'!B:B,0))} -> 2.1874231 | J8: 3.5988225 | K8: 5.6366135 | L8: 22.887051 | Q8: SEA | R8: AL | T8: =IFERROR(__xludf.DUMMYFUNCTION("""COMPUTED_VALUE"""),"Max Fried") -> Max Fried | U8: =IFERROR(__xludf.DUMMYFUNCTION("""COMPUTED_VALUE"""),22.393979989078076) -> 22.39398 | W8: =IFERROR(__xludf.DUMMYFUNCTION("""COMPUTED_VALUE"""),"Logan Webb") -> Logan Webb | X8: =IFERROR(__xludf.DUMMYFUNCTION("""COMPUTED_VALUE"""),22.4462049195448) -> 22.446205
A9: Steven Okert | B9: HOU | C9: 71.2 | D9: 3.0139542 | E9: 2.6324468 | F9: 595345 | G9: =int(C9)+(C9-int(C9))*10/3 -> 71.666667 | H9: =IFERROR(__xludf.DUMMYFUNCTION("if(B9=""- - -"",""Trade"",filter(R:R,Q:Q=B9))"),"AL") -> AL | I9: {=index('PLV (min 500)'!F:F,match(F9,'PLV (min 500)'!B:B,0))} -> 2.1921442 | J9: 2.6128484 | K9: 11.448577 | L9: 14.776815 | Q9: TOR | R9: AL
A10: Aroldis Chapman | B10: BOS | C10: 61.1 | D10: 1.1739131 | E10: 2.0602816 | F10: 547973 | G10: =int(C10)+(C10-int(C10))*10/3 -> 61.333333 | H10: =IFERROR(__xludf.DUMMYFUNCTION("if(B10=""- - -"",""Trade"",filter(R:R,Q:Q=B10))"),"AL") -> AL | I10: {=index('PLV (min 500)'!F:F,match(F10,'PLV (min 500)'!B:B,0))} -> 2.202632 | J10: 1.8122756 | K10: 15.259551 | L10: 12.609465 | Q10: HOU | R10: AL | T10: AL CY Leaders (PLA-Only) | W10: NL CY Leaders (PLA-Only)
A11: Cristopher Sánchez | B11: PHI | C11: 202 | D11: 2.4950495 | E11: 3.0239149 | F11: 650911 | G11: =int(C11)+(C11-int(C11))*10/3 -> 202 | H11: =IFERROR(__xludf.DUMMYFUNCTION("if(B11=""- - -"",""Trade"",filter(R:R,Q:Q=B11))"),"NL") -> NL | I11: {=index('PLV (min 500)'!F:F,match(F11,'PLV (min 500)'!B:B,0))} -> 2.2058974 | J11: 2.5749539 | K11: 33.331034 | L11: 41.614303 | Q11: ATL | R11: NL | T11: Name | U11: Runs Saved | W11: Name | X11: Runs Saved
A12: Louis Varland | B12: - - - | C12: 72.2 | D12: 2.9724775 | E12: 3.9992833 | F12: 686973 | G12: =int(C12)+(C12-int(C12))*10/3 -> 72.666667 | H12: =IFERROR(__xludf.DUMMYFUNCTION("if(B12=""- - -"",""Trade"",filter(R:R,Q:Q=B12))"),"Trade") -> Trade | I12: {=index('PLV (min 500)'!F:F,match(F12,'PLV (min 500)'!B:B,0))} -> 2.2121899 | J12: 3.0613169 | K12: 8.0116579 | L12: 14.823543 | Q12: PHI | R12: NL | T12: =IFERROR(__xludf.DUMMYFUNCTION("sortn(filter({A:A,L:L},H:H=""AL"",not(ISNA(L:L))),5,,2,0)"),"Tarik Skubal") -> Tarik Skubal | U12: =IFERROR(__xludf.DUMMYFUNCTION("""COMPUTED_VALUE"""),34.16875430871739) -> 34.168754 | W12: =IFERROR(__xludf.DUMMYFUNCTION("sortn(filter({A:A,L:L},H:H=""NL"",not(ISNA(L:L))),5,,2,0)"),"Cristopher Sánchez") -> Cristopher Sánchez | X12: =IFERROR(__xludf.DUMMYFUNCTION("""COMPUTED_VALUE"""),41.61430344640524) -> 41.614303
A13: Andrew Kittredge | B13: - - - | C13: 53 | D13: 3.3962268 | E13: 2.7779116 | F13: 552640 | G13: =int(C13)+(C13-int(C13))*10/3 -> 53 | H13: =IFERROR(__xludf.DUMMYFUNCTION("if(B13=""- - -"",""Trade"",filter(R:R,Q:Q=B13))"),"Trade") -> Trade | I13: {=index('PLV (min 500)'!F:F,match(F13,'PLV (min 500)'!B:B,0))} -> 2.2675138 | J13: 2.8138841 | K13: 7.3382382 | L13: 10.555752 | Q13: SFG | R13: NL | T13: =IFERROR(__xludf.DUMMYFUNCTION("""COMPUTED_VALUE"""),"Garrett Crochet") -> Garrett Crochet | U13: =IFERROR(__xludf.DUMMYFUNCTION("""COMPUTED_VALUE"""),32.909136854941636) -> 32.909137 | W13: =IFERROR(__xludf.DUMMYFUNCTION("""COMPUTED_VALUE"""),"Logan Webb") -> Logan Webb | X13: =IFERROR(__xludf.DUMMYFUNCTION("""COMPUTED_VALUE"""),36.99172800163443) -> 36.991728
A14: Adrian Morejon | B14: SDP | C14: 73.2 | D14: 2.0769236 | E14: 2.6323855 | F14: 670970 | G14: =int(C14)+(C14-int(C14))*10/3 -> 73.666667 | H14: =IFERROR(__xludf.DUMMYFUNCTION("if(B14=""- - -"",""Trade"",filter(R:R,Q:Q=B14))"),"NL") -> NL | I14: {=index('PLV (min 500)'!F:F,match(F14,'PLV (min 500)'!B:B,0))} -> 2.2851079 | J14: 2.3314723 | K14: 14.058692 | L14: 14.435789 | Q14: LAA | R14: AL | T14: =IFERROR(__xludf.DUMMYFUNCTION("""COMPUTED_VALUE"""),"Jacob deGrom") -> Jacob deGrom | U14: =IFERROR(__xludf.DUMMYFUNCTION("""COMPUTED_VALUE"""),32.83847469532234) -> 32.838475 | W14: =IFERROR(__xludf.DUMMYFUNCTION("""COMPUTED_VALUE"""),"Paul Skenes") -> Paul Skenes | X14: =IFERROR(__xludf.DUMMYFUNCTION("""COMPUTED_VALUE"""),31.88381208052784) -> 31.883812
A15: Max Kranick | B15: NYM | C15: 37 | D15: 3.6486494 | E15: 4.534288 | F15: 668820 | G15: =int(C15)+(C15-int(C15))*10/3 -> 37 | H15: =IFERROR(__xludf.DUMMYFUNCTION("if(B15=""- - -"",""Trade"",filter(R:R,Q:Q=B15))"),"NL") -> NL | I15: {=index('PLV (min 500)'!F:F,match(F15,'PLV (min 500)'!B:B,0))} -> 2.3236142 | J15: 3.5021839 | K15: 2.2932442 | L15: 7.1384751 | Q15: ATH | R15: AL | T15: =IFERROR(__xludf.DUMMYFUNCTION("""COMPUTED_VALUE"""),"Bryan Woo") -> Bryan Woo | U15: =IFERROR(__xludf.DUMMYFUNCTION("""COMPUTED_VALUE"""),31.433001956517064) -> 31.433002 | W15: =IFERROR(__xludf.DUMMYFUNCTION("""COMPUTED_VALUE"""),"Yoshinobu Yamamoto") -> Yoshinobu Yamamoto | X15: =IFERROR(__xludf.DUMMYFUNCTION("""COMPUTED_VALUE"""),30.104188827183748) -> 30.104189
A16: Gabe Speier | B16: SEA | C16: 62 | D16: 2.612904 | E16: 2.4875135 | F16: 642100 | G16: =int(C16)+(C16-int(C16))*10/3 -> 62 | H16: =IFERROR(__xludf.DUMMYFUNCTION("if(B16=""- - -"",""Trade"",filter(R:R,Q:Q=B16))"),"AL") -> AL | I16: {=index('PLV (min 500)'!F:F,match(F16,'PLV (min 500)'!B:B,0))} -> 2.3431374 | J16: 2.481185 | K16: 10.876281 | L16: 11.827276 | Q16: TBR | R16: AL | T16: =IFERROR(__xludf.DUMMYFUNCTION("""COMPUTED_VALUE"""),"Framber Valdez") -> Framber Valdez | U16: =IFERROR(__xludf.DUMMYFUNCTION("""COMPUTED_VALUE"""),29.86511333569784) -> 29.865113 | W16: =IFERROR(__xludf.DUMMYFUNCTION("""COMPUTED_VALUE"""),"Sonny Gray") -> Sonny Gray | X16: =IFERROR(__xludf.DUMMYFUNCTION("""COMPUTED_VALUE"""),29.75378191844148) -> 29.753782
A17: Tyler Mahle | B17: TEX | C17: 86.2 | D17: 2.1807693 | E17: 4.2263154 | F17: 641816 | G17: =int(C17)+(C17-int(C17))*10/3 -> 86.666667 | H17: =IFERROR(__xludf.DUMMYFUNCTION("if(B17=""- - -"",""Trade"",filter(R:R,Q:Q=B17))"),"AL") -> AL | I17: {=index('PLV (min 500)'!F:F,match(F17,'PLV (min 500)'!B:B,0))} -> 2.3431385 | J17: 2.9167411 | K17: 10.94988 | L17: 16.443718 | Q17: LAD | R17: NL
A18: Jacob deGrom | B18: TEX | C18: 172.2 | D18: 2.9710426 | E18: 3.3567821 | F18: 594798 | G18: =int(C18)+(C18-int(C18))*10/3 -> 172.66667 | H18: =IFERROR(__xludf.DUMMYFUNCTION("if(B18=""- - -"",""Trade"",filter(R:R,Q:Q=B18))"),"AL") -> AL | I18: {=index('PLV (min 500)'!F:F,match(F18,'PLV (min 500)'!B:B,0))} -> 2.3437034 | J18: 2.8905094 | K18: 22.376254 | L18: 32.838475 | Q18: NYY | R18: AL
A19: Josh Hader | B19: HOU | C19: 52.2 | D19: 2.050633 | E19: 1.9958071 | F19: 623352 | G19: =int(C19)+(C19-int(C19))*10/3 -> 52.666667 | H19: =IFERROR(__xludf.DUMMYFUNCTION("if(B19=""- - -"",""Trade"",filter(R:R,Q:Q=B19))"),"AL") -> AL | I19: {=index('PLV (min 500)'!F:F,match(F19,'PLV (min 500)'!B:B,0))} -> 2.3685456 | J19: 2.1383286 | K19: 11.145694 | L19: 9.8104355 | Q19: PIT | R19: NL
A20: Tyler Phillips | B20: MIA | C20: 77.2 | D20: 2.7811162 | E20: 3.6445599 | F20: 663969 | G20: =int(C20)+(C20-int(C20))*10/3 -> 77.666667 | H20: =IFERROR(__xludf.DUMMYFUNCTION("if(B20=""- - -"",""Trade"",filter(R:R,Q:Q=B20))"),"NL") -> NL | I20: {=index('PLV (min 500)'!F:F,match(F20,'PLV (min 500)'!B:B,0))} -> 2.3758108 | J20: 2.933829 | K20: 9.660045 | L20: 14.446601 | Q20: DET | R20: AL
A21: Brandon Walter | B21: HOU | C21: 53.2 | D21: 3.3540374 | E21: 3.2531604 | F21: 687888 | G21: =int(C21)+(C21-int(C21))*10/3 -> 53.666667 | H21: =IFERROR(__xludf.DUMMYFUNCTION("if(B21=""- - -"",""Trade"",filter(R:R,Q:Q=B21))"),"AL") -> AL | I21: {=index('PLV (min 500)'!F:F,match(F21,'PLV (min 500)'!B:B,0))} -> 2.4029452 | J21: 3.003381 | K21: 6.2457924 | L21: 9.7950353 | Q21: ARI | R21: NL
A22: Spencer Schwellenbach | B22: ATL | C22: 110.2 | D22: 3.0903615 | E22: 3.5590851 | F22: 680885 | G22: =int(C22)+(C22-int(C22))*10/3 -> 110.66667 | H22: =IFERROR(__xludf.DUMMYFUNCTION("if(B22=""- - -"",""Trade"",filter(R:R,Q:Q=B22))"),"NL") -> NL | I22: {=index('PLV (min 500)'!F:F,match(F22,'PLV (min 500)'!B:B,0))} -> 2.4034586 | J22: 3.0176351 | K22: 12.763179 | L22: 20.283429 | Q22: CIN | R22: NL
A23: Shota Imanaga | B23: CHC | C23: 144.2 | D23: 3.7327192 | E23: 4.0625737 | F23: 684007 | G23: =int(C23)+(C23-int(C23))*10/3 -> 144.66667 | H23: =IFERROR(__xludf.DUMMYFUNCTION("if(B23=""- - -"",""Trade"",filter(R:R,Q:Q=B23))"),"NL") -> NL | I23: {=index('PLV (min 500)'!F:F,match(F23,'PLV (min 500)'!B:B,0))} -> 2.4042784 | J23: 3.3998571 | K23: 10.576957 | L23: 26.52834 | Q23: BAL | R23: AL
A24: Tim Hill | B24: NYY | C24: 67 | D24: 3.0895529 | E24: 3.3920004 | F24: 657612 | G24: =int(C24)+(C24-int(C24))*10/3 -> 67 | H24: =IFERROR(__xludf.DUMMYFUNCTION("if(B24=""- - -"",""Trade"",filter(R:R,Q:Q=B24))"),"AL") -> AL | I24: {=index('PLV (min 500)'!F:F,match(F24,'PLV (min 500)'!B:B,0))} -> 2.4095871 | J24: 2.9637135 | K24: 8.1612441 | L24: 12.286407 | Q24: CLE | R24: AL
A25: Caleb Thielbar | B25: CHC | C25: 58 | D25: 2.6379317 | E25: 2.4802919 | F25: 573204 | G25: =int(C25)+(C25-int(C25))*10/3 -> 58 | H25: =IFERROR(__xludf.DUMMYFUNCTION("if(B25=""- - -"",""Trade"",filter(R:R,Q:Q=B25))"),"NL") -> NL | I25: {=index('PLV (min 500)'!F:F,match(F25,'PLV (min 500)'!B:B,0))} -> 2.4237968 | J25: 2.5140068 | K25: 9.9630671 | L25: 10.54442 | Q25: STL | R25: NL
A26: Hunter Greene | B26: CIN | C26: 107.2 | D26: 2.758514 | E26: 3.0333519 | F26: 668881 | G26: =int(C26)+(C26-int(C26))*10/3 -> 107.66667 | H26: =IFERROR(__xludf.DUMMYFUNCTION("if(B26=""- - -"",""Trade"",filter(R:R,Q:Q=B26))"),"NL") -> NL | I26: {=index('PLV (min 500)'!F:F,match(F26,'PLV (min 500)'!B:B,0))} -> 2.431789 | J26: 2.7412183 | K26: 15.708155 | L26: 19.393802 | Q26: NYM | R26: NL
A27: Chris Martin | B27: TEX | C27: 42.1 | D27: 2.9763786 | E27: 3.7744814 | F27: 455119 | G27: =int(C27)+(C27-int(C27))*10/3 -> 42.333333 | H27: =IFERROR(__xludf.DUMMYFUNCTION("if(B27=""- - -"",""Trade"",filter(R:R,Q:Q=B27))"),"AL") -> AL | I27: {=index('PLV (min 500)'!F:F,match(F27,'PLV (min 500)'!B:B,0))} -> 2.4394058 | J27: 3.0634219 | K27: 4.6617708 | L27: 7.5807796 | Q27: COL | R27: NL
A28: Bryan King | B28: HOU | C28: 68 | D28: 2.7794124 | E28: 3.0591769 | F28: 687911 | G28: =int(C28)+(C28-int(C28))*10/3 -> 68 | H28: =IFERROR(__xludf.DUMMYFUNCTION("if(B28=""- - -"",""Trade"",filter(R:R,Q:Q=B28))"),"AL") -> AL | I28: {=index('PLV (min 500)'!F:F,match(F28,'PLV (min 500)'!B:B,0))} -> 2.4429499 | J28: 2.7605131 | K28: 9.8183455 | L28: 12.217712 | Q28: TEX | R28: AL
A29: Logan Webb | B29: SFG | C29: 207 | D29: 3.2173913 | E29: 3.5831788 | F29: 657277 | G29: =int(C29)+(C29-int(C29))*10/3 -> 207 | H29: =IFERROR(__xludf.DUMMYFUNCTION("if(B29=""- - -"",""Trade"",filter(R:R,Q:Q=B29))"),"NL") -> NL | I29: {=index('PLV (min 500)'!F:F,match(F29,'PLV (min 500)'!B:B,0))} -> 2.451664 | J29: 3.084078 | K29: 22.446205 | L29: 36.991728 | Q29: CHW | R29: AL
A30: Zack Wheeler | B30: PHI | C30: 149.2 | D30: 2.7060135 | E30: 2.4815738 | F30: 554430 | G30: =int(C30)+(C30-int(C30))*10/3 -> 149.66667 | H30: =IFERROR(__xludf.DUMMYFUNCTION("if(B30=""- - -"",""Trade"",filter(R:R,Q:Q=B30))"),"NL") -> NL | I30: {=index('PLV (min 500)'!F:F,match(F30,'PLV (min 500)'!B:B,0))} -> 2.4562269 | J30: 2.5479381 | K30: 25.066626 | L30: 26.586994 | Q30: WSN | R30: NL
A31: Robert Suarez | B31: SDP | C31: 69.2 | D31: 2.971292 | E31: 3.6462501 | F31: 663158 | G31: =int(C31)+(C31-int(C31))*10/3 -> 69.666667 | H31: =IFERROR(__xludf.DUMMYFUNCTION("if(B31=""- - -"",""Trade"",filter(R:R,Q:Q=B31))"),"NL") -> NL | I31: {=index('PLV (min 500)'!F:F,match(F31,'PLV (min 500)'!B:B,0))} -> 2.4752977 | J31: 3.0309466 | K31: 7.9122773 | L31: 12.1846 | Q31: MIA | R31: NL
A32: Tyler Holton | B32: DET | C32: 78.2 | D32: 3.6610176 | E32: 3.7857884 | F32: 663947 | G32: =int(C32)+(C32-int(C32))*10/3 -> 78.666667 | H32: =IFERROR(__xludf.DUMMYFUNCTION("if(B32=""- - -"",""Trade"",filter(R:R,Q:Q=B32))"),"AL") -> AL | I32: {=index('PLV (min 500)'!F:F,match(F32,'PLV (min 500)'!B:B,0))} -> 2.4756014 | J32: 3.3074691 | K32: 6.538657 | L32: 13.766663
A33: Steven Matz | B33: - - - | C33: 76.2 | D33: 3.0521745 | E33: 3.3764229 | F33: 571927 | G33: =int(C33)+(C33-int(C33))*10/3 -> 76.666667 | H33: =IFERROR(__xludf.DUMMYFUNCTION("if(B33=""- - -"",""Trade"",filter(R:R,Q:Q=B33))"),"Trade") -> Trade | I33: {=index('PLV (min 500)'!F:F,match(F33,'PLV (min 500)'!B:B,0))} -> 2.4801599 | J33: 2.9695858 | K33: 9.2321737 | L33: 13.37598
A34: Tarik Skubal | B34: DET | C34: 195.1 | D34: 2.2116042 | E34: 2.7103468 | F34: 669373 | G34: =int(C34)+(C34-int(C34))*10/3 -> 195.33333 | H34: =IFERROR(__xludf.DUMMYFUNCTION("if(B34=""- - -"",""Trade"",filter(R:R,Q:Q=B34))"),"AL") -> AL | I34: {=index('PLV (min 500)'!F:F,match(F34,'PLV (min 500)'!B:B,0))} -> 2.4837889 | J34: 2.46858 | K34: 34.49845 | L34: 34.168754
A35: Yoshinobu Yamamoto | B35: LAD | C35: 173.2 | D35: 2.4875241 | E35: 2.7235829 | F35: 808967 | G35: =int(C35)+(C35-int(C35))*10/3 -> 173.66667 | H35: =IFERROR(__xludf.DUMMYFUNCTION("if(B35=""- - -"",""Trade"",filter(R:R,Q:Q=B35))"),"NL") -> NL | I35: {=index('PLV (min 500)'!F:F,match(F35,'PLV (min 500)'!B:B,0))} -> 2.4956946 | J35: 2.5689339 | K35: 28.69474 | L35: 30.104189
A36: Jose A. Ferrer | B36: WSN | C36: 76.1 | D36: 4.4803501 | E36: 3.5606082 | F36: 678606 | G36: =int(C36)+(C36-int(C36))*10/3 -> 76.333333 | H36: =IFERROR(__xludf.DUMMYFUNCTION("if(B36=""- - -"",""Trade"",filter(R:R,Q:Q=B36))"),"NL") -> NL | I36: {=index('PLV (min 500)'!F:F,match(F36,'PLV (min 500)'!B:B,0))} -> 2.5010553 | J36: 3.5140045 | K36: 4.616695 | L36: 13.181744
A37: Jacob Webb | B37: TEX | C37: 66 | D37: 3.0000003 | E37: 3.2290655 | F37: 657097 | G37: =int(C37)+(C37-int(C37))*10/3 -> 66 | H37: =IFERROR(__xludf.DUMMYFUNCTION("if(B37=""- - -"",""Trade"",filter(R:R,Q:Q=B37))"),"AL") -> AL | I37: {=index('PLV (min 500)'!F:F,match(F37,'PLV (min 500)'!B:B,0))} -> 2.5216032 | J37: 2.9168897 | K37: 8.382809 | L37: 11.281576
A38: Paul Skenes | B38: PIT | C38: 187.2 | D38: 1.9662523 | E38: 2.6524271 | F38: 694973 | G38: =int(C38)+(C38-int(C38))*10/3 -> 187.66667 | H38: =IFERROR(__xludf.DUMMYFUNCTION("if(B38=""- - -"",""Trade"",filter(R:R,Q:Q=B38))"),"NL") -> NL | I38: {=index('PLV (min 500)'!F:F,match(F38,'PLV (min 500)'!B:B,0))} -> 2.5271244 | J38: 2.3819346 | K38: 34.90376 | L38: 31.883812
A39: Anthony Bender | B39: MIA | C39: 50 | D39: 2.1600003 | E39: 3.5544879 | F39: 669622 | G39: =int(C39)+(C39-int(C39))*10/3 -> 50 | H39: =IFERROR(__xludf.DUMMYFUNCTION("if(B39=""- - -"",""Trade"",filter(R:R,Q:Q=B39))"),"NL") -> NL | I39: {=index('PLV (min 500)'!F:F,match(F39,'PLV (min 500)'!B:B,0))} -> 2.528743 | J39: 2.7477437 | K39: 7.2903126 | L39: 8.5069836
A40: Bryan Woo | B40: SEA | C40: 186.2 | D40: 2.9410716 | E40: 3.070022 | F40: 693433 | G40: =int(C40)+(C40-int(C40))*10/3 -> 186.66667 | H40: =IFERROR(__xludf.DUMMYFUNCTION("if(B40=""- - -"",""Trade"",filter(R:R,Q:Q=B40))"),"AL") -> AL | I40: {=index('PLV (min 500)'!F:F,match(F40,'PLV (min 500)'!B:B,0))} -> 2.540682 | J40: 2.8505918 | K40: 25.021311 | L40: 31.433002
A41: Dylan Lee | B41: ATL | C41: 68.1 | D41: 3.2926835 | E41: 2.9348937 | F41: 669276 | G41: =int(C41)+(C41-int(C41))*10/3 -> 68.333333 | H41: =IFERROR(__xludf.DUMMYFUNCTION("if(B41=""- - -"",""Trade"",filter(R:R,Q:Q=B41))"),"NL") -> NL | I41: {=index('PLV (min 500)'!F:F,match(F41,'PLV (min 500)'!B:B,0))} -> 2.5485835 | J41: 2.9253869 | K41: 8.5852392 | L41: 11.436385
A42: Alex Vesia | B42: LAD | C42: 59.2 | D42: 3.0167605 | E42: 3.065325 | F42: 681911 | G42: =int(C42)+(C42-int(C42))*10/3 -> 59.666667 | H42: =IFERROR(__xludf.DUMMYFUNCTION("if(B42=""- - -"",""Trade"",filter(R:R,Q:Q=B42))"),"NL") -> NL | I42: {=index('PLV (min 500)'!F:F,match(F42,'PLV (min 500)'!B:B,0))} -> 2.5500874 | J42: 2.8773909 | K42: 7.7789395 | L42: 9.9318695
A43: Ryne Nelson | B43: ARI | C43: 154 | D43: 3.3896104 | E43: 3.926756 | F43: 669194 | G43: =int(C43)+(C43-int(C43))*10/3 -> 154 | H43: =IFERROR(__xludf.DUMMYFUNCTION("if(B43=""- - -"",""Trade"",filter(R:R,Q:Q=B43))"),"NL") -> NL | I43: {=index('PLV (min 500)'!F:F,match(F43,'PLV (min 500)'!B:B,0))} -> 2.5709775 | J43: 3.2957813 | K43: 13.076631 | L43: 25.478829
A44: Jeremiah Estrada | B44: SDP | C44: 73 | D44: 3.4520555 | E44: 2.752575 | F44: 669093 | G44: =int(C44)+(C44-int(C44))*10/3 -> 73 | H44: =IFERROR(__xludf.DUMMYFUNCTION("if(B44=""- - -"",""Trade"",filter(R:R,Q:Q=B44))"),"NL") -> NL | I44: {=index('PLV (min 500)'!F:F,match(F44,'PLV (min 500)'!B:B,0))} -> 2.5737225 | J44: 2.9261177 | K44: 9.1970456 | L44: 12.055362
A45: Sonny Gray | B45: STL | C45: 180.2 | D45: 4.2841331 | E45: 3.8669103 | F45: 543243 | G45: =int(C45)+(C45-int(C45))*10/3 -> 180.66667 | H45: =IFERROR(__xludf.DUMMYFUNCTION("if(B45=""- - -"",""Trade"",filter(R:R,Q:Q=B45))"),"NL") -> NL | I45: {=index('PLV (min 500)'!F:F,match(F45,'PLV (min 500)'!B:B,0))} -> 2.5739621 | J45: 3.5750018 | K45: 9.7107411 | L45: 29.753782
A46: Kyle Harrison | B46: - - - | C46: 35.2 | D46: 4.0373834 | E46: 4.1559078 | F46: 690986 | G46: =int(C46)+(C46-int(C46))*10/3 -> 35.666667 | H46: =IFERROR(__xludf.DUMMYFUNCTION("if(B46=""- - -"",""Trade"",filter(R:R,Q:Q=B46))"),"Trade") -> Trade | I46: {=index('PLV (min 500)'!F:F,match(F46,'PLV (min 500)'!B:B,0))} -> 2.5820885 | J46: 3.5917932 | K46: 1.8312088 | L46: 5.7802762
A47: Drew Rasmussen | B47: TBR | C47: 150 | D47: 2.76 | E47: 3.4764133 | F47: 656876 | G47: =int(C47)+(C47-int(C47))*10/3 -> 150 | H47: =IFERROR(__xludf.DUMMYFUNCTION("if(B47=""- - -"",""Trade"",filter(R:R,Q:Q=B47))"),"AL") -> AL | I47: {=index('PLV (min 500)'!F:F,match(F47,'PLV (min 500)'!B:B,0))} -> 2.5872772 | J47: 2.9412302 | K47: 18.646164 | L47: 24.54538
A48: Aaron Nola | B48: PHI | C48: 94.1 | D48: 6.010601 | E48: 4.1181975 | F48: 605400 | G48: =int(C48)+(C48-int(C48))*10/3 -> 94.333333 | H48: =IFERROR(__xludf.DUMMYFUNCTION("if(B48=""- - -"",""Trade"",filter(R:R,Q:Q=B48))"),"NL") -> NL | I48: {=index('PLV (min 500)'!F:F,match(F48,'PLV (min 500)'!B:B,0))} -> 2.594749 | J48: 4.2411825 | K48: -1.894364 | L48: 15.320013
A49: Jameson Taillon | B49: CHC | C49: 129.2 | D49: 3.6786635 | E49: 3.840334 | F49: 592791 | G49: =int(C49)+(C49-int(C49))*10/3 -> 129.66667 | H49: =IFERROR(__xludf.DUMMYFUNCTION("if(B49=""- - -"",""Trade"",filter(R:R,Q:Q=B49))"),"NL") -> NL | I49: {=index('PLV (min 500)'!F:F,match(F49,'PLV (min 500)'!B:B,0))} -> 2.6083174 | J49: 3.3757716 | K49: 9.8224785 | L49: 20.839711
A50: Garrett Crochet | B50: BOS | C50: 205.1 | D50: 2.586039 | E50: 2.8801261 | F50: 676979 | G50: =int(C50)+(C50-int(C50))*10/3 -> 205.33333 | H50: =IFERROR(__xludf.DUMMYFUNCTION("if(B50=""- - -"",""Trade"",filter(R:R,Q:Q=B50))"),"AL") -> AL | I50: {=index('PLV (min 500)'!F:F,match(F50,'PLV (min 500)'!B:B,0))} -> 2.6159131 | J50: 2.6940261 | K50: 31.129028 | L50: 32.909137
A51: Carlos Vargas | B51: SEA | C51: 77 | D51: 3.9740268 | E51: 3.6070662 | F51: 672841 | G51: =int(C51)+(C51-int(C51))*10/3 -> 77 | H51: =IFERROR(__xludf.DUMMYFUNCTION("if(B51=""- - -"",""Trade"",filter(R:R,Q:Q=B51))"),"AL") -> AL | I51: {=index('PLV (min 500)'!F:F,match(F51,'PLV (min 500)'!B:B,0))} -> 2.6168277 | J51: 3.3993069 | K51: 5.6525967 | L51: 12.347141
A52: Bennett Sousa | B52: HOU | C52: 50.2 | D52: 2.8421056 | E52: 2.8804535 | F52: 656986 | G52: =int(C52)+(C52-int(C52))*10/3 -> 50.666667 | H52: =IFERROR(__xludf.DUMMYFUNCTION("if(B52=""- - -"",""Trade"",filter(R:R,Q:Q=B52))"),"AL") -> AL | I52: {=index('PLV (min 500)'!F:F,match(F52,'PLV (min 500)'!B:B,0))} -> 2.6250231 | J52: 2.7825274 | K52: 7.1254582 | L52: 8.0039821
A53: Shelby Miller | B53: - - - | C53: 46 | D53: 2.7391306 | E53: 3.5031916 | F53: 571946 | G53: =int(C53)+(C53-int(C53))*10/3 -> 46 | H53: =IFERROR(__xludf.DUMMYFUNCTION("if(B53=""- - -"",""Trade"",filter(R:R,Q:Q=B53))"),"Trade") -> Trade | I53: {=index('PLV (min 500)'!F:F,match(F53,'PLV (min 500)'!B:B,0))} -> 2.6332476 | J53: 2.9585233 | K53: 5.6297699 | L53: 7.2922901
A54: Ben Casparius | B54: LAD | C54: 77.2 | D54: 4.6351936 | E54: 3.7185314 | F54: 676508 | G54: =int(C54)+(C54-int(C54))*10/3 -> 77.666667 | H54: =IFERROR(__xludf.DUMMYFUNCTION("if(B54=""- - -"",""Trade"",filter(R:R,Q:Q=B54))"),"NL") -> NL | I54: {=index('PLV (min 500)'!F:F,match(F54,'PLV (min 500)'!B:B,0))} -> 2.6341368 | J54: 3.6626206 | K54: 3.4086322 | L54: 12.230738
A55: Ranger Suárez | B55: PHI | C55: 157.1 | D55: 3.2033899 | E55: 3.1526434 | F55: 624133 | G55: =int(C55)+(C55-int(C55))*10/3 -> 157.33333 | H55: =IFERROR(__xludf.DUMMYFUNCTION("if(B55=""- - -"",""Trade"",filter(R:R,Q:Q=B55))"),"NL") -> NL | I55: {=index('PLV (min 500)'!F:F,match(F55,'PLV (min 500)'!B:B,0))} -> 2.6347065 | J55: 2.9969133 | K55: 18.556769 | L55: 24.87929
A56: Grant Taylor | B56: CHW | C56: 36.2 | D56: 4.9090913 | E56: 2.9086619 | F56: 691799 | G56: =int(C56)+(C56-int(C56))*10/3 -> 36.666667 | H56: =IFERROR(__xludf.DUMMYFUNCTION("if(B56=""- - -"",""Trade"",filter(R:R,Q:Q=B56))"),"AL") -> AL | I56: {=index('PLV (min 500)'!F:F,match(F56,'PLV (min 500)'!B:B,0))} -> 2.6364383 | J56: 3.4847305 | K56: 2.3138618 | L56: 5.7258814
A57: Caleb Ferguson | B57: - - - | C57: 65.1 | D57: 3.5816337 | E57: 3.4687203 | F57: 657571 | G57: =int(C57)+(C57-int(C57))*10/3 -> 65.333333 | H57: =IFERROR(__xludf.DUMMYFUNCTION("if(B57=""- - -"",""Trade"",filter(R:R,Q:Q=B57))"),"Trade") -> Trade | I57: {=index('PLV (min 500)'!F:F,match(F57,'PLV (min 500)'!B:B,0))} -> 2.6386979 | J57: 3.229684 | K57: 6.0059527 | L57: 10.280752
A58: Trent Thornton | B58: SEA | C58: 42.1 | D58: 4.6771659 | E58: 4.8533476 | F58: 663423 | G58: =int(C58)+(C58-int(C58))*10/3 -> 42.333333 | H58: =IFERROR(__xludf.DUMMYFUNCTION("if(B58=""- - -"",""Trade"",filter(R:R,Q:Q=B58))"),"AL") -> AL | I58: {=index('PLV (min 500)'!F:F,match(F58,'PLV (min 500)'!B:B,0))} -> 2.6397881 | J58: 4.0567672 | K58: 0.015122281 | L58: 6.6434357
A59: Nick Pivetta | B59: SDP | C59: 181.2 | D59: 2.8733947 | E59: 3.9671302 | F59: 601713 | G59: =int(C59)+(C59-int(C59))*10/3 -> 181.66667 | H59: =IFERROR(__xludf.DUMMYFUNCTION("if(B59=""- - -"",""Trade"",filter(R:R,Q:Q=B59))"),"NL") -> NL | I59: {=index('PLV (min 500)'!F:F,match(F59,'PLV (min 500)'!B:B,0))} -> 2.6431843 | J59: 3.1612364 | K59: 18.095107 | L59: 28.525222
A60: Kevin Kelly | B60: TBR | C60: 39.2 | D60: 5.8991612 | E60: 6.3739205 | F60: 687330 | G60: =int(C60)+(C60-int(C60))*10/3 -> 39.666667 | H60: =IFERROR(__xludf.DUMMYFUNCTION("if(B60=""- - -"",""Trade"",filter(R:R,Q:Q=B60))"),"AL") -> AL | I60: {=index('PLV (min 500)'!F:F,match(F60,'PLV (min 500)'!B:B,0))} -> 2.6464427 | J60: 4.9731748 | K60: -3.9773834 | L60: 6.1568275
A61: Jacob Latz | B61: TEX | C61: 85.2 | D61: 2.8365762 | E61: 4.1143946 | F61: 656641 | G61: =int(C61)+(C61-int(C61))*10/3 -> 85.666667 | H61: =IFERROR(__xludf.DUMMYFUNCTION("if(B61=""- - -"",""Trade"",filter(R:R,Q:Q=B61))"),"AL") -> AL | I61: {=index('PLV (min 500)'!F:F,match(F61,'PLV (min 500)'!B:B,0))} -> 2.6499505 | J61: 3.2003071 | K61: 8.1384262 | L61: 13.348469
A62: Nick Mears | B62: MIL | C62: 56.2 | D62: 3.4941185 | E62: 4.4005405 | F62: 683232 | G62: =int(C62)+(C62-int(C62))*10/3 -> 56.666667 | H62: =IFERROR(__xludf.DUMMYFUNCTION("if(B62=""- - -"",""Trade"",filter(R:R,Q:Q=B62))"),"NL") -> NL | I62: {=index('PLV (min 500)'!F:F,match(F62,'PLV (min 500)'!B:B,0))} -> 2.6584435 | J62: 3.5177009 | K62: 3.3863569 | L62: 8.7519417
A63: Framber Valdez | B63: HOU | C63: 192 | D63: 3.65625 | E63: 3.7736891 | F63: 664285 | G63: =int(C63)+(C63-int(C63))*10/3 -> 192 | H63: =IFERROR(__xludf.DUMMYFUNCTION("if(B63=""- - -"",""Trade"",filter(R:R,Q:Q=B63))"),"AL") -> AL | I63: {=index('PLV (min 500)'!F:F,match(F63,'PLV (min 500)'!B:B,0))} -> 2.6600728 | J63: 3.3633373 | K63: 14.862137 | L63: 29.865113
A64: Devin Williams | B64: NYY | C64: 62 | D64: 4.7903229 | E64: 3.0530044 | F64: 642207 | G64: =int(C64)+(C64-int(C64))*10/3 -> 62 | H64: =IFERROR(__xludf.DUMMYFUNCTION("if(B64=""- - -"",""Trade"",filter(R:R,Q:Q=B64))"),"AL") -> AL | I64: {=index('PLV (min 500)'!F:F,match(F64,'PLV (min 500)'!B:B,0))} -> 2.6608426 | J64: 3.50139 | K64: 3.8482026 | L64: 9.6386399
A65: Nathan Eovaldi | B65: TEX | C65: 130 | D65: 1.7307692 | E65: 3.0195138 | F65: 543135 | G65: =int(C65)+(C65-int(C65))*10/3 -> 130 | H65: =IFERROR(__xludf.DUMMYFUNCTION("if(B65=""- - -"",""Trade"",filter(R:R,Q:Q=B65))"),"AL") -> AL | I65: {=index('PLV (min 500)'!F:F,match(F65,'PLV (min 500)'!B:B,0))} -> 2.664316 | J65: 2.471533 | K65: 22.944523 | L65: 20.15988
A66: Steven Wilson | B66: CHW | C66: 55.1 | D66: 3.4156634 | E66: 3.7708816 | F66: 621051 | G66: =int(C66)+(C66-int(C66))*10/3 -> 55.333333 | H66: =IFERROR(__xludf.DUMMYFUNCTION("if(B66=""- - -"",""Trade"",filter(R:R,Q:Q=B66))"),"AL") -> AL | I66: {=index('PLV (min 500)'!F:F,match(F66,'PLV (min 500)'!B:B,0))} -> 2.6664514 | J66: 3.2843321 | K66: 4.748811 | L66: 8.5316144
A67: Jakob Junis | B67: CLE | C67: 66.2 | D67: 2.9700005 | E67: 4.0386216 | F67: 596001 | G67: =int(C67)+(C67-int(C67))*10/3 -> 66.666667 | H67: =IFERROR(__xludf.DUMMYFUNCTION("if(B67=""- - -"",""Trade"",filter(R:R,Q:Q=B67))"),"AL") -> AL | I67: {=index('PLV (min 500)'!F:F,match(F67,'PLV (min 500)'!B:B,0))} -> 2.6795525 | J67: 3.2293915 | K67: 6.1095869 | L67: 10.153958
A68: Chase Burns | B68: CIN | C68: 43.1 | D68: 4.569231 | E68: 3.4643559 | F68: 695505 | G68: =int(C68)+(C68-int(C68))*10/3 -> 43.333333 | H68: =IFERROR(__xludf.DUMMYFUNCTION("if(B68=""- - -"",""Trade"",filter(R:R,Q:Q=B68))"),"NL") -> NL | I68: {=index('PLV (min 500)'!F:F,match(F68,'PLV (min 500)'!B:B,0))} -> 2.6810632 | J68: 3.57155 | K68: 2.3391326 | L68: 6.6035749
A69: Shane Bieber | B69: TOR | C69: 40.1 | D69: 3.570248 | E69: 4.4924256 | F69: 669456 | G69: =int(C69)+(C69-int(C69))*10/3 -> 40.333333 | H69: =IFERROR(__xludf.DUMMYFUNCTION("if(B69=""- - -"",""Trade"",filter(R:R,Q:Q=B69))"),"AL") -> AL | I69: {=index('PLV (min 500)'!F:F,match(F69,'PLV (min 500)'!B:B,0))} -> 2.6876849 | J69: 3.5834528 | K69: 2.1232824 | L69: 6.1144263
A70: Parker Messick | B70: CLE | C70: 39.2 | D70: 2.7226893 | E70: 3.0612095 | F70: 800048 | G70: =int(C70)+(C70-int(C70))*10/3 -> 39.666667 | H70: =IFERROR(__xludf.DUMMYFUNCTION("if(B70=""- - -"",""Trade"",filter(R:R,Q:Q=B70))"),"AL") -> AL | I70: {=index('PLV (min 500)'!F:F,match(F70,'PLV (min 500)'!B:B,0))} -> 2.6960925 | J70: 2.8266638 | K70: 5.3718646 | L70: 5.9405749
A71: Max Meyer | B71: MIA | C71: 64.2 | D71: 4.7319589 | E71: 4.7818546 | F71: 676974 | G71: =int(C71)+(C71-int(C71))*10/3 -> 64.666667 | H71: =IFERROR(__xludf.DUMMYFUNCTION("if(B71=""- - -"",""Trade"",filter(R:R,Q:Q=B71))"),"NL") -> NL | I71: {=index('PLV (min 500)'!F:F,match(F71,'PLV (min 500)'!B:B,0))} -> 2.7006801 | J71: 4.0714979 | K71: -0.082018433 | L71: 9.6964816
A72: Jhoan Duran | B72: - - - | C72: 70 | D72: 2.0571429 | E72: 2.5076996 | F72: 661395 | G72: =int(C72)+(C72-int(C72))*10/3 -> 70 | H72: =IFERROR(__xludf.DUMMYFUNCTION("if(B72=""- - -"",""Trade"",filter(R:R,Q:Q=B72))"),"Trade") -> Trade | I72: {=index('PLV (min 500)'!F:F,match(F72,'PLV (min 500)'!B:B,0))} -> 2.7072361 | J72: 2.4240262 | K72: 12.724241 | L72: 10.521497
A73: Ronny Henriquez | B73: MIA | C73: 73 | D73: 2.2191785 | E73: 2.9631386 | F73: 678692 | G73: =int(C73)+(C73-int(C73))*10/3 -> 73 | H73: =IFERROR(__xludf.DUMMYFUNCTION("if(B73=""- - -"",""Trade"",filter(R:R,Q:Q=B73))"),"NL") -> NL | I73: {=index('PLV (min 500)'!F:F,match(F73,'PLV (min 500)'!B:B,0))} -> 2.7158608 | J73: 2.632726 | K73: 11.576778 | L73: 10.902462
A74: Tristan Beck | B74: SFG | C74: 56.2 | D74: 4.6058826 | E74: 4.4426338 | F74: 663941 | G74: =int(C74)+(C74-int(C74))*10/3 -> 56.666667 | H74: =IFERROR(__xludf.DUMMYFUNCTION("if(B74=""- - -"",""Trade"",filter(R:R,Q:Q=B74))"),"NL") -> NL | I74: {=index('PLV (min 500)'!F:F,match(F74,'PLV (min 500)'!B:B,0))} -> 2.7164176 | J74: 3.9216447 | K74: 0.86395223 | L74: 8.3899257
A75: Casey Mize | B75: DET | C75: 149 | D75: 3.8657718 | E75: 3.6587048 | F75: 663554 | G75: =int(C75)+(C75-int(C75))*10/3 -> 149 | H75: =IFERROR(__xludf.DUMMYFUNCTION("if(B75=""- - -"",""Trade"",filter(R:R,Q:Q=B75))"),"AL") -> AL | I75: {=index('PLV (min 500)'!F:F,match(F75,'PLV (min 500)'!B:B,0))} -> 2.7166408 | J75: 3.4137058 | K75: 10.69976 | L75: 22.240058
A76: Pierson Ohl | B76: MIN | C76: 30 | D76: 5.1000002 | E76: 4.7800438 | F76: 701487 | G76: =int(C76)+(C76-int(C76))*10/3 -> 30 | H76: =IFERROR(__xludf.DUMMYFUNCTION("if(B76=""- - -"",""Trade"",filter(R:R,Q:Q=B76))"),"AL") -> AL | I76: {=index('PLV (min 500)'!F:F,match(F76,'PLV (min 500)'!B:B,0))} -> 2.7188046 | J76: 4.1996162 | K76: -0.46538728 | L76: 4.4706513
A77: Mitch Spence | B77: ATH | C77: 84.2 | D77: 5.1023628 | E77: 5.689346 | F77: 687765 | G77: =int(C77)+(C77-int(C77))*10/3 -> 84.666667 | H77: =IFERROR(__xludf.DUMMYFUNCTION("if(B77=""- - -"",""Trade"",filter(R:R,Q:Q=B77))"),"AL") -> AL | I77: {=index('PLV (min 500)'!F:F,match(F77,'PLV (min 500)'!B:B,0))} -> 2.7214331 | J77: 4.5043807 | K77: -4.1574279 | L77: 12.523037
A78: Emilio Pagán | B78: CIN | C78: 68.2 | D78: 2.8834953 | E78: 2.8843305 | F78: 641941 | G78: =int(C78)+(C78-int(C78))*10/3 -> 68.666667 | H78: =IFERROR(__xludf.DUMMYFUNCTION("if(B78=""- - -"",""Trade"",filter(R:R,Q:Q=B78))"),"NL") -> NL | I78: {=index('PLV (min 500)'!F:F,match(F78,'PLV (min 500)'!B:B,0))} -> 2.7238803 | J78: 2.8305687 | K78: 9.3163573 | L78: 10.124818
A79: Ryan Pepiot | B79: TBR | C79: 167.2 | D79: 3.8648114 | E79: 3.9987753 | F79: 686752 | G79: =int(C79)+(C79-int(C79))*10/3 -> 167.66667 | H79: =IFERROR(__xludf.DUMMYFUNCTION("if(B79=""- - -"",""Trade"",filter(R:R,Q:Q=B79))"),"AL") -> AL | I79: {=index('PLV (min 500)'!F:F,match(F79,'PLV (min 500)'!B:B,0))} -> 2.7258657 | J79: 3.5298174 | K79: 9.8496137 | L79: 24.785251
A80: Jesús Luzardo | B80: PHI | C80: 183.2 | D80: 3.9201454 | E80: 3.3274026 | F80: 666200 | G80: =int(C80)+(C80-int(C80))*10/3 -> 183.66667 | H80: =IFERROR(__xludf.DUMMYFUNCTION("if(B80=""- - -"",""Trade"",filter(R:R,Q:Q=B80))"),"NL") -> NL | I80: {=index('PLV (min 500)'!F:F,match(F80,'PLV (min 500)'!B:B,0))} -> 2.7285888 | J80: 3.325379 | K80: 14.953619 | L80: 27.101614
A81: Will Vest | B81: DET | C81: 68.2 | D81: 3.0145636 | E81: 2.8758783 | F81: 676684 | G81: =int(C81)+(C81-int(C81))*10/3 -> 68.666667 | H81: =IFERROR(__xludf.DUMMYFUNCTION("if(B81=""- - -"",""Trade"",filter(R:R,Q:Q=B81))"),"AL") -> AL | I81: {=index('PLV (min 500)'!F:F,match(F81,'PLV (min 500)'!B:B,0))} -> 2.7353269 | J81: 2.8752562 | K81: 8.9777249 | L81: 10.038079
A82: Emmanuel Clase | B82: CLE | C82: 47.1 | D82: 3.2323947 | E82: 3.1319668 | F82: 661403 | G82: =int(C82)+(C82-int(C82))*10/3 -> 47.333333 | H82: =IFERROR(__xludf.DUMMYFUNCTION("if(B82=""- - -"",""Trade"",filter(R:R,Q:Q=B82))"),"AL") -> AL | I82: {=index('PLV (min 500)'!F:F,match(F82,'PLV (min 500)'!B:B,0))} -> 2.7439442 | J82: 3.0361019 | K82: 5.3584001 | L82: 6.8873586
A83: Chris Paddack | B83: - - - | C83: 158 | D83: 5.3544304 | E83: 5.0149436 | F83: 663978 | G83: =int(C83)+(C83-int(C83))*10/3 -> 158 | H83: =IFERROR(__xludf.DUMMYFUNCTION("if(B83=""- - -"",""Trade"",filter(R:R,Q:Q=B83))"),"Trade") -> Trade | I83: {=index('PLV (min 500)'!F:F,match(F83,'PLV (min 500)'!B:B,0))} -> 2.7445675 | J83: 4.3713138 | K83: -5.4652876 | L83: 23.093149
A84: Zack Kelly | B84: BOS | C84: 35.1 | D84: 4.5849063 | E84: 3.4319549 | F84: 677161 | G84: =int(C84)+(C84-int(C84))*10/3 -> 35.333333 | H84: =IFERROR(__xludf.DUMMYFUNCTION("if(B84=""- - -"",""Trade"",filter(R:R,Q:Q=B84))"),"AL") -> AL | I84: {=index('PLV (min 500)'!F:F,match(F84,'PLV (min 500)'!B:B,0))} -> 2.7481652 | J84: 3.5883421 | K84: 1.8394657 | L84: 5.1161557
A85: Cade Smith | B85: CLE | C85: 73.2 | D85: 2.9321271 | E85: 2.5074309 | F85: 671922 | G85: =int(C85)+(C85-int(C85))*10/3 -> 73.666667 | H85: =IFERROR(__xludf.DUMMYFUNCTION("if(B85=""- - -"",""Trade"",filter(R:R,Q:Q=B85))"),"AL") -> AL | I85: {=index('PLV (min 500)'!F:F,match(F85,'PLV (min 500)'!B:B,0))} -> 2.7492243 | J85: 2.7295941 | K85: 10.820635 | L85: 10.660976
A86: Shohei Ohtani | B86: LAD | C86: 47 | D86: 2.8723404 | E86: 2.5335038 | F86: 660271 | G86: =int(C86)+(C86-int(C86))*10/3 -> 47 | H86: =IFERROR(__xludf.DUMMYFUNCTION("if(B86=""- - -"",""Trade"",filter(R:R,Q:Q=B86))"),"NL") -> NL | I86: {=index('PLV (min 500)'!F:F,match(F86,'PLV (min 500)'!B:B,0))} -> 2.7503958 | J86: 2.7187467 | K86: 7.0043229 | L86: 6.8390442
A87: Max Scherzer | B87: TOR | C87: 85 | D87: 5.1882353 | E87: 4.6180741 | F87: 453286 | G87: =int(C87)+(C87-int(C87))*10/3 -> 85 | H87: =IFERROR(__xludf.DUMMYFUNCTION("if(B87=""- - -"",""Trade"",filter(R:R,Q:Q=B87))"),"AL") -> AL | I87: {=index('PLV (min 500)'!F:F,match(F87,'PLV (min 500)'!B:B,0))} -> 2.7594069 | J87: 4.1885721 | K87: -1.2142921 | L87: 12.283379
A88: Tanner Banks | B88: PHI | C88: 67.1 | D88: 3.0742577 | E88: 3.7947726 | F88: 621383 | G88: =int(C88)+(C88-int(C88))*10/3 -> 67.333333 | H88: =IFERROR(__xludf.DUMMYFUNCTION("if(B88=""- - -"",""Trade"",filter(R:R,Q:Q=B88))"),"NL") -> NL | I88: {=index('PLV (min 500)'!F:F,match(F88,'PLV (min 500)'!B:B,0))} -> 2.7695099 | J88: 3.2128467 | K88: 6.3159983 | L88: 9.6213207
A89: Kyle Finnegan | B89: - - - | C89: 57 | D89: 3.4736847 | E89: 3.1512267 | F89: 640448 | G89: =int(C89)+(C89-int(C89))*10/3 -> 57 | H89: =IFERROR(__xludf.DUMMYFUNCTION("if(B89=""- - -"",""Trade"",filter(R:R,Q:Q=B89))"),"Trade") -> Trade | I89: {=index('PLV (min 500)'!F:F,match(F89,'PLV (min 500)'!B:B,0))} -> 2.7728204 | J89: 3.1325773 | K89: 5.8736774 | L89: 8.1521373
A90: Angel Zerpa | B90: KCR | C90: 64.2 | D90: 4.1752589 | E90: 4.0075005 | F90: 672582 | G90: =int(C90)+(C90-int(C90))*10/3 -> 64.666667 | H90: =IFERROR(__xludf.DUMMYFUNCTION("if(B90=""- - -"",""Trade"",filter(R:R,Q:Q=B90))"),"AL") -> AL | I90: {=index('PLV (min 500)'!F:F,match(F90,'PLV (min 500)'!B:B,0))} -> 2.7755962 | J90: 3.6527852 | K90: 2.9047989 | L90: 9.1620801
A91: Matt Festa | B91: CLE | C91: 54.2 | D91: 4.115855 | E91: 3.4607095 | F91: 670036 | G91: =int(C91)+(C91-int(C91))*10/3 -> 54.666667 | H91: =IFERROR(__xludf.DUMMYFUNCTION("if(B91=""- - -"",""Trade"",filter(R:R,Q:Q=B91))"),"AL") -> AL | I91: {=index('PLV (min 500)'!F:F,match(F91,'PLV (min 500)'!B:B,0))} -> 2.7887269 | J91: 3.4550971 | K91: 3.6428594 | L91: 7.6558889
A92: Mason Fluharty | B92: TOR | C92: 52.2 | D92: 4.4430395 | E92: 3.3004742 | F92: 689254 | G92: =int(C92)+(C92-int(C92))*10/3 -> 52.666667 | H92: =IFERROR(__xludf.DUMMYFUNCTION("if(B92=""- - -"",""Trade"",filter(R:R,Q:Q=B92))"),"AL") -> AL | I92: {=index('PLV (min 500)'!F:F,match(F92,'PLV (min 500)'!B:B,0))} -> 2.7923885 | J92: 3.5119674 | K92: 3.1785892 | L92: 7.3521465
A93: Hunter Dobbins | B93: BOS | C93: 61 | D93: 4.1311475 | E93: 3.9392411 | F93: 690928 | G93: =int(C93)+(C93-int(C93))*10/3 -> 61 | H93: =IFERROR(__xludf.DUMMYFUNCTION("if(B93=""- - -"",""Trade"",filter(R:R,Q:Q=B93))"),"AL") -> AL | I93: {=index('PLV (min 500)'!F:F,match(F93,'PLV (min 500)'!B:B,0))} -> 2.7976319 | J93: 3.6226735 | K93: 2.9641018 | L93: 8.5560508
A94: John Schreiber | B94: KCR | C94: 64 | D94: 3.7968761 | E94: 4.0166859 | F94: 670167 | G94: =int(C94)+(C94-int(C94))*10/3 -> 64 | H94: =IFERROR(__xludf.DUMMYFUNCTION("if(B94=""- - -"",""Trade"",filter(R:R,Q:Q=B94))"),"AL") -> AL | I94: {=index('PLV (min 500)'!F:F,match(F94,'PLV (min 500)'!B:B,0))} -> 2.7981411 | J94: 3.5372344 | K94: 3.7174444 | L94: 8.9732191
A95: Michael McGreevy | B95: STL | C95: 95.2 | D95: 4.4216028 | E95: 4.653223 | F95: 700241 | G95: =int(C95)+(C95-int(C95))*10/3 -> 95.666667 | H95: =IFERROR(__xludf.DUMMYFUNCTION("if(B95=""- - -"",""Trade"",filter(R:R,Q:Q=B95))"),"NL") -> NL | I95: {=index('PLV (min 500)'!F:F,match(F95,'PLV (min 500)'!B:B,0))} -> 2.7987514 | J95: 3.9578591 | K95: 1.0804238 | L95: 13.341207
A96: Justin Topa | B96: MIN | C96: 60 | D96: 3.9000005 | E96: 4.4186253 | F96: 623437 | G96: =int(C96)+(C96-int(C96))*10/3 -> 60 | H96: =IFERROR(__xludf.DUMMYFUNCTION("if(B96=""- - -"",""Trade"",filter(R:R,Q:Q=B96))"),"AL") -> AL | I96: {=index('PLV (min 500)'!F:F,match(F96,'PLV (min 500)'!B:B,0))} -> 2.8006215 | J96: 3.7064158 | K96: 2.3572283 | L96: 8.3958567
A97: Michael Wacha | B97: KCR | C97: 172.2 | D97: 3.8571431 | E97: 4.1680703 | F97: 608379 | G97: =int(C97)+(C97-int(C97))*10/3 -> 172.66667 | H97: =IFERROR(__xludf.DUMMYFUNCTION("if(B97=""- - -"",""Trade"",filter(R:R,Q:Q=B97))"),"AL") -> AL | I97: {=index('PLV (min 500)'!F:F,match(F97,'PLV (min 500)'!B:B,0))} -> 2.8016497 | J97: 3.6089544 | K97: 8.6300063 | L97: 24.076435
A98: Trevor Williams | B98: WSN | C98: 82.2 | D98: 6.2056454 | E98: 4.5590519 | F98: 592866 | G98: =int(C98)+(C98-int(C98))*10/3 -> 82.666667 | H98: =IFERROR(__xludf.DUMMYFUNCTION("if(B98=""- - -"",""Trade"",filter(R:R,Q:Q=B98))"),"NL") -> NL | I98: {=index('PLV (min 500)'!F:F,match(F98,'PLV (min 500)'!B:B,0))} -> 2.8032262 | J98: 4.5226412 | K98: -4.2254559 | L98: 11.478534
A99: John Curtiss | B99: ARI | C99: 36.2 | D99: 3.9272734 | E99: 4.2775089 | F99: 595928 | G99: =int(C99)+(C99-int(C99))*10/3 -> 36.666667 | H99: =IFERROR(__xludf.DUMMYFUNCTION("if(B99=""- - -"",""Trade"",filter(R:R,Q:Q=B99))"),"NL") -> NL | I99: {=index('PLV (min 500)'!F:F,match(F99,'PLV (min 500)'!B:B,0))} -> 2.8034758 | J99: 3.6694194 | K99: 1.5710021 | L99: 5.0540196
A100: Joe Ryan | B100: MIN | C100: 171 | D100: 3.4210526 | E100: 3.428713 | F100: 657746 | G100: =int(C100)+(C100-int(C100))*10/3 -> 171 | H100: =IFERROR(__xludf.DUMMYFUNCTION("if(B100=""- - -"",""Trade"",filter(R:R,Q:Q=B100))"),"AL") -> AL | I100: {=index('PLV (min 500)'!F:F,match(F100,'PLV (min 500)'!B:B,0))} -> 2.8071671 | J100: 3.2189776 | K100: 15.979426 | L100: 23.803826
...

Sheet PLV (min 500)
A1: Pitcher | B1: MLBAMID | C1: Pitches | D1: IP | E1: PLV | F1: PLA | G1: Quality Pitch | H1: Average Pitch | I1: Bad Pitch | J1: QP-BP | K1: Hit Luck
A2: Trevor Megill | B2: 656730 | C2: 737 | D2: =sumif('PLA Sheet'!C:C,B2,'PLA Sheet'!H:H) -> 47 | E2: 5.5514421 | F2: =sumif('PLA Sheet'!C:C,B2,'PLA Sheet'!J:J)/D2*9 -> 1.7158012 | G2: 0.60108548 | H2: 0.13975577 | I2: 0.25915875 | J2: =G2-I2 -> 0.34192673 | K2: 0.026851477
A3: Reid Detmers | B3: 672282 | C3: 1020 | D3: =sumif('PLA Sheet'!C:C,B3,'PLA Sheet'!H:H) -> 63.666667 | E3: 5.5238184 | F3: =sumif('PLA Sheet'!C:C,B3,'PLA Sheet'!J:J)/D3*9 -> 1.9083886 | G3: 0.58235294 | H3: 0.13921569 | I3: 0.27843137 | J3: =G3-I3 -> 0.30392157 | K3: -7.7116497
A4: Griffin Jax | B4: 643377 | C4: 1049 | D4: =sumif('PLA Sheet'!C:C,B4,'PLA Sheet'!H:H) -> 66 | E4: 5.4576651 | F4: =sumif('PLA Sheet'!C:C,B4,'PLA Sheet'!J:J)/D4*9 -> 1.9745295 | G4: 0.53670162 | H4: 0.20591039 | I4: 0.25738799 | J4: =G4-I4 -> 0.27931363 | K4: -3.4514801
A5: Tanner Scott | B5: 656945 | C5: 893 | D5: =sumif('PLA Sheet'!C:C,B5,'PLA Sheet'!H:H) -> 57 | E5: 5.4445539 | F5: =sumif('PLA Sheet'!C:C,B5,'PLA Sheet'!J:J)/D5*9 -> 2.1292881 | G5: 0.56326988 | H5: 0.16797312 | I5: 0.268757 | J5: =G5-I5 -> 0.29451288 | K5: -9.8789835
A6: Randy Rodríguez | B6: 678495 | C6: 780 | D6: =sumif('PLA Sheet'!C:C,B6,'PLA Sheet'!H:H) -> 50.666667 | E6: 5.4348132 | F6: =sumif('PLA Sheet'!C:C,B6,'PLA Sheet'!J:J)/D6*9 -> 2.0363753 | G6: 0.55128205 | H6: 0.11282051 | I6: 0.33589744 | J6: =G6-I6 -> 0.21538462 | K6: -2.4292653
A7: Aroldis Chapman | B7: 547973 | C7: 881 | D7: =sumif('PLA Sheet'!C:C,B7,'PLA Sheet'!H:H) -> 61.333333 | E7: 5.3745096 | F7: =sumif('PLA Sheet'!C:C,B7,'PLA Sheet'!J:J)/D7*9 -> 2.202632 | G7: 0.55505108 | H7: 0.16118048 | I7: 0.28376844 | J7: =G7-I7 -> 0.27128263 | K7: 12.552375
A8: Devin Williams | B8: 642207 | C8: 1087 | D8: =sumif('PLA Sheet'!C:C,B8,'PLA Sheet'!H:H) -> 62 | E8: 5.3575811 | F8: =sumif('PLA Sheet'!C:C,B8,'PLA Sheet'!J:J)/D8*9 -> 2.6608426 | G8: 0.54829807 | H8: 0.15731371 | I8: 0.29438822 | J8: =G8-I8 -> 0.25390984 | K8: 3.8162202
A9: Janson Junk | B9: 676083 | C9: 1558 | D9: =sumif('PLA Sheet'!C:C,B9,'PLA Sheet'!H:H) -> 110 | E9: 5.3540381 | F9: =sumif('PLA Sheet'!C:C,B9,'PLA Sheet'!J:J)/D9*9 -> 2.1874231 | G9: 0.5224647 | H9: 0.19768934 | I9: 0.27984596 | J9: =G9-I9 -> 0.24261874 | K9: -16.067187
A10: Josh Hader | B10: 623352 | C10: 823 | D10: =sumif('PLA Sheet'!C:C,B10,'PLA Sheet'!H:H) -> 52.666667 | E10: 5.3476922 | F10: =sumif('PLA Sheet'!C:C,B10,'PLA Sheet'!J:J)/D10*9 -> 2.3685456 | G10: 0.54799514 | H10: 0.14823815 | I10: 0.30376671 | J10: =G10-I10 -> 0.24422843 | K10: 4.6397033
A11: Hunter Greene | B11: 668881 | C11: 1692 | D11: =sumif('PLA Sheet'!C:C,B11,'PLA Sheet'!H:H) -> 107.66667 | E11: 5.3405949 | F11: =sumif('PLA Sheet'!C:C,B11,'PLA Sheet'!J:J)/D11*9 -> 2.431789 | G11: 0.53605201 | H11: 0.17434988 | I11: 0.28959811 | J11: =G11-I11 -> 0.2464539 | K11: 17.872929
A12: Tyler Rogers | B12: 643511 | C12: 946 | D12: =sumif('PLA Sheet'!C:C,B12,'PLA Sheet'!H:H) -> 77.333333 | E12: 5.3372516 | F12: =sumif('PLA Sheet'!C:C,B12,'PLA Sheet'!J:J)/D12*9 -> 1.8713997 | G12: 0.54122622 | H12: 0.18921776 | I12: 0.26955602 | J12: =G12-I12 -> 0.27167019 | K12: 3.5067686
A13: Tyler Mahle | B13: 641816 | C13: 1346 | D13: =sumif('PLA Sheet'!C:C,B13,'PLA Sheet'!H:H) -> 86.666667 | E13: 5.3364491 | F13: =sumif('PLA Sheet'!C:C,B13,'PLA Sheet'!J:J)/D13*9 -> 2.3431385 | G13: 0.53046062 | H13: 0.17459138 | I13: 0.29494799 | J13: =G13-I13 -> 0.23551263 | K13: 6.6930349
... A472: Roki Sasaki | B472: 808963 | C472: 601 | D472: =sumif('PLA Sheet'!C:C,B472,'PLA Sheet'!H:H) -> 36.333333 | E472: 4.6873089 | F472: =sumif('PLA Sheet'!C:C,B472,'PLA Sheet'!J:J)/D472*9 -> 4.5268596 | G472: 0.39434276 | H472: 0.19467554 | I472: 0.4109817 | J472: =G472-I472 -> -0.016638935 | K472: 6.425786

Sheet Pitch Type (min 250)
A1: Pitcher | B1: MLBAMID | C1: Pitch | D1: Pitches | E1: IP Proxy | F1: PLV | G1: PLA | H1: Quality Pitch | I1: Average Pitch | J1: Bad Pitch | K1: QP-BP | L1: Hit Luck | M1: PLA Runs Saved
A2: Michael Wacha | B2: 608379 | C2: CH | D2: 654 | E2: =IFERROR(__xludf.DUMMYFUNCTION("sum(filter('PLA Sheet'!H:H,'PLA Sheet'!C:C=B2,'PLA Sheet'!D:D=C2))"),43.896107150000006) -> 43.896107 | F2: 5.7637381 | G2: =IFERROR(__xludf.DUMMYFUNCTION("sum(filter('PLA Sheet'!J:J,'PLA Sheet'!C:C=B2,'PLA Sheet'!D:D=C2))/E2*9"),1.0113278347963937) -> 1.0113278 | H2: 0.63914373 | I2: 0.14831804 | J2: 0.21253823 | K2: =H2-J2 -> 0.4266055 | L2: 6.7720383 | M2: =('Cy Young Rank'!O$1-G2)*E2/9 -> 14.869427
A3: Jake Bird | B3: 656234 | C3: SL | D3: 304 | E3: =IFERROR(__xludf.DUMMYFUNCTION("sum(filter('PLA Sheet'!H:H,'PLA Sheet'!C:C=B3,'PLA Sheet'!D:D=C3))"),17.924068264) -> 17.924068 | F3: 5.7611047 | G3: =IFERROR(__xludf.DUMMYFUNCTION("sum(filter('PLA Sheet'!J:J,'PLA Sheet'!C:C=B3,'PLA Sheet'!D:D=C3))/E3*9"),1.1194844666097061) -> 1.1194845 | H3: 0.65789474 | I3: 0.11842105 | J3: 0.22368421 | K3: =H3-J3 -> 0.43421053 | L3: 1.1010824 | M3: =('Cy Young Rank'!O$1-G3)*E3/9 -> 5.8562224 | O3: MVPitches (PLA)
A4: Devin Williams | B4: 642207 | C4: CH | D4: 568 | E4: =IFERROR(__xludf.DUMMYFUNCTION("sum(filter('PLA Sheet'!H:H,'PLA Sheet'!C:C=B4,'PLA Sheet'!D:D=C4))"),32.56396396) -> 32.563964 | F4: 5.7221676 | G4: =IFERROR(__xludf.DUMMYFUNCTION("sum(filter('PLA Sheet'!J:J,'PLA Sheet'!C:C=B4,'PLA Sheet'!D:D=C4))/E4*9"),1.2834065610481655) -> 1.2834066 | H4: 0.61091549 | I4: 0.16725352 | J4: 0.22183099 | K4: =H4-J4 -> 0.38908451 | L4: 3.1311552 | M4: =('Cy Young Rank'!O$1-G4)*E4/9 -> 10.046321 | O4: Name | P4: Type | Q4: Runs Saved
A5: Josh Hader | B5: 623352 | C5: SI | D5: 445 | E5: =IFERROR(__xludf.DUMMYFUNCTION("sum(filter('PLA Sheet'!H:H,'PLA Sheet'!C:C=B5,'PLA Sheet'!D:D=C5))"),28.51221434) -> 28.512214 | F5: 5.674214 | G5: =IFERROR(__xludf.DUMMYFUNCTION("sum(filter('PLA Sheet'!J:J,'PLA Sheet'!C:C=B5,'PLA Sheet'!D:D=C5))/E5*9"),1.5126174167221837) -> 1.5126174 | H5: 0.64494382 | I5: 0.096629213 | J5: 0.25842697 | K5: =H5-J5 -> 0.38651685 | L5: -0.39444621 | M5: =('Cy Young Rank'!O$1-G5)*E5/9 -> 8.0701687 | O5: =IFERROR(__xludf.DUMMYFUNCTION("sortn({A2:A951,C2:C951,M2:M951},10,,3,0)"),"Ryne Nelson") -> Ryne Nelson | P5: =IFERROR(__xludf.DUMMYFUNCTION("""COMPUTED_VALUE"""),"FF") -> FF | Q5: =IFERROR(__xludf.DUMMYFUNCTION("""COMPUTED_VALUE"""),21.287068777777776) -> 21.287069
A6: Ronny Henriquez | B6: 678692 | C6: FF | D6: 330 | E6: =IFERROR(__xludf.DUMMYFUNCTION("sum(filter('PLA Sheet'!H:H,'PLA Sheet'!C:C=B6,'PLA Sheet'!D:D=C6))"),21.704407948) -> 21.704408 | F6: 5.6624448 | G6: =IFERROR(__xludf.DUMMYFUNCTION("sum(filter('PLA Sheet'!J:J,'PLA Sheet'!C:C=B6,'PLA Sheet'!D:D=C6))/E6*9"),1.7650117935389258) -> 1.7650118 | H6: 0.66666667 | I6: 0.078787879 | J6: 0.25454545 | K6: =H6-J6 -> 0.41212121 | L6: -4.6597412 | M6: =('Cy Young Rank'!O$1-G6)*E6/9 -> 5.5345956 | O6: =IFERROR(__xludf.DUMMYFUNCTION("""COMPUTED_VALUE"""),"Joe Ryan") -> Joe Ryan | P6: =IFERROR(__xludf.DUMMYFUNCTION("""COMPUTED_VALUE"""),"FF") -> FF | Q6: =IFERROR(__xludf.DUMMYFUNCTION("""COMPUTED_VALUE"""),19.137827742822218) -> 19.137828
A7: George Kirby | B7: 669923 | C7: SL | D7: 545 | E7: =IFERROR(__xludf.DUMMYFUNCTION("sum(filter('PLA Sheet'!H:H,'PLA Sheet'!C:C=B7,'PLA Sheet'!D:D=C7))"),34.489932890000006) -> 34.489933 | F7: 5.6579634 | G7: =IFERROR(__xludf.DUMMYFUNCTION("sum(filter('PLA Sheet'!J:J,'PLA Sheet'!C:C=B7,'PLA Sheet'!D:D=C7))/E7*9"),1.4028031644569543) -> 1.4028032 | H7: 0.62018349 | I7: 0.16146789 | J7: 0.21834862 | K7: =H7-J7 -> 0.40183486 | L7: -3.2785633 | M7: =('Cy Young Rank'!O$1-G7)*E7/9 -> 10.182949 | O7: =IFERROR(__xludf.DUMMYFUNCTION("""COMPUTED_VALUE"""),"Freddy Peralta") -> Freddy Peralta | P7: =IFERROR(__xludf.DUMMYFUNCTION("""COMPUTED_VALUE"""),"FF") -> FF | Q7: =IFERROR(__xludf.DUMMYFUNCTION("""COMPUTED_VALUE"""),18.29252361211111) -> 18.292524
A8: Paul Skenes | B8: 694973 | C8: FS | D8: 356 | E8: =IFERROR(__xludf.DUMMYFUNCTION("sum(filter('PLA Sheet'!H:H,'PLA Sheet'!C:C=B8,'PLA Sheet'!D:D=C8))"),23.106106109) -> 23.106106 | F8: 5.631468 | G8: =IFERROR(__xludf.DUMMYFUNCTION("sum(filter('PLA Sheet'!J:J,'PLA Sheet'!C:C=B8,'PLA Sheet'!D:D=C8))/E8*9"),1.485011876866388) -> 1.4850119 | H8: 0.60393258 | I8: 0.12921348 | J8: 0.26685393 | K8: =H8-J8 -> 0.33707865 | L8: -3.0914999 | M8: =('Cy Young Rank'!O$1-G8)*E8/9 -> 6.6108832 | O8: =IFERROR(__xludf.DUMMYFUNCTION("""COMPUTED_VALUE"""),"Cristopher Sánchez") -> Cristopher Sánchez | P8: =IFERROR(__xludf.DUMMYFUNCTION("""COMPUTED_VALUE"""),"SI") -> SI | Q8: =IFERROR(__xludf.DUMMYFUNCTION("""COMPUTED_VALUE"""),17.856531945199997) -> 17.856532
A9: Griffin Jax | B9: 643377 | C9: ST | D9: 455 | E9: =IFERROR(__xludf.DUMMYFUNCTION("sum(filter('PLA Sheet'!H:H,'PLA Sheet'!C:C=B9,'PLA Sheet'!D:D=C9))"),28.79560036) -> 28.7956 | F9: 5.6250136 | G9: =IFERROR(__xludf.DUMMYFUNCTION("sum(filter('PLA Sheet'!J:J,'PLA Sheet'!C:C=B9,'PLA Sheet'!D:D=C9))/E9*9"),1.3189361751511681) -> 1.3189362 | H9: 0.57582418 | I9: 0.2 | J9: 0.22417582 | K9: =H9-J9 -> 0.35164835 | L9: -1.5036579 | M9: =('Cy Young Rank'!O$1-G9)*E9/9 -> 8.7700643 | O9: =IFERROR(__xludf.DUMMYFUNCTION("""COMPUTED_VALUE"""),"Cristopher Sánchez") -> Cristopher Sánchez | P9: =IFERROR(__xludf.DUMMYFUNCTION("""COMPUTED_VALUE"""),"CH") -> CH | Q9: =IFERROR(__xludf.DUMMYFUNCTION("""COMPUTED_VALUE"""),17.247619798164436) -> 17.24762
A10: Calvin Faucher | B10: 676534 | C10: FC | D10: 380 | E10: =IFERROR(__xludf.DUMMYFUNCTION("sum(filter('PLA Sheet'!H:H,'PLA Sheet'!C:C=B10,'PLA Sheet'!D:D=C10))"),22.267235924) -> 22.267236 | F10: 5.624555 | G10: =IFERROR(__xludf.DUMMYFUNCTION("sum(filter('PLA Sheet'!J:J,'PLA Sheet'!C:C=B10,'PLA Sheet'!D:D=C10))/E10*9"),1.633214922773726) -> 1.6332149 | H10: 0.62894737 | I10: 0.097368421 | J10: 0.27368421 | K10: =H10-J10 -> 0.35526316 | L10: 0.76488801 | M10: =('Cy Young Rank'!O$1-G10)*E10/9 -> 6.0041995 | O10: =IFERROR(__xludf.DUMMYFUNCTION("""COMPUTED_VALUE"""),"Kevin Gausman") -> Kevin Gausman | P10: =IFERROR(__xludf.DUMMYFUNCTION("""COMPUTED_VALUE"""),"FF") -> FF | Q10: =IFERROR(__xludf.DUMMYFUNCTION("""COMPUTED_VALUE"""),16.96203055613332) -> 16.962031
A11: Reid Detmers | B11: 672282 | C11: FF | D11: 456 | E11: =IFERROR(__xludf.DUMMYFUNCTION("sum(filter('PLA Sheet'!H:H,'PLA Sheet'!C:C=B11,'PLA Sheet'!D:D=C11))"),28.100338567999998) -> 28.100339 | F11: 5.6194888 | G11: =IFERROR(__xludf.DUMMYFUNCTION("sum(filter('PLA Sheet'!J:J,'PLA Sheet'!C:C=B11,'PLA Sheet'!D:D=C11))/E11*9"),1.7448506138582696) -> 1.7448506 | H11: 0.625 | I11: 0.10087719 | J11: 0.27412281 | K11: =H11-J11 -> 0.35087719 | L11: -5.5556855 | M11: =('Cy Young Rank'!O$1-G11)*E11/9 -> 7.228498 | O11: =IFERROR(__xludf.DUMMYFUNCTION("""COMPUTED_VALUE"""),"Jacob deGrom") -> Jacob deGrom | P11: =IFERROR(__xludf.DUMMYFUNCTION("""COMPUTED_VALUE"""),"FF") -> FF | Q11: =IFERROR(__xludf.DUMMYFUNCTION("""COMPUTED_VALUE"""),16.927679593111105) -> 16.92768
A12: Tanner Scott | B12: 656945 | C12: FF | D12: 473 | E12: =IFERROR(__xludf.DUMMYFUNCTION("sum(filter('PLA Sheet'!H:H,'PLA Sheet'!C:C=B12,'PLA Sheet'!D:D=C12))"),30.032930843) -> 30.032931 | F12: 5.6172776 | G12: =IFERROR(__xludf.DUMMYFUNCTION("sum(filter('PLA Sheet'!J:J,'PLA Sheet'!C:C=B12,'PLA Sheet'!D:D=C12))/E12*9"),1.7439320948660435) -> 1.7439321 | H12: 0.60465116 | I12: 0.13530655 | J12: 0.26004228 | K12: =H12-J12 -> 0.34460888 | L12: -10.095218 | M12: =('Cy Young Rank'!O$1-G12)*E12/9 -> 7.7287008 | O12: =IFERROR(__xludf.DUMMYFUNCTION("""COMPUTED_VALUE"""),"Shota Imanaga") -> Shota Imanaga | P12: =IFERROR(__xludf.DUMMYFUNCTION("""COMPUTED_VALUE"""),"FF") -> FF | Q12: =IFERROR(__xludf.DUMMYFUNCTION("""COMPUTED_VALUE"""),16.75101416786666) -> 16.751014
A13: Tomoyuki Sugano | B13: 608372 | C13: ST | D13: 488 | E13: =IFERROR(__xludf.DUMMYFUNCTION("sum(filter('PLA Sheet'!H:H,'PLA Sheet'!C:C=B13,'PLA Sheet'!D:D=C13))"),31.155165694) -> 31.155166 | F13: 5.6109605 | G13: =IFERROR(__xludf.DUMMYFUNCTION("sum(filter('PLA Sheet'!J:J,'PLA Sheet'!C:C=B13,'PLA Sheet'!D:D=C13))/E13*9"),1.5042991733799638) -> 1.5042992 | H13: 0.54508197 | I13: 0.21721312 | J13: 0.23770492 | K13: =H13-J13 -> 0.30737705 | L13: -12.276505 | M13: =('Cy Young Rank'!O$1-G13)*E13/9 -> 8.8470314 | O13: =IFERROR(__xludf.DUMMYFUNCTION("""COMPUTED_VALUE"""),"Robbie Ray") -> Robbie Ray | P13: =IFERROR(__xludf.DUMMYFUNCTION("""COMPUTED_VALUE"""),"FF") -> FF | Q13: =IFERROR(__xludf.DUMMYFUNCTION("""COMPUTED_VALUE"""),15.595909921688884) -> 15.59591
A14: Jhoan Duran | B14: 661395 | C14: FS | D14: 420 | E14: =IFERROR(__xludf.DUMMYFUNCTION("sum(filter('PLA Sheet'!H:H,'PLA Sheet'!C:C=B14,'PLA Sheet'!D:D=C14))"),27.98695247) -> 27.986952 | F14: 5.60951 | G14: =IFERROR(__xludf.DUMMYFUNCTION("sum(filter('PLA Sheet'!J:J,'PLA Sheet'!C:C=B14,'PLA Sheet'!D:D=C14))/E14*9"),1.614302452131188) -> 1.6143025 | H14: 0.60238095 | I14: 0.14761905 | J14: 0.25 | K14: =H14-J14 -> 0.35238095 | L14: 2.5202932 | M14: =('Cy Young Rank'!O$1-G14)*E14/9 -> 7.6052912 | O14: =IFERROR(__xludf.DUMMYFUNCTION("""COMPUTED_VALUE"""),"Yusei Kikuchi") -> Yusei Kikuchi | P14: =IFERROR(__xludf.DUMMYFUNCTION("""COMPUTED_VALUE"""),"SL") -> SL | Q14: =IFERROR(__xludf.DUMMYFUNCTION("""COMPUTED_VALUE"""),15.49968114722222) -> 15.499681
A15: Hunter Greene | B15: 668881 | C15: FF | D15: 913 | E15: =IFERROR(__xludf.DUMMYFUNCTION("sum(filter('PLA Sheet'!H:H,'PLA Sheet'!C:C=B15,'PLA Sheet'!D:D=C15))"),58.32971014) -> 58.32971 | F15: 5.6069734 | G15: =IFERROR(__xludf.DUMMYFUNCTION("sum(filter('PLA Sheet'!J:J,'PLA Sheet'!C:C=B15,'PLA Sheet'!D:D=C15))/E15*9"),1.7614801745695765) -> 1.7614802 | H15: 0.62322015 | I15: 0.14019715 | J15: 0.23658269 | K15: =H15-J15 -> 0.38663746 | L15: 6.8217226 | M15: =('Cy Young Rank'!O$1-G15)*E15/9 -> 14.896888
A16: Dylan Lee | B16: 669276 | C16: FF | D16: 334 | E16: =IFERROR(__xludf.DUMMYFUNCTION("sum(filter('PLA Sheet'!H:H,'PLA Sheet'!C:C=B16,'PLA Sheet'!D:D=C16))"),21.33091349) -> 21.330913 | F16: 5.5997561 | G16: =IFERROR(__xludf.DUMMYFUNCTION("sum(filter('PLA Sheet'!J:J,'PLA Sheet'!C:C=B16,'PLA Sheet'!D:D=C16))/E16*9"),1.7523979466479007) -> 1.7523979 | H16: 0.65568862 | I16: 0.080838323 | J16: 0.26347305 | K16: =H16-J16 -> 0.39221557 | L16: -5.3339484 | M16: =('Cy Young Rank'!O$1-G16)*E16/9 -> 5.4692511
A17: Jesús Luzardo | B17: 666200 | C17: SI | D17: 292 | E17: =IFERROR(__xludf.DUMMYFUNCTION("sum(filter('PLA Sheet'!H:H,'PLA Sheet'!C:C=B17,'PLA Sheet'!D:D=C17))"),18.287421175) -> 18.287421 | F17: 5.5994779 | G17: =IFERROR(__xludf.DUMMYFUNCTION("sum(filter('PLA Sheet'!J:J,'PLA Sheet'!C:C=B17,'PLA Sheet'!D:D=C17))/E17*9"),1.7097007664887447) -> 1.7097008 | H17: 0.63356164 | I17: 0.17123288 | J17: 0.19520548 | K17: =H17-J17 -> 0.43835617 | L17: -4.8974937 | M17: =('Cy Young Rank'!O$1-G17)*E17/9 -> 4.7756569
A18: Joe Ryan | B18: 657746 | C18: FF | D18: 1398 | E18: =IFERROR(__xludf.DUMMYFUNCTION("sum(filter('PLA Sheet'!H:H,'PLA Sheet'!C:C=B18,'PLA Sheet'!D:D=C18))"),87.48837209) -> 87.488372 | F18: 5.5963059 | G18: =IFERROR(__xludf.DUMMYFUNCTION("sum(filter('PLA Sheet'!J:J,'PLA Sheet'!C:C=B18,'PLA Sheet'!D:D=C18))/E18*9"),2.091276093373702) -> 2.0912761 | H18: 0.61802575 | I18: 0.14091559 | J18: 0.24105866 | K18: =H18-J18 -> 0.3769671 | L18: 3.4122471 | M18: =('Cy Young Rank'!O$1-G18)*E18/9 -> 19.137828
A19: Sonny Gray | B19: 543243 | C19: ST | D19: 513 | E19: =IFERROR(__xludf.DUMMYFUNCTION("sum(filter('PLA Sheet'!H:H,'PLA Sheet'!C:C=B19,'PLA Sheet'!D:D=C19))"),35.05571919) -> 35.055719 | F19: 5.5886847 | G19: =IFERROR(__xludf.DUMMYFUNCTION("sum(filter('PLA Sheet'!J:J,'PLA Sheet'!C:C=B19,'PLA Sheet'!D:D=C19))/E19*9"),1.3364911940920874) -> 1.3364912 | H19: 0.54580897 | I19: 0.22612086 | J19: 0.22807018 | K19: =H19-J19 -> 0.31773879 | L19: -6.6967812 | M19: =('Cy Young Rank'!O$1-G19)*E19/9 -> 10.608284
A20: Ranger Suárez | B20: 624133 | C20: FC | D20: 412 | E20: =IFERROR(__xludf.DUMMYFUNCTION("sum(filter('PLA Sheet'!H:H,'PLA Sheet'!C:C=B20,'PLA Sheet'!D:D=C20))"),27.322908092) -> 27.322908 | F20: 5.5854908 | G20: =IFERROR(__xludf.DUMMYFUNCTION("sum(filter('PLA Sheet'!J:J,'PLA Sheet'!C:C=B20,'PLA Sheet'!D:D=C20))/E20*9"),1.6400665276592772) -> 1.6400665 | H20: 0.59466019 | I20: 0.16504854 | J20: 0.24029126 | K20: =H20-J20 -> 0.35436893 | L20: 0.79789489 | M20: =('Cy Young Rank'!O$1-G20)*E20/9 -> 7.3466244
A21: Jeremiah Estrada | B21: 669093 | C21: FF | D21: 679 | E21: =IFERROR(__xludf.DUMMYFUNCTION("sum(filter('PLA Sheet'!H:H,'PLA Sheet'!C:C=B21,'PLA Sheet'!D:D=C21))"),41.461165050000005) -> 41.461165 | F21: 5.5852048 | G21: =IFERROR(__xludf.DUMMYFUNCTION("sum(filter('PLA Sheet'!J:J,'PLA Sheet'!C:C=B21,'PLA Sheet'!D:D=C21))/E21*9"),1.755370065270271) -> 1.7553701 | H21: 0.64064801 | I21: 0.086892489 | J21: 0.2724595 | K21: =H21-J21 -> 0.36818851 | L21: -13.010745 | M21: =('Cy Young Rank'!O$1-G21)*E21/9 -> 10.61696
A22: Reid Detmers | B22: 672282 | C22: SL | D22: 321 | E22: =IFERROR(__xludf.DUMMYFUNCTION("sum(filter('PLA Sheet'!H:H,'PLA Sheet'!C:C=B22,'PLA Sheet'!D:D=C22))"),19.870113877999998) -> 19.870114 | F22: 5.5826865 | G22: =IFERROR(__xludf.DUMMYFUNCTION("sum(filter('PLA Sheet'!J:J,'PLA Sheet'!C:C=B22,'PLA Sheet'!D:D=C22))/E22*9"),1.612307468225976) -> 1.6123075 | H22: 0.55451713 | I22: 0.21183801 | J22: 0.23364486 | K22: =H22-J22 -> 0.32087227 | L22: -0.64479987 | M22: =('Cy Young Rank'!O$1-G22)*E22/9 -> 5.4039921
A23: Yoshinobu Yamamoto | B23: 808967 | C23: FC | D23: 296 | E23: =IFERROR(__xludf.DUMMYFUNCTION("sum(filter('PLA Sheet'!H:H,'PLA Sheet'!C:C=B23,'PLA Sheet'!D:D=C23))"),19.12326638) -> 19.123266 | F23: 5.5812392 | G23: =IFERROR(__xludf.DUMMYFUNCTION("sum(filter('PLA Sheet'!J:J,'PLA Sheet'!C:C=B23,'PLA Sheet'!D:D=C23))/E23*9"),1.670951466399016) -> 1.6709515 | H23: 0.56418919 | I23: 0.19594595 | J23: 0.23986487 | K23: =H23-J23 -> 0.32432432 | L23: 4.1398204 | M23: =('Cy Young Rank'!O$1-G23)*E23/9 -> 5.0762679
A24: Trevor Megill | B24: 656730 | C24: CU | D24: 292 | E24: =IFERROR(__xludf.DUMMYFUNCTION("sum(filter('PLA Sheet'!H:H,'PLA Sheet'!C:C=B24,'PLA Sheet'!D:D=C24))"),18.5) -> 18.5 | F24: 5.5732745 | G24: =IFERROR(__xludf.DUMMYFUNCTION("sum(filter('PLA Sheet'!J:J,'PLA Sheet'!C:C=B24,'PLA Sheet'!D:D=C24))/E24*9"),1.5837397297297298) -> 1.5837397 | H24: 0.55821918 | I24: 0.18835616 | J24: 0.25342466 | K24: =H24-J24 -> 0.30479452 | L24: 6.4717005 | M24: =('Cy Young Rank'!O$1-G24)*E24/9 -> 5.0900906
A25: Orion Kerkering | B25: 689147 | C25: ST | D25: 507 | E25: =IFERROR(__xludf.DUMMYFUNCTION("sum(filter('PLA Sheet'!H:H,'PLA Sheet'!C:C=B25,'PLA Sheet'!D:D=C25))"),28.79776329) -> 28.797763 | F25: 5.5633646 | G25: =IFERROR(__xludf.DUMMYFUNCTION("sum(filter('PLA Sheet'!J:J,'PLA Sheet'!C:C=B25,'PLA Sheet'!D:D=C25))/E25*9"),1.8022362180476137) -> 1.8022362 | H25: 0.56410256 | I25: 0.20315582 | J25: 0.23274162 | K25: =H25-J25 -> 0.33136095 | L25: -5.5448353 | M25: =('Cy Young Rank'!O$1-G25)*E25/9 -> 7.224283
A26: JP Sears | B26: 676664 | C26: ST | D26: 611 | E26: =IFERROR(__xludf.DUMMYFUNCTION("sum(filter('PLA Sheet'!H:H,'PLA Sheet'!C:C=B26,'PLA Sheet'!D:D=C26))"),36.468300934) -> 36.468301 | F26: 5.5605444 | G26: =IFERROR(__xludf.DUMMYFUNCTION("sum(filter('PLA Sheet'!J:J,'PLA Sheet'!C:C=B26,'PLA Sheet'!D:D=C26))/E26*9"),1.8235261664740767) -> 1.8235262 | H26: 0.60392799 | I26: 0.11620295 | J26: 0.27986907 | K26: =H26-J26 -> 0.32405892 | L26: 1.3616425 | M26: =('Cy Young Rank'!O$1-G26)*E26/9 -> 9.0622668
A27: Andrew Kittredge | B27: 552640 | C27: SL | D27: 399 | E27: =IFERROR(__xludf.DUMMYFUNCTION("sum(filter('PLA Sheet'!H:H,'PLA Sheet'!C:C=B27,'PLA Sheet'!D:D=C27))"),28.01822917) -> 28.018229 | F27: 5.5539778 | G27: =IFERROR(__xludf.DUMMYFUNCTION("sum(filter('PLA Sheet'!J:J,'PLA Sheet'!C:C=B27,'PLA Sheet'!D:D=C27))/E27*9"),1.5160706532260833) -> 1.5160707 | H27: 0.55388471 | I27: 0.23809524 | J27: 0.20802005 | K27: =H27-J27 -> 0.34586466 | L27: 6.8914195 | M27: =('Cy Young Rank'!O$1-G27)*E27/9 -> 7.9195995
A28: Jacob Lopez | B28: 682052 | C28: SL | D28: 497 | E28: =IFERROR(__xludf.DUMMYFUNCTION("sum(filter('PLA Sheet'!H:H,'PLA Sheet'!C:C=B28,'PLA Sheet'!D:D=C28))"),28.328728728999998) -> 28.328729 | F28: 5.5538868 | G28: =IFERROR(__xludf.DUMMYFUNCTION("sum(filter('PLA Sheet'!J:J,'PLA Sheet'!C:C=B28,'PLA Sheet'!D:D=C28))/E28*9"),1.7500848511160878) -> 1.7500849 | H28: 0.5694165 | I28: 0.20724346 | J28: 0.22334004 | K28: =H28-J28 -> 0.34607646 | L28: -0.71880278 | M28: =('Cy Young Rank'!O$1-G28)*E28/9 -> 7.2707733
A29: Yusei Kikuchi | B29: 579328 | C29: SL | D29: 1082 | E29: =IFERROR(__xludf.DUMMYFUNCTION("sum(filter('PLA Sheet'!H:H,'PLA Sheet'!C:C=B29,'PLA Sheet'!D:D=C29))"),64.28763875) -> 64.287639 | F29: 5.5486575 | G29: =IFERROR(__xludf.DUMMYFUNCTION("sum(filter('PLA Sheet'!J:J,'PLA Sheet'!C:C=B29,'PLA Sheet'!D:D=C29))/E29*9"),1.890109597469078) -> 1.8901096 | H29: 0.59334566 | I29: 0.15804066 | J29: 0.24861368 | K29: =H29-J29 -> 0.34473198 | L29: -2.4631072 | M29: =('Cy Young Rank'!O$1-G29)*E29/9 -> 15.499681
A30: Janson Junk | B30: 676083 | C30: SL | D30: 449 | E30: =IFERROR(__xludf.DUMMYFUNCTION("sum(filter('PLA Sheet'!H:H,'PLA Sheet'!C:C=B30,'PLA Sheet'!D:D=C30))"),31.87422934) -> 31.874229 | F30: 5.5439806 | G30: =IFERROR(__xludf.DUMMYFUNCTION("sum(filter('PLA Sheet'!J:J,'PLA Sheet'!C:C=B30,'PLA Sheet'!D:D=C30))/E30*9"),1.6410252760012298) -> 1.6410253 | H30: 0.55233853 | I30: 0.20489978 | J30: 0.24276169 | K30: =H30-J30 -> 0.30957684 | L30: -0.83771678 | M30: =('Cy Young Rank'!O$1-G30)*E30/9 -> 8.566995
A31: Trevor Megill | B31: 656730 | C31: FF | D31: 445 | E31: =IFERROR(__xludf.DUMMYFUNCTION("sum(filter('PLA Sheet'!H:H,'PLA Sheet'!C:C=B31,'PLA Sheet'!D:D=C31))"),28.5) -> 28.5 | F31: 5.5371162 | G31: =IFERROR(__xludf.DUMMYFUNCTION("sum(filter('PLA Sheet'!J:J,'PLA Sheet'!C:C=B31,'PLA Sheet'!D:D=C31))/E31*9"),1.8015252631578946) -> 1.8015253 | H31: 0.62921348 | I31: 0.10786517 | J31: 0.26292135 | K31: =H31-J31 -> 0.36629214 | L31: -6.444849 | M31: =('Cy Young Rank'!O$1-G31)*E31/9 -> 7.1518367
A32: Max Meyer | B32: 676974 | C32: SL | D32: 343 | E32: =IFERROR(__xludf.DUMMYFUNCTION("sum(filter('PLA Sheet'!H:H,'PLA Sheet'!C:C=B32,'PLA Sheet'!D:D=C32))"),22.343920439999998) -> 22.34392 | F32: 5.5349243 | G32: =IFERROR(__xludf.DUMMYFUNCTION("sum(filter('PLA Sheet'!J:J,'PLA Sheet'!C:C=B32,'PLA Sheet'!D:D=C32))/E32*9"),1.7564043474547926) -> 1.7564043 | H32: 0.51603499 | I32: 0.2361516 | J32: 0.24781341 | K32: =H32-J32 -> 0.26822157 | L32: -1.6127556 | M32: =('Cy Young Rank'!O$1-G32)*E32/9 -> 5.7190398
A33: Colton Gordon | B33: 676467 | C33: ST | D33: 397 | E33: =IFERROR(__xludf.DUMMYFUNCTION("sum(filter('PLA Sheet'!H:H,'PLA Sheet'!C:C=B33,'PLA Sheet'!D:D=C33))"),24.537560305) -> 24.53756 | F33: 5.5226388 | G33: =IFERROR(__xludf.DUMMYFUNCTION("sum(filter('PLA Sheet'!J:J,'PLA Sheet'!C:C=B33,'PLA Sheet'!D:D=C33))/E33*9"),1.7501902579633821) -> 1.7501903 | H33: 0.53652393 | I33: 0.19395466 | J33: 0.26952141 | K33: =H33-J33 -> 0.26700252 | L33: -2.7535007 | M33: =('Cy Young Rank'!O$1-G33)*E33/9 -> 6.2974551
A34: Jacob Latz | B34: 656641 | C34: FF | D34: 668 | E34: =IFERROR(__xludf.DUMMYFUNCTION("sum(filter('PLA Sheet'!H:H,'PLA Sheet'!C:C=B34,'PLA Sheet'!D:D=C34))"),42.27785783) -> 42.277858 | F34: 5.5201435 | G34: =IFERROR(__xludf.DUMMYFUNCTION("sum(filter('PLA Sheet'!J:J,'PLA Sheet'!C:C=B34,'PLA Sheet'!D:D=C34))/E34*9"),1.9266427671791997) -> 1.9266428 | H34: 0.61227545 | I34: 0.092814371 | J34: 0.29491018 | K34: =H34-J34 -> 0.31736527 | L34: -3.5865385 | M34: =('Cy Young Rank'!O$1-G34)*E34/9 -> 10.02153
A35: Steven Wilson | B35: 621051 | C35: ST | D35: 553 | E35: =IFERROR(__xludf.DUMMYFUNCTION("sum(filter('PLA Sheet'!H:H,'PLA Sheet'!C:C=B35,'PLA Sheet'!D:D=C35))"),32.268309376000005) -> 32.268309 | F35: 5.5097779 | G35: =IFERROR(__xludf.DUMMYFUNCTION("sum(filter('PLA Sheet'!J:J,'PLA Sheet'!C:C=B35,'PLA Sheet'!D:D=C35))/E35*9"),2.0042212080717587) -> 2.0042212 | H35: 0.5443038 | I35: 0.15551537 | J35: 0.30018083 | K35: =H35-J35 -> 0.24412296 | L35: 1.6429792 | M35: =('Cy Young Rank'!O$1-G35)*E35/9 -> 7.3707229
A36: Zack Wheeler | B36: 554430 | C36: FF | D36: 951 | E36: =IFERROR(__xludf.DUMMYFUNCTION("sum(filter('PLA Sheet'!H:H,'PLA Sheet'!C:C=B36,'PLA Sheet'!D:D=C36))"),61.39209133999999) -> 61.392091 | F36: 5.5040429 | G36: =IFERROR(__xludf.DUMMYFUNCTION("sum(filter('PLA Sheet'!J:J,'PLA Sheet'!C:C=B36,'PLA Sheet'!D:D=C36))/E36*9"),2.1243752110953906) -> 2.1243752 | H36: 0.59516299 | I36: 0.12513144 | J36: 0.27970557 | K36: =H36-J36 -> 0.31545741 | L36: 4.1470053 | M36: =('Cy Young Rank'!O$1-G36)*E36/9 -> 13.203562
A37: Steven Okert | B37: 595345 | C37: SL | D37: 591 | E37: =IFERROR(__xludf.DUMMYFUNCTION("sum(filter('PLA Sheet'!H:H,'PLA Sheet'!C:C=B37,'PLA Sheet'!D:D=C37))"),41.41951838) -> 41.419518 | F37: 5.4978511 | G37: =IFERROR(__xludf.DUMMYFUNCTION("sum(filter('PLA Sheet'!J:J,'PLA Sheet'!C:C=B37,'PLA Sheet'!D:D=C37))/E37*9"),1.656094003090144) -> 1.656094 | H37: 0.56514382 | I37: 0.15905245 | J37: 0.27580372 | K37: =H37-J37 -> 0.2893401 | L37: 6.5210381 | M37: =('Cy Young Rank'!O$1-G37)*E37/9 -> 11.063181
A38: Tyler Alexander | B38: 641302 | C38: ST | D38: 346 | E38: =IFERROR(__xludf.DUMMYFUNCTION("sum(filter('PLA Sheet'!H:H,'PLA Sheet'!C:C=B38,'PLA Sheet'!D:D=C38))"),21.916350613) -> 21.916351 | F38: 5.496734 | G38: =IFERROR(__xludf.DUMMYFUNCTION("sum(filter('PLA Sheet'!J:J,'PLA Sheet'!C:C=B38,'PLA Sheet'!D:D=C38))/E38*9"),1.875623215099365) -> 1.8756232 | H38: 0.54046243 | I38: 0.18208093 | J38: 0.27745665 | K38: =H38-J38 -> 0.26300578 | L38: -11.843533 | M38: =('Cy Young Rank'!O$1-G38)*E38/9 -> 5.3192853
A39: Garrett Crochet | B39: 676979 | C39: FC | D39: 844 | E39: =IFERROR(__xludf.DUMMYFUNCTION("sum(filter('PLA Sheet'!H:H,'PLA Sheet'!C:C=B39,'PLA Sheet'!D:D=C39))"),57.138500638000004) -> 57.138501 | F39: 5.4943228 | G39: =IFERROR(__xludf.DUMMYFUNCTION("sum(filter('PLA Sheet'!J:J,'PLA Sheet'!C:C=B39,'PLA Sheet'!D:D=C39))/E39*9"),1.9320583628787378) -> 1.9320584 | H39: 0.6007109 | I39: 0.15876777 | J39: 0.24052133 | K39: =H39-J39 -> 0.36018957 | L39: 4.5727291 | M39: =('Cy Young Rank'!O$1-G39)*E39/9 -> 13.509711
A40: Shota Imanaga | B40: 684007 | C40: FF | D40: 1025 | E40: =IFERROR(__xludf.DUMMYFUNCTION("sum(filter('PLA Sheet'!H:H,'PLA Sheet'!C:C=B40,'PLA Sheet'!D:D=C40))"),70.33701318) -> 70.337013 | F40: 5.4938801 | G40: =IFERROR(__xludf.DUMMYFUNCTION("sum(filter('PLA Sheet'!J:J,'PLA Sheet'!C:C=B40,'PLA Sheet'!D:D=C40))/E40*9"),1.9166174380337828) -> 1.9166174 | H40: 0.60292683 | I40: 0.11707317 | J40: 0.28 | K40: =H40-J40 -> 0.32292683 | L40: -7.2337346 | M40: =('Cy Young Rank'!O$1-G40)*E40/9 -> 16.751014
A41: Mitch Spence | B41: 687765 | C41: SL | D41: 353 | E41: =IFERROR(__xludf.DUMMYFUNCTION("sum(filter('PLA Sheet'!H:H,'PLA Sheet'!C:C=B41,'PLA Sheet'!D:D=C41))"),22.732248523000003) -> 22.732249 | F41: 5.4934486 | G41: =IFERROR(__xludf.DUMMYFUNCTION("sum(filter('PLA Sheet'!J:J,'PLA Sheet'!C:C=B41,'PLA Sheet'!D:D=C41))/E41*9"),1.8052776415178906) -> 1.8052776 | H41: 0.57507082 | I41: 0.16713881 | J41: 0.25779037 | K41: =H41-J41 -> 0.31728045 | L41: -5.8164974 | M41: =('Cy Young Rank'!O$1-G41)*E41/9 -> 5.6949899
A42: Trevor Williams | B42: 592866 | C42: FF | D42: 599 | E42: =IFERROR(__xludf.DUMMYFUNCTION("sum(filter('PLA Sheet'!H:H,'PLA Sheet'!C:C=B42,'PLA Sheet'!D:D=C42))"),35.24902097) -> 35.249021 | F42: 5.4829374 | G42: =IFERROR(__xludf.DUMMYFUNCTION("sum(filter('PLA Sheet'!J:J,'PLA Sheet'!C:C=B42,'PLA Sheet'!D:D=C42))/E42*9"),2.101598710019435) -> 2.1015987 | H42: 0.57429048 | I42: 0.17863105 | J42: 0.24707846 | K42: =H42-J42 -> 0.32721202 | L42: -14.30379 | M42: =('Cy Young Rank'!O$1-G42)*E42/9 -> 7.670192
A43: Patrick Corbin | B43: 571578 | C43: FC | D43: 636 | E43: =IFERROR(__xludf.DUMMYFUNCTION("sum(filter('PLA Sheet'!H:H,'PLA Sheet'!C:C=B43,'PLA Sheet'!D:D=C43))"),39.133436371) -> 39.133436 | F43: 5.4810113 | G43: =IFERROR(__xludf.DUMMYFUNCTION("sum(filter('PLA Sheet'!J:J,'PLA Sheet'!C:C=B43,'PLA Sheet'!D:D=C43))/E43*9"),1.9980241770421854) -> 1.9980242 | H43: 0.58962264 | I43: 0.16352201 | J43: 0.24685535 | K43: =H43-J43 -> 0.3427673 | L43: 2.0496175 | M43: =('Cy Young Rank'!O$1-G43)*E43/9 -> 8.9658
A44: Aaron Nola | B44: 605400 | C44: CU | D44: 441 | E44: =IFERROR(__xludf.DUMMYFUNCTION("sum(filter('PLA Sheet'!H:H,'PLA Sheet'!C:C=B44,'PLA Sheet'!D:D=C44))"),27.51138056) -> 27.511381 | F44: 5.4792931 | G44: =IFERROR(__xludf.DUMMYFUNCTION("sum(filter('PLA Sheet'!J:J,'PLA Sheet'!C:C=B44,'PLA Sheet'!D:D=C44))/E44*9"),1.9916710424800288) -> 1.991671 | H44: 0.6031746 | I44: 0.13378685 | J44: 0.26303855 | K44: =H44-J44 -> 0.34013605 | L44: -10.718937 | M44: =('Cy Young Rank'!O$1-G44)*E44/9 -> 6.3225095
A45: Logan Webb | B45: 657277 | C45: ST | D45: 847 | E45: =IFERROR(__xludf.DUMMYFUNCTION("sum(filter('PLA Sheet'!H:H,'PLA Sheet'!C:C=B45,'PLA Sheet'!D:D=C45))"),54.96859757) -> 54.968598 | F45: 5.477351 | G45: =IFERROR(__xludf.DUMMYFUNCTION("sum(filter('PLA Sheet'!J:J,'PLA Sheet'!C:C=B45,'PLA Sheet'!D:D=C45))/E45*9"),1.9047437924292672) -> 1.9047438 | H45: 0.56198347 | I45: 0.17827627 | J45: 0.25974026 | K45: =H45-J45 -> 0.30224321 | L45: -16.844105 | M45: =('Cy Young Rank'!O$1-G45)*E45/9 -> 13.16349
A46: Ryne Nelson | B46: 669194 | C46: FF | D46: 1474 | E46: =IFERROR(__xludf.DUMMYFUNCTION("sum(filter('PLA Sheet'!H:H,'PLA Sheet'!C:C=B46,'PLA Sheet'!D:D=C46))"),95.3125) -> 95.3125 | F46: 5.4765745 | G46: =IFERROR(__xludf.DUMMYFUNCTION("sum(filter('PLA Sheet'!J:J,'PLA Sheet'!C:C=B46,'PLA Sheet'!D:D=C46))/E46*9"),2.0499423580327867) -> 2.0499424 | H46: 0.60515604 | I46: 0.13500678 | J46: 0.25983718 | K46: =H46-J46 -> 0.34531886 | L46: -1.7447121 | M46: =('Cy Young Rank'!O$1-G46)*E46/9 -> 21.287069
A47: Bryce Elder | B47: 693821 | C47: SL | D47: 860 | E47: =IFERROR(__xludf.DUMMYFUNCTION("sum(filter('PLA Sheet'!H:H,'PLA Sheet'!C:C=B47,'PLA Sheet'!D:D=C47))"),54.9784689) -> 54.978469 | F47: 5.4726213 | G47: =IFERROR(__xludf.DUMMYFUNCTION("sum(filter('PLA Sheet'!J:J,'PLA Sheet'!C:C=B47,'PLA Sheet'!D:D=C47))/E47*9"),1.892123445438474) -> 1.8921234 | H47: 0.5372093 | I47: 0.19651163 | J47: 0.26627907 | K47: =H47-J47 -> 0.27093023 | L47: -15.888572 | M47: =('Cy Young Rank'!O$1-G47)*E47/9 -> 13.242948
A48: Chris Paddack | B48: 663978 | C48: CH | D48: 577 | E48: =IFERROR(__xludf.DUMMYFUNCTION("sum(filter('PLA Sheet'!H:H,'PLA Sheet'!C:C=B48,'PLA Sheet'!D:D=C48))"),37.04955131) -> 37.049551 | F48: 5.4686955 | G48: =IFERROR(__xludf.DUMMYFUNCTION("sum(filter('PLA Sheet'!J:J,'PLA Sheet'!C:C=B48,'PLA Sheet'!D:D=C48))/E48*9"),1.840795815024946) -> 1.8407958 | H48: 0.54766031 | I48: 0.19064125 | J48: 0.26169844 | K48: =H48-J48 -> 0.28596187 | L48: -4.5836819 | M48: =('Cy Young Rank'!O$1-G48)*E48/9 -> 9.1356133
A49: Lance McCullers Jr. | B49: 621121 | C49: SL | D49: 355 | E49: =IFERROR(__xludf.DUMMYFUNCTION("sum(filter('PLA Sheet'!H:H,'PLA Sheet'!C:C=B49,'PLA Sheet'!D:D=C49))"),17.720186155) -> 17.720186 | F49: 5.4653007 | G49: =IFERROR(__xludf.DUMMYFUNCTION("sum(filter('PLA Sheet'!J:J,'PLA Sheet'!C:C=B49,'PLA Sheet'!D:D=C49))/E49*9"),2.3457821851533476) -> 2.3457822 | H49: 0.57464789 | I49: 0.11267606 | J49: 0.31267606 | K49: =H49-J49 -> 0.26197183 | L49: -3.8312347 | M49: =('Cy Young Rank'!O$1-G49)*E49/9 -> 3.3751399
A50: Shelby Miller | B50: 571946 | C50: FF | D50: 407 | E50: =IFERROR(__xludf.DUMMYFUNCTION("sum(filter('PLA Sheet'!H:H,'PLA Sheet'!C:C=B50,'PLA Sheet'!D:D=C50))"),28.5787234) -> 28.578723 | F50: 5.4649646 | G50: =IFERROR(__xludf.DUMMYFUNCTION("sum(filter('PLA Sheet'!J:J,'PLA Sheet'!C:C=B50,'PLA Sheet'!D:D=C50))/E50*9"),2.1120262145789197) -> 2.1120262 | H50: 0.60687961 | I50: 0.14004914 | J50: 0.25307125 | K50: =H50-J50 -> 0.35380835 | L50: -1.908129 | M50: =('Cy Young Rank'!O$1-G50)*E50/9 -> 6.1856227
A51: Louis Varland | B51: 686973 | C51: FF | D51: 465 | E51: =IFERROR(__xludf.DUMMYFUNCTION("sum(filter('PLA Sheet'!H:H,'PLA Sheet'!C:C=B51,'PLA Sheet'!D:D=C51))"),32.24327705) -> 32.243277 | F51: 5.4625716 | G51: =IFERROR(__xludf.DUMMYFUNCTION("sum(filter('PLA Sheet'!J:J,'PLA Sheet'!C:C=B51,'PLA Sheet'!D:D=C51))/E51*9"),1.9519593775285937) -> 1.9519594 | H51: 0.62150538 | I51: 0.11612903 | J51: 0.26236559 | K51: =H51-J51 -> 0.35913978 | L51: -3.1461268 | M51: =('Cy Young Rank'!O$1-G51)*E51/9 -> 7.5522375
A52: Alex Vesia | B52: 681911 | C52: FF | D52: 567 | E52: =IFERROR(__xludf.DUMMYFUNCTION("sum(filter('PLA Sheet'!H:H,'PLA Sheet'!C:C=B52,'PLA Sheet'!D:D=C52))"),34.27908497) -> 34.279085 | F52: 5.4619292 | G52: =IFERROR(__xludf.DUMMYFUNCTION("sum(filter('PLA Sheet'!J:J,'PLA Sheet'!C:C=B52,'PLA Sheet'!D:D=C52))/E52*9"),2.0998411148662584) -> 2.0998411 | H52: 0.59435626 | I52: 0.11111111 | J52: 0.29453263 | K52: =H52-J52 -> 0.29982363 | L52: 2.019814 | M52: =('Cy Young Rank'!O$1-G52)*E52/9 -> 7.4658281
A53: Jameson Taillon | B53: 592791 | C53: FC | D53: 281 | E53: =IFERROR(__xludf.DUMMYFUNCTION("sum(filter('PLA Sheet'!H:H,'PLA Sheet'!C:C=B53,'PLA Sheet'!D:D=C53))"),18.93565774) -> 18.935658 | F53: 5.4577404 | G53: =IFERROR(__xludf.DUMMYFUNCTION("sum(filter('PLA Sheet'!J:J,'PLA Sheet'!C:C=B53,'PLA Sheet'!D:D=C53))/E53*9"),1.9547872330734255) -> 1.9547872 | H53: 0.5658363 | I53: 0.17081851 | J53: 0.2633452 | K53: =H53-J53 -> 0.3024911 | L53: -2.4689542 | M53: =('Cy Young Rank'!O$1-G53)*E53/9 -> 4.4292876
A54: Logan Gilbert | B54: 669302 | C54: SL | D54: 726 | E54: =IFERROR(__xludf.DUMMYFUNCTION("sum(filter('PLA Sheet'!H:H,'PLA Sheet'!C:C=B54,'PLA Sheet'!D:D=C54))"),46.22098422) -> 46.220984 | F54: 5.4577396 | G54: =IFERROR(__xludf.DUMMYFUNCTION("sum(filter('PLA Sheet'!J:J,'PLA Sheet'!C:C=B54,'PLA Sheet'!D:D=C54))/E54*9"),2.1603960124412946) -> 2.160396 | H54: 0.57024793 | I54: 0.17630854 | J54: 0.25344353 | K54: =H54-J54 -> 0.31680441 | L54: 2.8905575 | M54: =('Cy Young Rank'!O$1-G54)*E54/9 -> 9.7557295
A55: Drew Rasmussen | B55: 656876 | C55: FF | D55: 802 | E55: =IFERROR(__xludf.DUMMYFUNCTION("sum(filter('PLA Sheet'!H:H,'PLA Sheet'!C:C=B55,'PLA Sheet'!D:D=C55))"),53.06695465) -> 53.066955 | F55: 5.4576733 | G55: =IFERROR(__xludf.DUMMYFUNCTION("sum(filter('PLA Sheet'!J:J,'PLA Sheet'!C:C=B55,'PLA Sheet'!D:D=C55))/E55*9"),1.9841861605676292) -> 1.9841862 | H55: 0.59975062 | I55: 0.12593516 | J55: 0.27431421 | K55: =H55-J55 -> 0.32543641 | L55: -5.6612864 | M55: =('Cy Young Rank'!O$1-G55)*E55/9 -> 12.23968
A56: Ryan Weathers | B56: 677960 | C56: FF | D56: 278 | E56: =IFERROR(__xludf.DUMMYFUNCTION("sum(filter('PLA Sheet'!H:H,'PLA Sheet'!C:C=B56,'PLA Sheet'!D:D=C56))"),17.076843199) -> 17.076843 | F56: 5.4575238 | G56: =IFERROR(__xludf.DUMMYFUNCTION("sum(filter('PLA Sheet'!J:J,'PLA Sheet'!C:C=B56,'PLA Sheet'!D:D=C56))/E56*9"),2.3777689193971034) -> 2.3777689 | H56: 0.6294964 | I56: 0.11870504 | J56: 0.25179856 | K56: =H56-J56 -> 0.37769784 | L56: -4.7767448 | M56: =('Cy Young Rank'!O$1-G56)*E56/9 -> 3.1919107
A57: Luke Jackson | B57: 592426 | C57: SL | D57: 362 | E57: =IFERROR(__xludf.DUMMYFUNCTION("sum(filter('PLA Sheet'!H:H,'PLA Sheet'!C:C=B57,'PLA Sheet'!D:D=C57))"),25.173913041) -> 25.173913 | F57: 5.4517926 | G57: =IFERROR(__xludf.DUMMYFUNCTION("sum(filter('PLA Sheet'!J:J,'PLA Sheet'!C:C=B57,'PLA Sheet'!D:D=C57))/E57*9"),1.9505638602956514) -> 1.9505639 | H57: 0.57734807 | I57: 0.17127072 | J57: 0.25138121 | K57: =H57-J57 -> 0.32596685 | L57: -1.8339612 | M57: =('Cy Young Rank'!O$1-G57)*E57/9 -> 5.9003069
A58: Anthony Bender | B58: 669622 | C58: ST | D58: 358 | E58: =IFERROR(__xludf.DUMMYFUNCTION("sum(filter('PLA Sheet'!H:H,'PLA Sheet'!C:C=B58,'PLA Sheet'!D:D=C58))"),23.59335038) -> 23.59335 | F58: 5.4475628 | G58: =IFERROR(__xludf.DUMMYFUNCTION("sum(filter('PLA Sheet'!J:J,'PLA Sheet'!C:C=B58,'PLA Sheet'!D:D=C58))/E58*9"),1.8659271485799043) -> 1.8659271 | H58: 0.5726257 | I58: 0.15921788 | J58: 0.26815642 | K58: =H58-J58 -> 0.30446927 | L58: 8.0561378 | M58: =('Cy Young Rank'!O$1-G58)*E58/9 -> 5.7517255
A59: Casey Mize | B59: 663554 | C59: SL | D59: 366 | E59: =IFERROR(__xludf.DUMMYFUNCTION("sum(filter('PLA Sheet'!H:H,'PLA Sheet'!C:C=B59,'PLA Sheet'!D:D=C59))"),23.946428569) -> 23.946429 | F59: 5.4473331 | G59: =IFERROR(__xludf.DUMMYFUNCTION("sum(filter('PLA Sheet'!J:J,'PLA Sheet'!C:C=B59,'PLA Sheet'!D:D=C59))/E59*9"),2.075500939807806) -> 2.0755009 | H59: 0.55191257 | I59: 0.16666667 | J59: 0.28142077 | K59: =H59-J59 -> 0.2704918 | L59: 5.7538161 | M59: =('Cy Young Rank'!O$1-G59)*E59/9 -> 5.280185
A60: Noah Cameron | B60: 702070 | C60: FC | D60: 452 | E60: =IFERROR(__xludf.DUMMYFUNCTION("sum(filter('PLA Sheet'!H:H,'PLA Sheet'!C:C=B60,'PLA Sheet'!D:D=C60))"),29.738788718000002) -> 29.738789 | F60: 5.4440073 | G60: =IFERROR(__xludf.DUMMYFUNCTION("sum(filter('PLA Sheet'!J:J,'PLA Sheet'!C:C=B60,'PLA Sheet'!D:D=C60))/E60*9"),2.0746731679308743) -> 2.0746732 | H60: 0.57079646 | I60: 0.1238938 | J60: 0.30530974 | K60: =H60-J60 -> 0.26548672 | L60: 0.56952106 | M60: =('Cy Young Rank'!O$1-G60)*E60/9 -> 6.560135
A61: Jose A. Ferrer | B61: 678606 | C61: SI | D61: 839 | E61: =IFERROR(__xludf.DUMMYFUNCTION("sum(filter('PLA Sheet'!H:H,'PLA Sheet'!C:C=B61,'PLA Sheet'!D:D=C61))"),53.99032615) -> 53.990326 | F61: 5.4433823 | G61: =IFERROR(__xludf.DUMMYFUNCTION("sum(filter('PLA Sheet'!J:J,'PLA Sheet'!C:C=B61,'PLA Sheet'!D:D=C61))/E61*9"),1.952978200336358) -> 1.9529782 | H61: 0.58760429 | I61: 0.13587604 | J61: 0.27651967 | K61: =H61-J61 -> 0.31108463 | L61: -6.8863805 | M61: =('Cy Young Rank'!O$1-G61)*E61/9 -> 12.639866
A62: Matt Gage | B62: 657424 | C62: SL | D62: 252 | E62: =IFERROR(__xludf.DUMMYFUNCTION("sum(filter('PLA Sheet'!H:H,'PLA Sheet'!C:C=B62,'PLA Sheet'!D:D=C62))"),15.324528302) -> 15.324528 | F62: 5.4423221 | G62: =IFERROR(__xludf.DUMMYFUNCTION("sum(filter('PLA Sheet'!J:J,'PLA Sheet'!C:C=B62,'PLA Sheet'!D:D=C62))/E62*9"),2.0345600455402524) -> 2.03456 | H62: 0.53571429 | I62: 0.17460317 | J62: 0.28968254 | K62: =H62-J62 -> 0.24603175 | L62: -2.1746444 | M62: =('Cy Young Rank'!O$1-G62)*E62/9 -> 3.448768
A63: Randy Rodríguez | B63: 678495 | C63: FF | D63: 432 | E63: =IFERROR(__xludf.DUMMYFUNCTION("sum(filter('PLA Sheet'!H:H,'PLA Sheet'!C:C=B63,'PLA Sheet'!D:D=C63))"),28.04987531) -> 28.049875 | F63: 5.4414489 | G63: =IFERROR(__xludf.DUMMYFUNCTION("sum(filter('PLA Sheet'!J:J,'PLA Sheet'!C:C=B63,'PLA Sheet'!D:D=C63))/E63*9"),2.1543602719138075) -> 2.1543603 | H63: 0.5625 | I63: 0.085648148 | J63: 0.35185185 | K63: =H63-J63 -> 0.21064815 | L63: 0.6261523 | M63: =('Cy Young Rank'!O$1-G63)*E63/9 -> 5.9392174
A64: Spencer Schwellenbach | B64: 680885 | C64: SL | D64: 280 | E64: =IFERROR(__xludf.DUMMYFUNCTION("sum(filter('PLA Sheet'!H:H,'PLA Sheet'!C:C=B64,'PLA Sheet'!D:D=C64))"),20.050858229) -> 20.050858 | F64: 5.4399306 | G64: =IFERROR(__xludf.DUMMYFUNCTION("sum(filter('PLA Sheet'!J:J,'PLA Sheet'!C:C=B64,'PLA Sheet'!D:D=C64))/E64*9"),1.724090091565327) -> 1.7240901 | H64: 0.53928571 | I64: 0.225 | J64: 0.23571429 | K64: =H64-J64 -> 0.30357143 | L64: -5.6227349 | M64: =('Cy Young Rank'!O$1-G64)*E64/9 -> 5.2041109
A65: Sandy Alcantara | B65: 645261 | C65: SI | D65: 708 | E65: =IFERROR(__xludf.DUMMYFUNCTION("sum(filter('PLA Sheet'!H:H,'PLA Sheet'!C:C=B65,'PLA Sheet'!D:D=C65))"),43.59109264999999) -> 43.591093 | F65: 5.4382356 | G65: =IFERROR(__xludf.DUMMYFUNCTION("sum(filter('PLA Sheet'!J:J,'PLA Sheet'!C:C=B65,'PLA Sheet'!D:D=C65))/E65*9"),2.0837044101944526) -> 2.0837044 | H65: 0.55649717 | I65: 0.19491525 | J65: 0.24858757 | K65: =H65-J65 -> 0.3079096 | L65: 8.4341516 | M65: =('Cy Young Rank'!O$1-G65)*E65/9 -> 9.5720982
A66: Mitch Keller | B66: 656605 | C66: ST | D66: 522 | E66: =IFERROR(__xludf.DUMMYFUNCTION("sum(filter('PLA Sheet'!H:H,'PLA Sheet'!C:C=B66,'PLA Sheet'!D:D=C66))"),32.9549047) -> 32.954905 | F66: 5.4357935 | G66: =IFERROR(__xludf.DUMMYFUNCTION("sum(filter('PLA Sheet'!J:J,'PLA Sheet'!C:C=B66,'PLA Sheet'!D:D=C66))/E66*9"),2.031748706589341) -> 2.0317487 | H66: 0.56130268 | I66: 0.151341 | J66: 0.28735632 | K66: =H66-J66 -> 0.27394636 | L66: -5.5744145 | M66: =('Cy Young Rank'!O$1-G66)*E66/9 -> 7.4267587
A67: Freddy Peralta | B67: 642547 | C67: FF | D67: 1606 | E67: =IFERROR(__xludf.DUMMYFUNCTION("sum(filter('PLA Sheet'!H:H,'PLA Sheet'!C:C=B67,'PLA Sheet'!D:D=C67))"),94.48946515) -> 94.489465 | F67: 5.4342912 | G67: =IFERROR(__xludf.DUMMYFUNCTION("sum(filter('PLA Sheet'!J:J,'PLA Sheet'!C:C=B67,'PLA Sheet'!D:D=C67))/E67*9"),2.317660658279215) -> 2.3176607 | H67: 0.60958904 | I67: 0.089041096 | J67: 0.30136986 | K67: =H67-J67 -> 0.30821918 | L67: -8.2583386 | M67: =('Cy Young Rank'!O$1-G67)*E67/9 -> 18.292524
A68: Nathan Eovaldi | B68: 543135 | C68: FC | D68: 375 | E68: =IFERROR(__xludf.DUMMYFUNCTION("sum(filter('PLA Sheet'!H:H,'PLA Sheet'!C:C=B68,'PLA Sheet'!D:D=C68))"),26.0815047) -> 26.081505 | F68: 5.431643 | G68: =IFERROR(__xludf.DUMMYFUNCTION("sum(filter('PLA Sheet'!J:J,'PLA Sheet'!C:C=B68,'PLA Sheet'!D:D=C68))/E68*9"),1.937216912182218) -> 1.9372169 | H68: 0.58133333 | I68: 0.14933333 | J68: 0.26933333 | K68: =H68-J68 -> 0.312 | L68: 9.9963968 | M68: =('Cy Young Rank'!O$1-G68)*E68/9 -> 6.1517086
A69: Chase Burns | B69: 695505 | C69: FF | D69: 432 | E69: =IFERROR(__xludf.DUMMYFUNCTION("sum(filter('PLA Sheet'!H:H,'PLA Sheet'!C:C=B69,'PLA Sheet'!D:D=C69))"),25.03703703) -> 25.037037 | F69: 5.4301189 | G69: =IFERROR(__xludf.DUMMYFUNCTION("sum(filter('PLA Sheet'!J:J,'PLA Sheet'!C:C=B69,'PLA Sheet'!D:D=C69))/E69*9"),2.3823594193086515) -> 2.3823594 | H69: 0.61342593 | I69: 0.10185185 | J69: 0.28472222 | K69: =H69-J69 -> 0.3287037 | L69: 0.5059658 | M69: =('Cy Young Rank'!O$1-G69)*E69/9 -> 4.6670166
A70: Jakob Junis | B70: 596001 | C70: SL | D70: 445 | E70: =IFERROR(__xludf.DUMMYFUNCTION("sum(filter('PLA Sheet'!H:H,'PLA Sheet'!C:C=B70,'PLA Sheet'!D:D=C70))"),29.679922408000003) -> 29.679922 | F70: 5.429666 | G70: =IFERROR(__xludf.DUMMYFUNCTION("sum(filter('PLA Sheet'!J:J,'PLA Sheet'!C:C=B70,'PLA Sheet'!D:D=C70))/E70*9"),1.993555245415721) -> 1.9935552 | H70: 0.52134832 | I70: 0.19550562 | J70: 0.28314607 | K70: =H70-J70 -> 0.23820225 | L70: -1.4140322 | M70: =('Cy Young Rank'!O$1-G70)*E70/9 -> 6.8146578
A71: Paul Skenes | B71: 694973 | C71: ST | D71: 464 | E71: =IFERROR(__xludf.DUMMYFUNCTION("sum(filter('PLA Sheet'!H:H,'PLA Sheet'!C:C=B71,'PLA Sheet'!D:D=C71))"),29.743632517) -> 29.743633 | F71: 5.429228 | G71: =IFERROR(__xludf.DUMMYFUNCTION("sum(filter('PLA Sheet'!J:J,'PLA Sheet'!C:C=B71,'PLA Sheet'!D:D=C71))/E71*9"),2.020832693035924) -> 2.0208327 | H71: 0.56465517 | I71: 0.18103448 | J71: 0.25431034 | K71: =H71-J71 -> 0.31034483 | L71: 7.7525572 | M71: =('Cy Young Rank'!O$1-G71)*E71/9 -> 6.7391381
A72: Zebby Matthews | B72: 805673 | C72: FF | D72: 513 | E72: =IFERROR(__xludf.DUMMYFUNCTION("sum(filter('PLA Sheet'!H:H,'PLA Sheet'!C:C=B72,'PLA Sheet'!D:D=C72))"),31.19389012) -> 31.19389 | F72: 5.4282933 | G72: =IFERROR(__xludf.DUMMYFUNCTION("sum(filter('PLA Sheet'!J:J,'PLA Sheet'!C:C=B72,'PLA Sheet'!D:D=C72))/E72*9"),2.530426108970343) -> 2.5304261 | H72: 0.55360624 | I72: 0.15984406 | J72: 0.28654971 | K72: =H72-J72 -> 0.26705653 | L72: -8.1741911 | M72: =('Cy Young Rank'!O$1-G72)*E72/9 -> 5.3014844
A73: Scott Blewett | B73: 656240 | C73: SL | D73: 307 | E73: =IFERROR(__xludf.DUMMYFUNCTION("sum(filter('PLA Sheet'!H:H,'PLA Sheet'!C:C=B73,'PLA Sheet'!D:D=C73))"),19.57899672) -> 19.578997 | F73: 5.4279296 | G73: =IFERROR(__xludf.DUMMYFUNCTION("sum(filter('PLA Sheet'!J:J,'PLA Sheet'!C:C=B73,'PLA Sheet'!D:D=C73))/E73*9"),2.1677169472450886) -> 2.1677169 | H73: 0.54723127 | I73: 0.17263844 | J73: 0.28013029 | K73: =H73-J73 -> 0.26710098 | L73: -8.4808761 | M73: =('Cy Young Rank'!O$1-G73)*E73/9 -> 4.116556
A74: Randy Rodríguez | B74: 678495 | C74: SL | D74: 348 | E74: =IFERROR(__xludf.DUMMYFUNCTION("sum(filter('PLA Sheet'!H:H,'PLA Sheet'!C:C=B74,'PLA Sheet'!D:D=C74))"),22.61679135) -> 22.616791 | F74: 5.4265757 | G74: =IFERROR(__xludf.DUMMYFUNCTION("sum(filter('PLA Sheet'!J:J,'PLA Sheet'!C:C=B74,'PLA Sheet'!D:D=C74))/E74*9"),1.8900476791107685) -> 1.8900477 | H74: 0.53735632 | I74: 0.14655172 | J74: 0.31609195 | K74: =H74-J74 -> 0.22126437 | L74: -3.0554176 | M74: =('Cy Young Rank'!O$1-G74)*E74/9 -> 5.4530399
A75: Tanner Gordon | B75: 685299 | C75: CH | D75: 252 | E75: =IFERROR(__xludf.DUMMYFUNCTION("sum(filter('PLA Sheet'!H:H,'PLA Sheet'!C:C=B75,'PLA Sheet'!D:D=C75))"),15.926580922) -> 15.926581 | F75: 5.4240241 | G75: =IFERROR(__xludf.DUMMYFUNCTION("sum(filter('PLA Sheet'!J:J,'PLA Sheet'!C:C=B75,'PLA Sheet'!D:D=C75))/E75*9"),2.2423535958473186) -> 2.2423536 | H75: 0.51587302 | I75: 0.22222222 | J75: 0.26190476 | K75: =H75-J75 -> 0.25396825 | L75: -6.5554752 | M75: =('Cy Young Rank'!O$1-G75)*E75/9 -> 3.2165436
A76: Jonathan Cannon | B76: 686563 | C76: ST | D76: 264 | E76: =IFERROR(__xludf.DUMMYFUNCTION("sum(filter('PLA Sheet'!H:H,'PLA Sheet'!C:C=B76,'PLA Sheet'!D:D=C76))"),15.677269347) -> 15.677269 | F76: 5.4237379 | G76: =IFERROR(__xludf.DUMMYFUNCTION("sum(filter('PLA Sheet'!J:J,'PLA Sheet'!C:C=B76,'PLA Sheet'!D:D=C76))/E76*9"),2.3197499000015114) -> 2.3197499 | H76: 0.52651515 | I76: 0.17424242 | J76: 0.29924242 | K76: =H76-J76 -> 0.22727273 | L76: -2.9132599 | M76: =('Cy Young Rank'!O$1-G76)*E76/9 -> 3.0313744
A77: Ben Casparius | B77: 676508 | C77: FC | D77: 271 | E77: =IFERROR(__xludf.DUMMYFUNCTION("sum(filter('PLA Sheet'!H:H,'PLA Sheet'!C:C=B77,'PLA Sheet'!D:D=C77))"),16.924194399999998) -> 16.924194 | F77: 5.4222467 | G77: =IFERROR(__xludf.DUMMYFUNCTION("sum(filter('PLA Sheet'!J:J,'PLA Sheet'!C:C=B77,'PLA Sheet'!D:D=C77))/E77*9"),2.2623599147502116) -> 2.2623599 | H77: 0.57933579 | I77: 0.15498155 | J77: 0.26568266 | K77: =H77-J77 -> 0.31365314 | L77: -1.2550152 | M77: =('Cy Young Rank'!O$1-G77)*E77/9 -> 3.3804011
A78: Taylor Clarke | B78: 664199 | C78: SL | D78: 324 | E78: =IFERROR(__xludf.DUMMYFUNCTION("sum(filter('PLA Sheet'!H:H,'PLA Sheet'!C:C=B78,'PLA Sheet'!D:D=C78))"),21.847238544) -> 21.847239 | F78: 5.4222336 | G78: =IFERROR(__xludf.DUMMYFUNCTION("sum(filter('PLA Sheet'!J:J,'PLA Sheet'!C:C=B78,'PLA Sheet'!D:D=C78))/E78*9"),1.9874103957144946) -> 1.9874104 | H78: 0.55246914 | I78: 0.14814815 | J78: 0.29938272 | K78: =H78-J78 -> 0.25308642 | L78: 8.1282625 | M78: =('Cy Young Rank'!O$1-G78)*E78/9 -> 5.0311511
A79: Andrew Abbott | B79: 671096 | C79: ST | D79: 352 | E79: =IFERROR(__xludf.DUMMYFUNCTION("sum(filter('PLA Sheet'!H:H,'PLA Sheet'!C:C=B79,'PLA Sheet'!D:D=C79))"),22.873941209999998) -> 22.873941 | F79: 5.4214735 | G79: =IFERROR(__xludf.DUMMYFUNCTION("sum(filter('PLA Sheet'!J:J,'PLA Sheet'!C:C=B79,'PLA Sheet'!D:D=C79))/E79*9"),2.051205368119419) -> 2.0512054 | H79: 0.54261364 | I79: 0.19602273 | J79: 0.26136364 | K79: =H79-J79 -> 0.28125 | L79: -0.72350556 | M79: =('Cy Young Rank'!O$1-G79)*E79/9 -> 5.10545
A80: Angel Zerpa | B80: 672582 | C80: SI | D80: 478 | E80: =IFERROR(__xludf.DUMMYFUNCTION("sum(filter('PLA Sheet'!H:H,'PLA Sheet'!C:C=B80,'PLA Sheet'!D:D=C80))"),28.83227177) -> 28.832272 | F80: 5.4199349 | G80: =IFERROR(__xludf.DUMMYFUNCTION("sum(filter('PLA Sheet'!J:J,'PLA Sheet'!C:C=B80,'PLA Sheet'!D:D=C80))/E80*9"),2.2781072724329414) -> 2.2781073 | H80: 0.56903766 | I80: 0.14225941 | J80: 0.28870293 | K80: =H80-J80 -> 0.28033473 | L80: 1.413385 | M80: =('Cy Young Rank'!O$1-G80)*E80/9 -> 5.7084462
A81: Aroldis Chapman | B81: 547973 | C81: SI | D81: 297 | E81: =IFERROR(__xludf.DUMMYFUNCTION("sum(filter('PLA Sheet'!H:H,'PLA Sheet'!C:C=B81,'PLA Sheet'!D:D=C81))"),20.421978017) -> 20.421978 | F81: 5.4153802 | G81: =IFERROR(__xludf.DUMMYFUNCTION("sum(filter('PLA Sheet'!J:J,'PLA Sheet'!C:C=B81,'PLA Sheet'!D:D=C81))/E81*9"),2.1224201673275163) -> 2.1224202 | H81: 0.54208754 | I81: 0.15488215 | J81: 0.3030303 | K81: =H81-J81 -> 0.23905724 | L81: 2.7783765 | M81: =('Cy Young Rank'!O$1-G81)*E81/9 -> 4.3965792
A82: Mason Fluharty | B82: 689254 | C82: ST | D82: 336 | E82: =IFERROR(__xludf.DUMMYFUNCTION("sum(filter('PLA Sheet'!H:H,'PLA Sheet'!C:C=B82,'PLA Sheet'!D:D=C82))"),21.949553749000003) -> 21.949554 | F82: 5.411999 | G82: =IFERROR(__xludf.DUMMYFUNCTION("sum(filter('PLA Sheet'!J:J,'PLA Sheet'!C:C=B82,'PLA Sheet'!D:D=C82))/E82*9"),1.9625778497643749) -> 1.9625778 | H82: 0.55059524 | I82: 0.14285714 | J82: 0.30654762 | K82: =H82-J82 -> 0.24404762 | L82: -1.3370546 | M82: =('Cy Young Rank'!O$1-G82)*E82/9 -> 5.1152756
A83: Aroldis Chapman | B83: 547973 | C83: FF | D83: 354 | E83: =IFERROR(__xludf.DUMMYFUNCTION("sum(filter('PLA Sheet'!H:H,'PLA Sheet'!C:C=B83,'PLA Sheet'!D:D=C83))"),24.600732597) -> 24.600733 | F83: 5.4119757 | G83: =IFERROR(__xludf.DUMMYFUNCTION("sum(filter('PLA Sheet'!J:J,'PLA Sheet'!C:C=B83,'PLA Sheet'!D:D=C83))/E83*9"),2.1122444136617595) -> 2.1122444 | H83: 0.62711864 | I83: 0.11016949 | J83: 0.26271186 | K83: =H83-J83 -> 0.36440678 | L83: 4.9083358 | M83: =('Cy Young Rank'!O$1-G83)*E83/9 -> 5.3240238
A84: Edward Cabrera | B84: 665795 | C84: CH | D84: 564 | E84: =IFERROR(__xludf.DUMMYFUNCTION("sum(filter('PLA Sheet'!H:H,'PLA Sheet'!C:C=B84,'PLA Sheet'!D:D=C84))"),35.380761820000004) -> 35.380762 | F84: 5.4055315 | G84: =IFERROR(__xludf.DUMMYFUNCTION("sum(filter('PLA Sheet'!J:J,'PLA Sheet'!C:C=B84,'PLA Sheet'!D:D=C84))/E84*9"),2.126705082915029) -> 2.1267051 | H84: 0.54255319 | I84: 0.14893617 | J84: 0.30851064 | K84: =H84-J84 -> 0.23404255 | L84: -0.3753115 | M84: =('Cy Young Rank'!O$1-G84)*E84/9 -> 7.6001608
A85: Brock Stewart | B85: 592779 | C85: FF | D85: 310 | E85: =IFERROR(__xludf.DUMMYFUNCTION("sum(filter('PLA Sheet'!H:H,'PLA Sheet'!C:C=B85,'PLA Sheet'!D:D=C85))"),19.88306011) -> 19.88306 | F85: 5.40429 | G85: =IFERROR(__xludf.DUMMYFUNCTION("sum(filter('PLA Sheet'!J:J,'PLA Sheet'!C:C=B85,'PLA Sheet'!D:D=C85))/E85*9"),2.458784147386456) -> 2.4587841 | H85: 0.59677419 | I85: 0.1516129 | J85: 0.2516129 | K85: =H85-J85 -> 0.34516129 | L85: 3.3076113 | M85: =('Cy Young Rank'!O$1-G85)*E85/9 -> 3.5374523
A86: Brayan Bello | B86: 678394 | C86: FC | D86: 409 | E86: =IFERROR(__xludf.DUMMYFUNCTION("sum(filter('PLA Sheet'!H:H,'PLA Sheet'!C:C=B86,'PLA Sheet'!D:D=C86))"),26.140155726000003) -> 26.140156 | F86: 5.4040863 | G86: =IFERROR(__xludf.DUMMYFUNCTION("sum(filter('PLA Sheet'!J:J,'PLA Sheet'!C:C=B86,'PLA Sheet'!D:D=C86))/E86*9"),2.241620846264426) -> 2.2416208 | H86: 0.57457213 | I86: 0.16381418 | J86: 0.26161369 | K86: =H86-J86 -> 0.31295843 | L86: 3.4798841 | M86: =('Cy Young Rank'!O$1-G86)*E86/9 -> 5.2814127
A87: Emmet Sheehan | B87: 686218 | C87: FF | D87: 526 | E87: =IFERROR(__xludf.DUMMYFUNCTION("sum(filter('PLA Sheet'!H:H,'PLA Sheet'!C:C=B87,'PLA Sheet'!D:D=C87))"),34.32896652) -> 34.328967 | F87: 5.4019245 | G87: =IFERROR(__xludf.DUMMYFUNCTION("sum(filter('PLA Sheet'!J:J,'PLA Sheet'!C:C=B87,'PLA Sheet'!D:D=C87))/E87*9"),2.4335044269780126) -> 2.4335044 | H87: 0.58365019 | I87: 0.10836502 | J87: 0.30798479 | K87: =H87-J87 -> 0.2756654 | L87: -3.7458615 | M87: =('Cy Young Rank'!O$1-G87)*E87/9 -> 6.2039902
A88: Kyle Harrison | B88: 690986 | C88: FF | D88: 342 | E88: =IFERROR(__xludf.DUMMYFUNCTION("sum(filter('PLA Sheet'!H:H,'PLA Sheet'!C:C=B88,'PLA Sheet'!D:D=C88))"),21.594104305000002) -> 21.594104 | F88: 5.4014737 | G88: =IFERROR(__xludf.DUMMYFUNCTION("sum(filter('PLA Sheet'!J:J,'PLA Sheet'!C:C=B88,'PLA Sheet'!D:D=C88))/E88*9"),2.4388231739626205) -> 2.4388232 | H88: 0.52923977 | I88: 0.21637427 | J88: 0.25438596 | K88: =H88-J88 -> 0.2748538 | L88: -0.14247453 | M88: =('Cy Young Rank'!O$1-G88)*E88/9 -> 3.8897624
A89: Luis Severino | B89: 622663 | C89: ST | D89: 645 | E89: =IFERROR(__xludf.DUMMYFUNCTION("sum(filter('PLA Sheet'!H:H,'PLA Sheet'!C:C=B89,'PLA Sheet'!D:D=C89))"),39.92185592) -> 39.921856 | F89: 5.4009809 | G89: =IFERROR(__xludf.DUMMYFUNCTION("sum(filter('PLA Sheet'!J:J,'PLA Sheet'!C:C=B89,'PLA Sheet'!D:D=C89))/E89*9"),2.137046237804267) -> 2.1370462 | H89: 0.54263566 | I89: 0.16434108 | J89: 0.29302326 | K89: =H89-J89 -> 0.2496124 | L89: 1.4884082 | M89: =('Cy Young Rank'!O$1-G89)*E89/9 -> 8.5297648
A90: Jacob deGrom | B90: 594798 | C90: FF | D90: 1178 | E90: =IFERROR(__xludf.DUMMYFUNCTION("sum(filter('PLA Sheet'!H:H,'PLA Sheet'!C:C=B90,'PLA Sheet'!D:D=C90))"),79.5245023) -> 79.524502 | F90: 5.3999166 | G90: =IFERROR(__xludf.DUMMYFUNCTION("sum(filter('PLA Sheet'!J:J,'PLA Sheet'!C:C=B90,'PLA Sheet'!D:D=C90))/E90*9"),2.144249357974291) -> 2.1442494 | H90: 0.58658744 | I90: 0.13582343 | J90: 0.27758913 | K90: =H90-J90 -> 0.3089983 | L90: 6.239371 | M90: =('Cy Young Rank'!O$1-G90)*E90/9 -> 16.92768
A91: Will Vest | B91: 676684 | C91: SL | D91: 259 | E91: =IFERROR(__xludf.DUMMYFUNCTION("sum(filter('PLA Sheet'!H:H,'PLA Sheet'!C:C=B91,'PLA Sheet'!D:D=C91))"),16.366461449) -> 16.366461 | F91: 5.3980963 | G91: =IFERROR(__xludf.DUMMYFUNCTION("sum(filter('PLA Sheet'!J:J,'PLA Sheet'!C:C=B91,'PLA Sheet'!D:D=C91))/E91*9"),2.1449233916195687) -> 2.1449234 | H91: 0.54826255 | I91: 0.17374517 | J91: 0.27799228 | K91: =H91-J91 -> 0.27027027 | L91: -2.7803191 | M91: =('Cy Young Rank'!O$1-G91)*E91/9 -> 3.4825586
A92: Jacob Misiorowski | B92: 694819 | C92: SL | D92: 275 | E92: =IFERROR(__xludf.DUMMYFUNCTION("sum(filter('PLA Sheet'!H:H,'PLA Sheet'!C:C=B92,'PLA Sheet'!D:D=C92))"),16.046391748) -> 16.046392 | F92: 5.3967853 | G92: =IFERROR(__xludf.DUMMYFUNCTION("sum(filter('PLA Sheet'!J:J,'PLA Sheet'!C:C=B92,'PLA Sheet'!D:D=C92))/E92*9"),2.4463608153460865) -> 2.4463608 | H92: 0.54181818 | I92: 0.18181818 | J92: 0.27636364 | K92: =H92-J92 -> 0.26545455 | L92: 2.8308426 | M92: =('Cy Young Rank'!O$1-G92)*E92/9 -> 2.8770096
A93: Drew Rasmussen | B93: 656876 | C93: FC | D93: 711 | E93: =IFERROR(__xludf.DUMMYFUNCTION("sum(filter('PLA Sheet'!H:H,'PLA Sheet'!C:C=B93,'PLA Sheet'!D:D=C93))"),47.23542117) -> 47.235421 | F93: 5.3958454 | G93: =IFERROR(__xludf.DUMMYFUNCTION("sum(filter('PLA Sheet'!J:J,'PLA Sheet'!C:C=B93,'PLA Sheet'!D:D=C93))/E93*9"),2.1477203862518244) -> 2.1477204 | H93: 0.54008439 | I93: 0.19268636 | J93: 0.26722925 | K93: =H93-J93 -> 0.27285513 | L93: 16.706348 | M93: =('Cy Young Rank'!O$1-G93)*E93/9 -> 10.03637
A94: Bailey Ober | B94: 641927 | C94: CH | D94: 666 | E94: =IFERROR(__xludf.DUMMYFUNCTION("sum(filter('PLA Sheet'!H:H,'PLA Sheet'!C:C=B94,'PLA Sheet'!D:D=C94))"),42.2975382) -> 42.297538 | F94: 5.3952585 | G94: =IFERROR(__xludf.DUMMYFUNCTION("sum(filter('PLA Sheet'!J:J,'PLA Sheet'!C:C=B94,'PLA Sheet'!D:D=C94))/E94*9"),1.9389953999734197) -> 1.9389954 | H94: 0.56306306 | I94: 0.14264264 | J94: 0.29429429 | K94: =H94-J94 -> 0.26876877 | L94: -2.9671589 | M94: =('Cy Young Rank'!O$1-G94)*E94/9 -> 9.9681415
A95: Logan Webb | B95: 657277 | C95: CH | D95: 770 | E95: =IFERROR(__xludf.DUMMYFUNCTION("sum(filter('PLA Sheet'!H:H,'PLA Sheet'!C:C=B95,'PLA Sheet'!D:D=C95))"),49.98292683) -> 49.982927 | F95: 5.3938599 | G95: =IFERROR(__xludf.DUMMYFUNCTION("sum(filter('PLA Sheet'!J:J,'PLA Sheet'!C:C=B95,'PLA Sheet'!D:D=C95))/E95*9"),2.093625296412039) -> 2.0936253 | H95: 0.52727273 | I95: 0.22857143 | J95: 0.24415584 | K95: =H95-J95 -> 0.28311688 | L95: 2.2853027 | M95: =('Cy Young Rank'!O$1-G95)*E95/9 -> 10.920574
A96: José Alvarado | B96: 621237 | C96: SI | D96: 281 | E96: =IFERROR(__xludf.DUMMYFUNCTION("sum(filter('PLA Sheet'!H:H,'PLA Sheet'!C:C=B96,'PLA Sheet'!D:D=C96))"),16.498905907) -> 16.498906 | F96: 5.393506 | G96: =IFERROR(__xludf.DUMMYFUNCTION("sum(filter('PLA Sheet'!J:J,'PLA Sheet'!C:C=B96,'PLA Sheet'!D:D=C96))/E96*9"),2.4116586411416767) -> 2.4116586 | H96: 0.56227758 | I96: 0.12455516 | J96: 0.31316726 | K96: =H96-J96 -> 0.24911032 | L96: -5.0852299 | M96: =('Cy Young Rank'!O$1-G96)*E96/9 -> 3.0217588
A97: Zack Littell | B97: 641793 | C97: SL | D97: 742 | E97: =IFERROR(__xludf.DUMMYFUNCTION("sum(filter('PLA Sheet'!H:H,'PLA Sheet'!C:C=B97,'PLA Sheet'!D:D=C97))"),51.27468581) -> 51.274686 | F97: 5.39192 | G97: =IFERROR(__xludf.DUMMYFUNCTION("sum(filter('PLA Sheet'!J:J,'PLA Sheet'!C:C=B97,'PLA Sheet'!D:D=C97))/E97*9"),2.143563363942922) -> 2.1435634 | H97: 0.54447439 | I97: 0.17654987 | J97: 0.27897574 | K97: =H97-J97 -> 0.26549865 | L97: -9.9853858 | M97: =('Cy Young Rank'!O$1-G97)*E97/9 -> 10.918298
A98: Yoshinobu Yamamoto | B98: 808967 | C98: FF | D98: 969 | E98: =IFERROR(__xludf.DUMMYFUNCTION("sum(filter('PLA Sheet'!H:H,'PLA Sheet'!C:C=B98,'PLA Sheet'!D:D=C98))"),61.97931611) -> 61.979316 | F98: 5.3912816 | G98: =IFERROR(__xludf.DUMMYFUNCTION("sum(filter('PLA Sheet'!J:J,'PLA Sheet'!C:C=B98,'PLA Sheet'!D:D=C98))/E98*9"),2.359005603425978) -> 2.3590056 | H98: 0.57585139 | I98: 0.124871 | J98: 0.29927761 | K98: =H98-J98 -> 0.27657379 | L98: 12.683433 | M98: =('Cy Young Rank'!O$1-G98)*E98/9 -> 11.714052
A99: Jacob Misiorowski | B99: 694819 | C99: FF | D99: 620 | E99: =IFERROR(__xludf.DUMMYFUNCTION("sum(filter('PLA Sheet'!H:H,'PLA Sheet'!C:C=B99,'PLA Sheet'!D:D=C99))"),36.402061849999996) -> 36.402062 | F99: 5.3909989 | G99: =IFERROR(__xludf.DUMMYFUNCTION("sum(filter('PLA Sheet'!J:J,'PLA Sheet'!C:C=B99,'PLA Sheet'!D:D=C99))/E99*9"),2.8272699613579717) -> 2.82727 | H99: 0.58709677 | I99: 0.13870968 | J99: 0.27419355 | K99: =H99-J99 -> 0.31290323 | L99: 5.8272553 | M99: =('Cy Young Rank'!O$1-G99)*E99/9 -> 4.9859906
A100: Zack Wheeler | B100: 554430 | C100: ST | D100: 345 | E100: =IFERROR(__xludf.DUMMYFUNCTION("sum(filter('PLA Sheet'!H:H,'PLA Sheet'!C:C=B100,'PLA Sheet'!D:D=C100))"),22.131161232) -> 22.131161 | F100: 5.3877168 | G100: =IFERROR(__xludf.DUMMYFUNCTION("sum(filter('PLA Sheet'!J:J,'PLA Sheet'!C:C=B100,'PLA Sheet'!D:D=C100))/E100*9"),2.0731744041364815) -> 2.0731744 | H100: 0.50434783 | I100: 0.18550725 | J100: 0.31014493 | K100: =H100-J100 -> 0.1942029 | L100: 3.2705859 | M100: =('Cy Young Rank'!O$1-G100)*E100/9 -> 4.8856397
...

Sheet Appearance (min 60)
A1: Pitcher | B1: MLBAMID | C1: Game Date | D1: Pitches | E1: IP | F1: PLV | G1: PLV Runs | H1: PLA | I1: Quality Pitch | J1: Average Pitch | K1: Bad Pitch | L1: QP-BP | M1: Hit Luck
A2: Freddy Peralta | B2: 642547 | C2: 45916 | D2: 88 | E2: =IFERROR(__xludf.DUMMYFUNCTION("average(filter('Appearance Sheet'!F:F,'Appearance Sheet'!G:G=B2,'Appearance Sheet'!A:A=C2))"),"#N/A") -> #N/A | F2: 5.8921163 | G2: 0.41445389 | H2: =G2*9/E2 -> #N/A | I2: 0.63636364 | J2: 0.21590909 | K2: 0.14772727 | L2: =I2-K2 -> 0.48863636 | M2: 3.5057395
A3: JP Sears | B3: 676664 | C3: 45848 | D3: 84 | E3: =IFERROR(__xludf.DUMMYFUNCTION("average(filter('Appearance Sheet'!F:F,'Appearance Sheet'!G:G=B3,'Appearance Sheet'!A:A=C3))"),"#N/A") -> #N/A | F3: 5.8668803 | G3: 0.39647894 | H3: =G3*9/E3 -> #N/A | I3: 0.60714286 | J3: 0.16666667 | K3: 0.22619048 | L3: =I3-K3 -> 0.38095238 | M3: 0.96882147
A4: Ryan Bergert | B4: 686701 | C4: 45891 | D4: 90 | E4: =IFERROR(__xludf.DUMMYFUNCTION("average(filter('Appearance Sheet'!F:F,'Appearance Sheet'!G:G=B4,'Appearance Sheet'!A:A=C4))"),"#N/A") -> #N/A | F4: 5.8414648 | G4: 0.52366684 | H4: =G4*9/E4 -> #N/A | I4: 0.65555556 | J4: 0.12222222 | K4: 0.22222222 | L4: =I4-K4 -> 0.43333333 | M4: 2.0130884
A5: Joe Ryan | B5: 657746 | C5: 45787 | D5: 74 | E5: =IFERROR(__xludf.DUMMYFUNCTION("average(filter('Appearance Sheet'!F:F,'Appearance Sheet'!G:G=B5,'Appearance Sheet'!A:A=C5))"),6.0) -> 6 | F5: 5.8410733 | G5: 0.44964231 | H5: =G5*9/E5 -> 0.67446346 | I5: 0.63513513 | J5: 0.13513513 | K5: 0.22972973 | L5: =I5-K5 -> 0.4054054 | M5: 1.5992453
A6: Sean Burke | B6: 680732 | C6: 45927 | D6: 79 | E6: =IFERROR(__xludf.DUMMYFUNCTION("average(filter('Appearance Sheet'!F:F,'Appearance Sheet'!G:G=B6,'Appearance Sheet'!A:A=C6))"),"#N/A") -> #N/A | F6: 5.8260422 | G6: 0.46132068 | H6: =G6*9/E6 -> #N/A | I6: 0.62025317 | J6: 0.11392405 | K6: 0.26582279 | L6: =I6-K6 -> 0.35443038 | M6: 1.4277364
A7: Jacob Misiorowski | B7: 694819 | C7: 45901 | D7: 72 | E7: =IFERROR(__xludf.DUMMYFUNCTION("average(filter('Appearance Sheet'!F:F,'Appearance Sheet'!G:G=B7,'Appearance Sheet'!A:A=C7))"),"#N/A") -> #N/A | F7: 5.8131244 | G7: 0.46190989 | H7: =G7*9/E7 -> #N/A | I7: 0.61111111 | J7: 0.13888889 | K7: 0.25 | L7: =I7-K7 -> 0.36111111 | M7: -2.0137995
A8: Jacob deGrom | B8: 594798 | C8: 45787 | D8: 87 | E8: =IFERROR(__xludf.DUMMYFUNCTION("average(filter('Appearance Sheet'!F:F,'Appearance Sheet'!G:G=B8,'Appearance Sheet'!A:A=C8))"),5.0) -> 5 | F8: 5.8022599 | G8: 0.56598211 | H8: =G8*9/E8 -> 1.0187678 | I8: 0.63218391 | J8: 0.16091954 | K8: 0.20689655 | L8: =I8-K8 -> 0.42528736 | M8: 0.027421489
A9: Ryan Weathers | B9: 677960 | C9: 45797 | D9: 79 | E9: =IFERROR(__xludf.DUMMYFUNCTION("average(filter('Appearance Sheet'!F:F,'Appearance Sheet'!G:G=B9,'Appearance Sheet'!A:A=C9))"),5.0) -> 5 | F9: 5.7927716 | G9: 0.52444023 | H9: =G9*9/E9 -> 0.94399241 | I9: 0.63291139 | J9: 0.13924051 | K9: 0.2278481 | L9: =I9-K9 -> 0.40506329 | M9: -0.60746272
A10: Jacob deGrom | B10: 594798 | C10: 45765 | D10: 93 | E10: =IFERROR(__xludf.DUMMYFUNCTION("average(filter('Appearance Sheet'!F:F,'Appearance Sheet'!G:G=B10,'Appearance Sheet'!A:A=C10))"),7.0) -> 7 | F10: 5.7631444 | G10: 0.70644831 | H10: =G10*9/E10 -> 0.90829068 | I10: 0.64516129 | J10: 0.15053763 | K10: 0.20430107 | L10: =I10-K10 -> 0.44086021 | M10: 1.9123075
A11: Jesús Luzardo | B11: 666200 | C11: 45900 | D11: 100 | E11: =IFERROR(__xludf.DUMMYFUNCTION("average(filter('Appearance Sheet'!F:F,'Appearance Sheet'!G:G=B11,'Appearance Sheet'!A:A=C11))"),"#N/A") -> #N/A | F11: 5.7522452 | G11: 0.73603509 | H11: =G11*9/E11 -> #N/A | I11: 0.59 | J11: 0.17 | K11: 0.24 | L11: =I11-K11 -> 0.35 | M11: 3.5484489
A12: Ryne Nelson | B12: 669194 | C12: 45776 | D12: 61 | E12: =IFERROR(__xludf.DUMMYFUNCTION("average(filter('Appearance Sheet'!F:F,'Appearance Sheet'!G:G=B12,'Appearance Sheet'!A:A=C12))"),4.0) -> 4 | F12: 5.7481184 | G12: 0.4333922 | H12: =G12*9/E12 -> 0.97513245 | I12: 0.67213115 | J12: 0.1147541 | K12: 0.21311475 | L12: =I12-K12 -> 0.45901639 | M12: 2.871533
A13: Ranger Suárez | B13: 624133 | C13: 45809 | D13: 93 | E13: =IFERROR(__xludf.DUMMYFUNCTION("average(filter('Appearance Sheet'!F:F,'Appearance Sheet'!G:G=B13,'Appearance Sheet'!A:A=C13))"),6.0) -> 6 | F13: 5.7461255 | G13: 0.74290088 | H13: =G13*9/E13 -> 1.1143513 | I13: 0.6344086 | J13: 0.13978495 | K13: 0.22580645 | L13: =I13-K13 -> 0.40860215 | M13: 0.86513022
A14: Zack Wheeler | B14: 554430 | C14: 45743 | D14: 93 | E14: =IFERROR(__xludf.DUMMYFUNCTION("average(filter('Appearance Sheet'!F:F,'Appearance Sheet'!G:G=B14,'Appearance Sheet'!A:A=C14))"),6.0) -> 6 | F14: 5.7459479 | G14: 0.68795889 | H14: =G14*9/E14 -> 1.0319383 | I14: 0.64516129 | J14: 0.10752688 | K14: 0.24731183 | L14: =I14-K14 -> 0.39784946 | M14: 3.1656538
A15: Chris Sale | B15: 519242 | C15: 45826 | D15: 113 | E15: =IFERROR(__xludf.DUMMYFUNCTION("average(filter('Appearance Sheet'!F:F,'Appearance Sheet'!G:G=B15,'Appearance Sheet'!A:A=C15))"),8.666666666666666) -> 8.6666667 | F15: 5.7243238 | G15: 0.90153629 | H15: =G15*9/E15 -> 0.93621076 | I15: 0.61061947 | J15: 0.16814159 | K15: 0.22123894 | L15: =I15-K15 -> 0.38938053 | M15: 2.6497242
A16: Cristopher Sánchez | B16: 650911 | C16: 45872 | D16: 81 | E16: =IFERROR(__xludf.DUMMYFUNCTION("average(filter('Appearance Sheet'!F:F,'Appearance Sheet'!G:G=B16,'Appearance Sheet'!A:A=C16))"),"#N/A") -> #N/A | F16: 5.721816 | G16: 0.69419014 | H16: =G16*9/E16 -> #N/A | I16: 0.61728395 | J16: 0.22222222 | K16: 0.16049383 | L16: =I16-K16 -> 0.45679012 | M16: 0.14818347
A17: Drew Rasmussen | B17: 656876 | C17: 45882 | D17: 76 | E17: =IFERROR(__xludf.DUMMYFUNCTION("average(filter('Appearance Sheet'!F:F,'Appearance Sheet'!G:G=B17,'Appearance Sheet'!A:A=C17))"),"#N/A") -> #N/A | F17: 5.7183337 | G17: 0.62809991 | H17: =G17*9/E17 -> #N/A | I17: 0.72368421 | J17: 0.14473684 | K17: 0.13157895 | L17: =I17-K17 -> 0.59210526 | M17: 1.5271255
A18: Mitch Spence | B18: 687765 | C18: 45824 | D18: 82 | E18: =IFERROR(__xludf.DUMMYFUNCTION("average(filter('Appearance Sheet'!F:F,'Appearance Sheet'!G:G=B18,'Appearance Sheet'!A:A=C18))"),5.0) -> 5 | F18: 5.7122269 | G18: 0.67086999 | H18: =G18*9/E18 -> 1.207566 | I18: 0.62195122 | J18: 0.1097561 | K18: 0.26829268 | L18: =I18-K18 -> 0.35365854 | M18: -1.9564509
A19: Pablo López | B19: 641154 | C19: 45743 | D19: 86 | E19: =IFERROR(__xludf.DUMMYFUNCTION("average(filter('Appearance Sheet'!F:F,'Appearance Sheet'!G:G=B19,'Appearance Sheet'!A:A=C19))"),5.0) -> 5 | F19: 5.6994804 | G19: 0.76714 | H19: =G19*9/E19 -> 1.380852 | I19: 0.59302326 | J19: 0.19767442 | K19: 0.20930233 | L19: =I19-K19 -> 0.38372093 | M19: -1.3684936
A20: Nick Pivetta | B20: 601713 | C20: 45776 | D20: 85 | E20: =IFERROR(__xludf.DUMMYFUNCTION("average(filter('Appearance Sheet'!F:F,'Appearance Sheet'!G:G=B20,'Appearance Sheet'!A:A=C20))"),5.333333333333333) -> 5.3333333 | F20: 5.6990694 | G20: 0.74789186 | H20: =G20*9/E20 -> 1.2620675 | I20: 0.64705882 | J20: 0.11764706 | K20: 0.23529412 | L20: =I20-K20 -> 0.41176471 | M20: -0.63340862
A21: Zack Wheeler | B21: 554430 | C21: 45783 | D21: 84 | E21: =IFERROR(__xludf.DUMMYFUNCTION("average(filter('Appearance Sheet'!F:F,'Appearance Sheet'!G:G=B21,'Appearance Sheet'!A:A=C21))"),7.0) -> 7 | F21: 5.6873379 | G21: 0.77731967 | H21: =G21*9/E21 -> 0.999411 | I21: 0.54761905 | J21: 0.26190476 | K21: 0.19047619 | L21: =I21-K21 -> 0.35714286 | M21: 0.89342727
A22: Zack Wheeler | B22: 554430 | C22: 45817 | D22: 101 | E22: =IFERROR(__xludf.DUMMYFUNCTION("average(filter('Appearance Sheet'!F:F,'Appearance Sheet'!G:G=B22,'Appearance Sheet'!A:A=C22))"),6.0) -> 6 | F22: 5.6865615 | G22: 0.86632375 | H22: =G22*9/E22 -> 1.2994856 | I22: 0.59405941 | J22: 0.16831683 | K22: 0.23762376 | L22: =I22-K22 -> 0.35643564 | M22: 2.4439463
A23: Sean Manaea | B23: 640455 | C23: 45851 | D23: 63 | E23: =IFERROR(__xludf.DUMMYFUNCTION("average(filter('Appearance Sheet'!F:F,'Appearance Sheet'!G:G=B23,'Appearance Sheet'!A:A=C23))"),"#N/A") -> #N/A | F23: 5.6837252 | G23: 0.56590282 | H23: =G23*9/E23 -> #N/A | I23: 0.55555556 | J23: 0.25396825 | K23: 0.19047619 | L23: =I23-K23 -> 0.36507937 | M23: -1.7403736
A24: Jacob Latz | B24: 656641 | C24: 45896 | D24: 64 | E24: =IFERROR(__xludf.DUMMYFUNCTION("average(filter('Appearance Sheet'!F:F,'Appearance Sheet'!G:G=B24,'Appearance Sheet'!A:A=C24))"),"#N/A") -> #N/A | F24: 5.6716953 | G24: 0.61057405 | H24: =G24*9/E24 -> #N/A | I24: 0.6875 | J24: 0.0625 | K24: 0.25 | L24: =I24-K24 -> 0.4375 | M24: -0.83500082
A25: Hunter Dobbins | B25: 690928 | C25: 45801 | D25: 70 | E25: =IFERROR(__xludf.DUMMYFUNCTION("average(filter('Appearance Sheet'!F:F,'Appearance Sheet'!G:G=B25,'Appearance Sheet'!A:A=C25))"),4.0) -> 4 | F25: 5.6669087 | G25: 0.66313817 | H25: =G25*9/E25 -> 1.4920609 | I25: 0.57142857 | J25: 0.18571429 | K25: 0.24285714 | L25: =I25-K25 -> 0.32857143 | M25: -1.3547923
A26: Luis Morales | B26: 806960 | C26: 45891 | D26: 94 | E26: =IFERROR(__xludf.DUMMYFUNCTION("average(filter('Appearance Sheet'!F:F,'Appearance Sheet'!G:G=B26,'Appearance Sheet'!A:A=C26))"),"#N/A") -> #N/A | F26: 5.6657527 | G26: 0.84468298 | H26: =G26*9/E26 -> #N/A | I26: 0.56382979 | J26: 0.19148936 | K26: 0.24468085 | L26: =I26-K26 -> 0.31914894 | M26: 3.5855466
A27: George Kirby | B27: 669923 | C27: 45833 | D27: 88 | E27: =IFERROR(__xludf.DUMMYFUNCTION("average(filter('Appearance Sheet'!F:F,'Appearance Sheet'!G:G=B27,'Appearance Sheet'!A:A=C27))"),6.0) -> 6 | F27: 5.66051 | G27: 0.80629529 | H27: =G27*9/E27 -> 1.2094429 | I27: 0.53409091 | J27: 0.26136364 | K27: 0.20454545 | L27: =I27-K27 -> 0.32954545 | M27: 1.7797782
A28: Joe Ryan | B28: 657746 | C28: 45888 | D28: 86 | E28: =IFERROR(__xludf.DUMMYFUNCTION("average(filter('Appearance Sheet'!F:F,'Appearance Sheet'!G:G=B28,'Appearance Sheet'!A:A=C28))"),"#N/A") -> #N/A | F28: 5.6590462 | G28: 0.7596841 | H28: =G28*9/E28 -> #N/A | I28: 0.52325581 | J28: 0.13953488 | K28: 0.3372093 | L28: =I28-K28 -> 0.18604651 | M28: -2.7513565
A29: Jack Flaherty | B29: 656427 | C29: 45910 | D29: 96 | E29: =IFERROR(__xludf.DUMMYFUNCTION("average(filter('Appearance Sheet'!F:F,'Appearance Sheet'!G:G=B29,'Appearance Sheet'!A:A=C29))"),"#N/A") -> #N/A | F29: 5.6568125 | G29: 0.84070737 | H29: =G29*9/E29 -> #N/A | I29: 0.5625 | J29: 0.10416667 | K29: 0.33333333 | L29: =I29-K29 -> 0.22916667 | M29: 2.7742685
A30: Sonny Gray | B30: 543243 | C30: 45796 | D30: 88 | E30: =IFERROR(__xludf.DUMMYFUNCTION("average(filter('Appearance Sheet'!F:F,'Appearance Sheet'!G:G=B30,'Appearance Sheet'!A:A=C30))"),6.0) -> 6 | F30: 5.6568059 | G30: 0.80124964 | H30: =G30*9/E30 -> 1.2018745 | I30: 0.61363636 | J30: 0.125 | K30: 0.26136364 | L30: =I30-K30 -> 0.35227273 | M30: 2.1482673
A31: Paul Skenes | B31: 694973 | C31: 45795 | D31: 101 | E31: =IFERROR(__xludf.DUMMYFUNCTION("average(filter('Appearance Sheet'!F:F,'Appearance Sheet'!G:G=B31,'Appearance Sheet'!A:A=C31))"),8.0) -> 8 | F31: 5.6548927 | G31: 0.94106471 | H31: =G31*9/E31 -> 1.0586978 | I31: 0.64356436 | J31: 0.15841584 | K31: 0.1980198 | L31: =I31-K31 -> 0.44554455 | M31: 2.7498775
A32: Garrett Crochet | B32: 676979 | C32: 45892 | D32: 101 | E32: =IFERROR(__xludf.DUMMYFUNCTION("average(filter('Appearance Sheet'!F:F,'Appearance Sheet'!G:G=B32,'Appearance Sheet'!A:A=C32))"),"#N/A") -> #N/A | F32: 5.6537855 | G32: 0.97603694 | H32: =G32*9/E32 -> #N/A | I32: 0.61386139 | J32: 0.11881188 | K32: 0.26732673 | L32: =I32-K32 -> 0.34653465 | M32: 2.7413963
A33: Janson Junk | B33: 676083 | C33: 45828 | D33: 78 | E33: =IFERROR(__xludf.DUMMYFUNCTION("average(filter('Appearance Sheet'!F:F,'Appearance Sheet'!G:G=B33,'Appearance Sheet'!A:A=C33))"),5.0) -> 5 | F33: 5.6533599 | G33: 0.75845769 | H33: =G33*9/E33 -> 1.3652238 | I33: 0.57692308 | J33: 0.23076923 | K33: 0.19230769 | L33: =I33-K33 -> 0.38461538 | M33: -0.003014538
A34: Aaron Nola | B34: 605400 | C34: 45926 | D34: 86 | E34: =IFERROR(__xludf.DUMMYFUNCTION("average(filter('Appearance Sheet'!F:F,'Appearance Sheet'!G:G=B34,'Appearance Sheet'!A:A=C34))"),"#N/A") -> #N/A | F34: 5.6487124 | G34: 0.88932511 | H34: =G34*9/E34 -> #N/A | I34: 0.63953488 | J34: 0.13953488 | K34: 0.22093023 | L34: =I34-K34 -> 0.41860465 | M34: 3.7514465
A35: Jack Leiter | B35: 683004 | C35: 45749 | D35: 68 | E35: =IFERROR(__xludf.DUMMYFUNCTION("average(filter('Appearance Sheet'!F:F,'Appearance Sheet'!G:G=B35,'Appearance Sheet'!A:A=C35))"),5.0) -> 5 | F35: 5.6462648 | G35: 0.65768927 | H35: =G35*9/E35 -> 1.1838407 | I35: 0.60294118 | J35: 0.11764706 | K35: 0.27941176 | L35: =I35-K35 -> 0.32352941 | M35: 2.381925
A36: Logan Webb | B36: 657277 | C36: 45886 | D36: 85 | E36: =IFERROR(__xludf.DUMMYFUNCTION("average(filter('Appearance Sheet'!F:F,'Appearance Sheet'!G:G=B36,'Appearance Sheet'!A:A=C36))"),"#N/A") -> #N/A | F36: 5.6434948 | G36: 0.84452869 | H36: =G36*9/E36 -> #N/A | I36: 0.57647059 | J36: 0.23529412 | K36: 0.18823529 | L36: =I36-K36 -> 0.38823529 | M36: 2.4280721
A37: Cole Ragans | B37: 666142 | C37: 45793 | D37: 83 | E37: =IFERROR(__xludf.DUMMYFUNCTION("average(filter('Appearance Sheet'!F:F,'Appearance Sheet'!G:G=B37,'Appearance Sheet'!A:A=C37))"),5.0) -> 5 | F37: 5.6432288 | G37: 0.80945942 | H37: =G37*9/E37 -> 1.457027 | I37: 0.56626506 | J37: 0.18072289 | K37: 0.25301205 | L37: =I37-K37 -> 0.31325301 | M37: -0.18413777
A38: Yoshinobu Yamamoto | B38: 808967 | C38: 45893 | D38: 92 | E38: =IFERROR(__xludf.DUMMYFUNCTION("average(filter('Appearance Sheet'!F:F,'Appearance Sheet'!G:G=B38,'Appearance Sheet'!A:A=C38))"),"#N/A") -> #N/A | F38: 5.6386871 | G38: 0.92368816 | H38: =G38*9/E38 -> #N/A | I38: 0.55434783 | J38: 0.17391304 | K38: 0.27173913 | L38: =I38-K38 -> 0.2826087 | M38: 1.1536812
A39: Kevin Gausman | B39: 592332 | C39: 45751 | D39: 80 | E39: =IFERROR(__xludf.DUMMYFUNCTION("average(filter('Appearance Sheet'!F:F,'Appearance Sheet'!G:G=B39,'Appearance Sheet'!A:A=C39))"),5.333333333333333) -> 5.3333333 | F39: 5.6357167 | G39: 0.7657182 | H39: =G39*9/E39 -> 1.2921495 | I39: 0.6375 | J39: 0.0875 | K39: 0.275 | L39: =I39-K39 -> 0.3625 | M39: 1.7529431
A40: Blake Snell | B40: 605483 | C40: 45917 | D40: 112 | E40: =IFERROR(__xludf.DUMMYFUNCTION("average(filter('Appearance Sheet'!F:F,'Appearance Sheet'!G:G=B40,'Appearance Sheet'!A:A=C40))"),"#N/A") -> #N/A | F40: 5.6347415 | G40: 1.0692975 | H40: =G40*9/E40 -> #N/A | I40: 0.59821429 | J40: 0.13392857 | K40: 0.26785714 | L40: =I40-K40 -> 0.33035714 | M40: 2.7192056
A41: Blake Snell | B41: 605483 | C41: 45910 | D41: 98 | E41: =IFERROR(__xludf.DUMMYFUNCTION("average(filter('Appearance Sheet'!F:F,'Appearance Sheet'!G:G=B41,'Appearance Sheet'!A:A=C41))"),"#N/A") -> #N/A | F41: 5.6338681 | G41: 0.93805605 | H41: =G41*9/E41 -> #N/A | I41: 0.55102041 | J41: 0.16326531 | K41: 0.28571429 | L41: =I41-K41 -> 0.26530612 | M41: 2.7727653
A42: Max Scherzer | B42: 453286 | C42: 45838 | D42: 71 | E42: =IFERROR(__xludf.DUMMYFUNCTION("average(filter('Appearance Sheet'!F:F,'Appearance Sheet'!G:G=B42,'Appearance Sheet'!A:A=C42))"),5.0) -> 5 | F42: 5.6337153 | G42: 0.71162446 | H42: =G42*9/E42 -> 1.280924 | I42: 0.5915493 | J42: 0.15492958 | K42: 0.25352113 | L42: =I42-K42 -> 0.33802817 | M42: 1.3779914
A43: Shota Imanaga | B43: 684007 | C43: 45745 | D43: 87 | E43: =IFERROR(__xludf.DUMMYFUNCTION("average(filter('Appearance Sheet'!F:F,'Appearance Sheet'!G:G=B43,'Appearance Sheet'!A:A=C43))"),7.0) -> 7 | F43: 5.6294675 | G43: 0.88456102 | H43: =G43*9/E43 -> 1.1372927 | I43: 0.55172414 | J43: 0.16091954 | K43: 0.28735632 | L43: =I43-K43 -> 0.26436782 | M43: 1.1665357
A44: Max Meyer | B44: 676974 | C44: 45793 | D44: 80 | E44: =IFERROR(__xludf.DUMMYFUNCTION("average(filter('Appearance Sheet'!F:F,'Appearance Sheet'!G:G=B44,'Appearance Sheet'!A:A=C44))"),5.0) -> 5 | F44: 5.626584 | G44: 0.82347082 | H44: =G44*9/E44 -> 1.4822475 | I44: 0.5875 | J44: 0.2375 | K44: 0.175 | L44: =I44-K44 -> 0.4125 | M44: 0.28237299
A45: Michael King | B45: 650633 | C45: 45772 | D45: 88 | E45: =IFERROR(__xludf.DUMMYFUNCTION("average(filter('Appearance Sheet'!F:F,'Appearance Sheet'!G:G=B45,'Appearance Sheet'!A:A=C45))"),5.0) -> 5 | F45: 5.6246881 | G45: 0.86265306 | H45: =G45*9/E45 -> 1.5527755 | I45: 0.64772727 | J45: 0.090909091 | K45: 0.26136364 | L45: =I45-K45 -> 0.38636364 | M45: 0.81107913
A46: Jesús Luzardo | B46: 666200 | C46: 45911 | D46: 97 | E46: =IFERROR(__xludf.DUMMYFUNCTION("average(filter('Appearance Sheet'!F:F,'Appearance Sheet'!G:G=B46,'Appearance Sheet'!A:A=C46))"),"#N/A") -> #N/A | F46: 5.6243971 | G46: 0.9939249 | H46: =G46*9/E46 -> #N/A | I46: 0.6185567 | J46: 0.15463917 | K46: 0.22680412 | L46: =I46-K46 -> 0.39175258 | M46: 0.059794993
A47: Andrew Abbott | B47: 671096 | C47: 45910 | D47: 98 | E47: =IFERROR(__xludf.DUMMYFUNCTION("average(filter('Appearance Sheet'!F:F,'Appearance Sheet'!G:G=B47,'Appearance Sheet'!A:A=C47))"),"#N/A") -> #N/A | F47: 5.622893 | G47: 1.041902 | H47: =G47*9/E47 -> #N/A | I47: 0.58163265 | J47: 0.18367347 | K47: 0.23469388 | L47: =I47-K47 -> 0.34693877 | M47: -0.24757259
A48: Aaron Nola | B48: 605400 | C48: 45892 | D48: 94 | E48: =IFERROR(__xludf.DUMMYFUNCTION("average(filter('Appearance Sheet'!F:F,'Appearance Sheet'!G:G=B48,'Appearance Sheet'!A:A=C48))"),"#N/A") -> #N/A | F48: 5.6225507 | G48: 0.97645448 | H48: =G48*9/E48 -> #N/A | I48: 0.62765957 | J48: 0.19148936 | K48: 0.18085106 | L48: =I48-K48 -> 0.44680851 | M48: 1.0052213
A49: Brandon Woodruff | B49: 605540 | C49: 45844 | D49: 68 | E49: =IFERROR(__xludf.DUMMYFUNCTION("average(filter('Appearance Sheet'!F:F,'Appearance Sheet'!G:G=B49,'Appearance Sheet'!A:A=C49))"),"#N/A") -> #N/A | F49: 5.6217359 | G49: 0.72621647 | H49: =G49*9/E49 -> #N/A | I49: 0.60294118 | J49: 0.25 | K49: 0.14705882 | L49: =I49-K49 -> 0.45588235 | M49: 2.0403825
A50: Jacob Misiorowski | B50: 694819 | C50: 45860 | D50: 62 | E50: =IFERROR(__xludf.DUMMYFUNCTION("average(filter('Appearance Sheet'!F:F,'Appearance Sheet'!G:G=B50,'Appearance Sheet'!A:A=C50))"),"#N/A") -> #N/A | F50: 5.6200404 | G50: 0.60382737 | H50: =G50*9/E50 -> #N/A | I50: 0.58064516 | J50: 0.080645161 | K50: 0.33870968 | L50: =I50-K50 -> 0.24193548 | M50: -0.076651859
A51: MacKenzie Gore | B51: 669022 | C51: 45818 | D51: 85 | E51: =IFERROR(__xludf.DUMMYFUNCTION("average(filter('Appearance Sheet'!F:F,'Appearance Sheet'!G:G=B51,'Appearance Sheet'!A:A=C51))"),6.0) -> 6 | F51: 5.6188056 | G51: 0.88683039 | H51: =G51*9/E51 -> 1.3302456 | I51: 0.58823529 | J51: 0.10588235 | K51: 0.30588235 | L51: =I51-K51 -> 0.28235294 | M51: -0.72638672
A52: Bowden Francis | B52: 670102 | C52: 45770 | D52: 76 | E52: =IFERROR(__xludf.DUMMYFUNCTION("average(filter('Appearance Sheet'!F:F,'Appearance Sheet'!G:G=B52,'Appearance Sheet'!A:A=C52))"),4.666666666666667) -> 4.6666667 | F52: 5.6149596 | G52: 0.80358188 | H52: =G52*9/E52 -> 1.549765 | I52: 0.57894737 | J52: 0.15789474 | K52: 0.26315789 | L52: =I52-K52 -> 0.31578947 | M52: -3.524548
A53: Shane Bieber | B53: 669456 | C53: 45891 | D53: 86 | E53: =IFERROR(__xludf.DUMMYFUNCTION("average(filter('Appearance Sheet'!F:F,'Appearance Sheet'!G:G=B53,'Appearance Sheet'!A:A=C53))"),"#N/A") -> #N/A | F53: 5.6144271 | G53: 0.85929282 | H53: =G53*9/E53 -> #N/A | I53: 0.56976744 | J53: 0.1627907 | K53: 0.26744186 | L53: =I53-K53 -> 0.30232558 | M53: 1.5552034
A54: Paul Skenes | B54: 694973 | C54: 45844 | D54: 76 | E54: =IFERROR(__xludf.DUMMYFUNCTION("average(filter('Appearance Sheet'!F:F,'Appearance Sheet'!G:G=B54,'Appearance Sheet'!A:A=C54))"),"#N/A") -> #N/A | F54: 5.6106936 | G54: 0.77851087 | H54: =G54*9/E54 -> #N/A | I54: 0.61842105 | J54: 0.15789474 | K54: 0.22368421 | L54: =I54-K54 -> 0.39473684 | M54: -0.55470169
A55: Logan Webb | B55: 657277 | C55: 45827 | D55: 94 | E55: =IFERROR(__xludf.DUMMYFUNCTION("average(filter('Appearance Sheet'!F:F,'Appearance Sheet'!G:G=B55,'Appearance Sheet'!A:A=C55))"),7.0) -> 7 | F55: 5.6086347 | G55: 0.97678234 | H55: =G55*9/E55 -> 1.255863 | I55: 0.57446809 | J55: 0.14893617 | K55: 0.27659575 | L55: =I55-K55 -> 0.29787234 | M55: -1.8045865
A56: Trevor Williams | B56: 592866 | C56: 45805 | D56: 75 | E56: =IFERROR(__xludf.DUMMYFUNCTION("average(filter('Appearance Sheet'!F:F,'Appearance Sheet'!G:G=B56,'Appearance Sheet'!A:A=C56))"),6.0) -> 6 | F56: 5.6085657 | G56: 0.79051525 | H56: =G56*9/E56 -> 1.1857729 | I56: 0.57333333 | J56: 0.25333333 | K56: 0.17333333 | L56: =I56-K56 -> 0.4 | M56: 1.9117692
A57: Ryan Gusto | B57: 687473 | C57: 45759 | D57: 71 | E57: =IFERROR(__xludf.DUMMYFUNCTION("average(filter('Appearance Sheet'!F:F,'Appearance Sheet'!G:G=B57,'Appearance Sheet'!A:A=C57))"),4.0) -> 4 | F57: 5.6067532 | G57: 0.76494589 | H57: =G57*9/E57 -> 1.7211282 | I57: 0.64788732 | J57: 0.11267606 | K57: 0.23943662 | L57: =I57-K57 -> 0.4084507 | M57: -0.39027769
A58: George Kirby | B58: 669923 | C58: 45816 | D58: 95 | E58: =IFERROR(__xludf.DUMMYFUNCTION("average(filter('Appearance Sheet'!F:F,'Appearance Sheet'!G:G=B58,'Appearance Sheet'!A:A=C58))"),7.0) -> 7 | F58: 5.6042228 | G58: 1.0178882 | H58: =G58*9/E58 -> 1.3087134 | I58: 0.54736842 | J58: 0.25263158 | K58: 0.2 | L58: =I58-K58 -> 0.34736842 | M58: 4.234265
A59: Brady Singer | B59: 663903 | C59: 45912 | D59: 89 | E59: =IFERROR(__xludf.DUMMYFUNCTION("average(filter('Appearance Sheet'!F:F,'Appearance Sheet'!G:G=B59,'Appearance Sheet'!A:A=C59))"),"#N/A") -> #N/A | F59: 5.6037997 | G59: 0.89989395 | H59: =G59*9/E59 -> #N/A | I59: 0.57303371 | J59: 0.15730337 | K59: 0.26966292 | L59: =I59-K59 -> 0.30337079 | M59: 1.2168243
A60: Jacob Misiorowski | B60: 694819 | C60: 45895 | D60: 92 | E60: =IFERROR(__xludf.DUMMYFUNCTION("average(filter('Appearance Sheet'!F:F,'Appearance Sheet'!G:G=B60,'Appearance Sheet'!A:A=C60))"),"#N/A") -> #N/A | F60: 5.6030736 | G60: 0.99213364 | H60: =G60*9/E60 -> #N/A | I60: 0.56521739 | J60: 0.2173913 | K60: 0.2173913 | L60: =I60-K60 -> 0.34782609 | M60: 1.3259769
A61: Pablo López | B61: 641154 | C61: 45777 | D61: 88 | E61: =IFERROR(__xludf.DUMMYFUNCTION("average(filter('Appearance Sheet'!F:F,'Appearance Sheet'!G:G=B61,'Appearance Sheet'!A:A=C61))"),6.333333333333333) -> 6.3333333 | F61: 5.6025738 | G61: 0.94452248 | H61: =G61*9/E61 -> 1.3422162 | I61: 0.60227273 | J61: 0.17045455 | K61: 0.22727273 | L61: =I61-K61 -> 0.375 | M61: 1.3907832
A62: Jack Flaherty | B62: 656427 | C62: 45924 | D62: 75 | E62: =IFERROR(__xludf.DUMMYFUNCTION("average(filter('Appearance Sheet'!F:F,'Appearance Sheet'!G:G=B62,'Appearance Sheet'!A:A=C62))"),"#N/A") -> #N/A | F62: 5.6015566 | G62: 0.79740196 | H62: =G62*9/E62 -> #N/A | I62: 0.61333333 | J62: 0.093333333 | K62: 0.29333333 | L62: =I62-K62 -> 0.32 | M62: -1.2175152
A63: Tomoyuki Sugano | B63: 608372 | C63: 45871 | D63: 87 | E63: =IFERROR(__xludf.DUMMYFUNCTION("average(filter('Appearance Sheet'!F:F,'Appearance Sheet'!G:G=B63,'Appearance Sheet'!A:A=C63))"),"#N/A") -> #N/A | F63: 5.5995794 | G63: 0.94195528 | H63: =G63*9/E63 -> #N/A | I63: 0.55172414 | J63: 0.16091954 | K63: 0.28735632 | L63: =I63-K63 -> 0.26436782 | M63: 1.718093
A64: Cristopher Sánchez | B64: 650911 | C64: 45827 | D64: 88 | E64: =IFERROR(__xludf.DUMMYFUNCTION("average(filter('Appearance Sheet'!F:F,'Appearance Sheet'!G:G=B64,'Appearance Sheet'!A:A=C64))"),8.0) -> 8 | F64: 5.5977093 | G64: 0.92341971 | H64: =G64*9/E64 -> 1.0388472 | I64: 0.61363636 | J64: 0.15909091 | K64: 0.22727273 | L64: =I64-K64 -> 0.38636364 | M64: 2.6699145
A65: Ryne Nelson | B65: 669194 | C65: 45843 | D65: 82 | E65: =IFERROR(__xludf.DUMMYFUNCTION("average(filter('Appearance Sheet'!F:F,'Appearance Sheet'!G:G=B65,'Appearance Sheet'!A:A=C65))"),"#N/A") -> #N/A | F65: 5.5974143 | G65: 0.92005344 | H65: =G65*9/E65 -> #N/A | I65: 0.58536585 | J65: 0.20731707 | K65: 0.20731707 | L65: =I65-K65 -> 0.37804878 | M65: 0.013806795
A66: Jacob Misiorowski | B66: 694819 | C66: 45833 | D66: 72 | E66: =IFERROR(__xludf.DUMMYFUNCTION("average(filter('Appearance Sheet'!F:F,'Appearance Sheet'!G:G=B66,'Appearance Sheet'!A:A=C66))"),5.0) -> 5 | F66: 5.5945421 | G66: 0.77963274 | H66: =G66*9/E66 -> 1.4033389 | I66: 0.625 | J66: 0.125 | K66: 0.25 | L66: =I66-K66 -> 0.375 | M66: 2.2308708
A67: Didier Fuentes | B67: 800311 | C67: 45828 | D67: 84 | E67: =IFERROR(__xludf.DUMMYFUNCTION("average(filter('Appearance Sheet'!F:F,'Appearance Sheet'!G:G=B67,'Appearance Sheet'!A:A=C67))"),5.0) -> 5 | F67: 5.5939137 | G67: 0.90781488 | H67: =G67*9/E67 -> 1.6340668 | I67: 0.5952381 | J67: 0.13095238 | K67: 0.27380952 | L67: =I67-K67 -> 0.32142857 | M67: -2.3879903
A68: Jacob deGrom | B68: 594798 | C68: 45839 | D68: 90 | E68: =IFERROR(__xludf.DUMMYFUNCTION("average(filter('Appearance Sheet'!F:F,'Appearance Sheet'!G:G=B68,'Appearance Sheet'!A:A=C68))"),6.0) -> 6 | F68: 5.5938743 | G68: 0.97895329 | H68: =G68*9/E68 -> 1.4684299 | I68: 0.6 | J68: 0.18888889 | K68: 0.21111111 | L68: =I68-K68 -> 0.38888889 | M68: 0.26880789
A69: Jacob Latz | B69: 656641 | C69: 45908 | D69: 84 | E69: =IFERROR(__xludf.DUMMYFUNCTION("average(filter('Appearance Sheet'!F:F,'Appearance Sheet'!G:G=B69,'Appearance Sheet'!A:A=C69))"),"#N/A") -> #N/A | F69: 5.5933163 | G69: 0.92790135 | H69: =G69*9/E69 -> #N/A | I69: 0.63095238 | J69: 0.11904762 | K69: 0.25 | L69: =I69-K69 -> 0.38095238 | M69: 1.2184252
A70: Janson Junk | B70: 676083 | C70: 45840 | D70: 83 | E70: =IFERROR(__xludf.DUMMYFUNCTION("average(filter('Appearance Sheet'!F:F,'Appearance Sheet'!G:G=B70,'Appearance Sheet'!A:A=C70))"),6.0) -> 6 | F70: 5.5916867 | G70: 0.89489913 | H70: =G70*9/E70 -> 1.3423487 | I70: 0.54216867 | J70: 0.22891566 | K70: 0.22891566 | L70: =I70-K70 -> 0.31325301 | M70: -0.77921638
A71: Dylan Cease | B71: 656302 | C71: 45797 | D71: 99 | E71: =IFERROR(__xludf.DUMMYFUNCTION("average(filter('Appearance Sheet'!F:F,'Appearance Sheet'!G:G=B71,'Appearance Sheet'!A:A=C71))"),7.0) -> 7 | F71: 5.5853605 | G71: 1.0756822 | H71: =G71*9/E71 -> 1.38302 | I71: 0.58585859 | J71: 0.13131313 | K71: 0.28282828 | L71: =I71-K71 -> 0.3030303 | M71: 2.0969888
A72: Logan Gilbert | B72: 669302 | C72: 45870 | D72: 81 | E72: =IFERROR(__xludf.DUMMYFUNCTION("average(filter('Appearance Sheet'!F:F,'Appearance Sheet'!G:G=B72,'Appearance Sheet'!A:A=C72))"),"#N/A") -> #N/A | F72: 5.583142 | G72: 0.88324017 | H72: =G72*9/E72 -> #N/A | I72: 0.59259259 | J72: 0.16049383 | K72: 0.24691358 | L72: =I72-K72 -> 0.34567901 | M72: 0.14230459
A73: Hunter Greene | B73: 668881 | C73: 45882 | D73: 82 | E73: =IFERROR(__xludf.DUMMYFUNCTION("average(filter('Appearance Sheet'!F:F,'Appearance Sheet'!G:G=B73,'Appearance Sheet'!A:A=C73))"),"#N/A") -> #N/A | F73: 5.5823607 | G73: 0.91443036 | H73: =G73*9/E73 -> #N/A | I73: 0.53658537 | J73: 0.20731707 | K73: 0.25609756 | L73: =I73-K73 -> 0.2804878 | M73: 1.3350233
A74: Zack Wheeler | B74: 554430 | C74: 45844 | D74: 107 | E74: =IFERROR(__xludf.DUMMYFUNCTION("average(filter('Appearance Sheet'!F:F,'Appearance Sheet'!G:G=B74,'Appearance Sheet'!A:A=C74))"),"#N/A") -> #N/A | F74: 5.5811438 | G74: 1.2002424 | H74: =G74*9/E74 -> #N/A | I74: 0.58878505 | J74: 0.17757009 | K74: 0.23364486 | L74: =I74-K74 -> 0.35514019 | M74: 4.8253
A75: Jesús Luzardo | B75: 666200 | C75: 45802 | D75: 103 | E75: =IFERROR(__xludf.DUMMYFUNCTION("average(filter('Appearance Sheet'!F:F,'Appearance Sheet'!G:G=B75,'Appearance Sheet'!A:A=C75))"),7.0) -> 7 | F75: 5.5786243 | G75: 1.1651618 | H75: =G75*9/E75 -> 1.4980652 | I75: 0.55339806 | J75: 0.19417476 | K75: 0.25242718 | L75: =I75-K75 -> 0.30097087 | M75: -3.0650092
A76: Aaron Nola | B76: 605400 | C76: 45746 | D76: 92 | E76: =IFERROR(__xludf.DUMMYFUNCTION("average(filter('Appearance Sheet'!F:F,'Appearance Sheet'!G:G=B76,'Appearance Sheet'!A:A=C76))"),5.333333333333333) -> 5.3333333 | F76: 5.5773345 | G76: 0.98207608 | H76: =G76*9/E76 -> 1.6572534 | I76: 0.58695652 | J76: 0.086956522 | K76: 0.32608696 | L76: =I76-K76 -> 0.26086957 | M76: -1.5672529
A77: Drew Rasmussen | B77: 656876 | C77: 45871 | D77: 65 | E77: =IFERROR(__xludf.DUMMYFUNCTION("average(filter('Appearance Sheet'!F:F,'Appearance Sheet'!G:G=B77,'Appearance Sheet'!A:A=C77))"),"#N/A") -> #N/A | F77: 5.5747896 | G77: 0.75215035 | H77: =G77*9/E77 -> #N/A | I77: 0.55384615 | J77: 0.21538462 | K77: 0.23076923 | L77: =I77-K77 -> 0.32307692 | M77: 1.5617328
A78: Colton Gordon | B78: 676467 | C78: 45827 | D78: 89 | E78: =IFERROR(__xludf.DUMMYFUNCTION("average(filter('Appearance Sheet'!F:F,'Appearance Sheet'!G:G=B78,'Appearance Sheet'!A:A=C78))"),5.0) -> 5 | F78: 5.5738713 | G78: 1.0169183 | H78: =G78*9/E78 -> 1.8304529 | I78: 0.57303371 | J78: 0.15730337 | K78: 0.26966292 | L78: =I78-K78 -> 0.30337079 | M78: -1.8128394
A79: Framber Valdez | B79: 664285 | C79: 45755 | D79: 91 | E79: =IFERROR(__xludf.DUMMYFUNCTION("average(filter('Appearance Sheet'!F:F,'Appearance Sheet'!G:G=B79,'Appearance Sheet'!A:A=C79))"),6.0) -> 6 | F79: 5.5732067 | G79: 0.99458096 | H79: =G79*9/E79 -> 1.4918714 | I79: 0.54945055 | J79: 0.23076923 | K79: 0.21978022 | L79: =I79-K79 -> 0.32967033 | M79: 5.5029494
A80: Ryan Yarbrough | B80: 642232 | C80: 45798 | D80: 81 | E80: =IFERROR(__xludf.DUMMYFUNCTION("average(filter('Appearance Sheet'!F:F,'Appearance Sheet'!G:G=B80,'Appearance Sheet'!A:A=C80))"),5.0) -> 5 | F80: 5.573135 | G80: 0.910214 | H80: =G80*9/E80 -> 1.6383852 | I80: 0.62962963 | J80: 0.14814815 | K80: 0.22222222 | L80: =I80-K80 -> 0.40740741 | M80: 2.0935723
A81: Andrew Heaney | B81: 571760 | C81: 45746 | D81: 75 | E81: =IFERROR(__xludf.DUMMYFUNCTION("average(filter('Appearance Sheet'!F:F,'Appearance Sheet'!G:G=B81,'Appearance Sheet'!A:A=C81))"),5.0) -> 5 | F81: 5.5728696 | G81: 0.8523327 | H81: =G81*9/E81 -> 1.5341989 | I81: 0.6 | J81: 0.10666667 | K81: 0.29333333 | L81: =I81-K81 -> 0.30666667 | M81: 0.59940143
A82: Hunter Greene | B82: 668881 | C82: 45779 | D82: 113 | E82: =IFERROR(__xludf.DUMMYFUNCTION("average(filter('Appearance Sheet'!F:F,'Appearance Sheet'!G:G=B82,'Appearance Sheet'!A:A=C82))"),6.0) -> 6 | F82: 5.5712732 | G82: 1.2376799 | H82: =G82*9/E82 -> 1.8565198 | I82: 0.56637168 | J82: 0.15044248 | K82: 0.28318584 | L82: =I82-K82 -> 0.28318584 | M82: 3.3267656
A83: Zebby Matthews | B83: 805673 | C83: 45863 | D83: 79 | E83: =IFERROR(__xludf.DUMMYFUNCTION("average(filter('Appearance Sheet'!F:F,'Appearance Sheet'!G:G=B83,'Appearance Sheet'!A:A=C83))"),"#N/A") -> #N/A | F83: 5.5687907 | G83: 0.89440461 | H83: =G83*9/E83 -> #N/A | I83: 0.59493671 | J83: 0.18987342 | K83: 0.21518987 | L83: =I83-K83 -> 0.37974684 | M83: 2.9009142
A84: Drew Rasmussen | B84: 656876 | C84: 45794 | D84: 81 | E84: =IFERROR(__xludf.DUMMYFUNCTION("average(filter('Appearance Sheet'!F:F,'Appearance Sheet'!G:G=B84,'Appearance Sheet'!A:A=C84))"),6.0) -> 6 | F84: 5.5678157 | G84: 0.94740575 | H84: =G84*9/E84 -> 1.4211086 | I84: 0.60493827 | J84: 0.16049383 | K84: 0.2345679 | L84: =I84-K84 -> 0.37037037 | M84: 0.9275294
A85: Logan Webb | B85: 657277 | C85: 45765 | D85: 103 | E85: =IFERROR(__xludf.DUMMYFUNCTION("average(filter('Appearance Sheet'!F:F,'Appearance Sheet'!G:G=B85,'Appearance Sheet'!A:A=C85))"),6.0) -> 6 | F85: 5.5672592 | G85: 1.10118 | H85: =G85*9/E85 -> 1.65177 | I85: 0.57281553 | J85: 0.15533981 | K85: 0.27184466 | L85: =I85-K85 -> 0.30097087 | M85: 1.8372952
A86: Tyler Mahle | B86: 641816 | C86: 45773 | D86: 86 | E86: =IFERROR(__xludf.DUMMYFUNCTION("average(filter('Appearance Sheet'!F:F,'Appearance Sheet'!G:G=B86,'Appearance Sheet'!A:A=C86))"),5.0) -> 5 | F86: 5.5647076 | G86: 0.99038075 | H86: =G86*9/E86 -> 1.7826853 | I86: 0.55813954 | J86: 0.19767442 | K86: 0.24418605 | L86: =I86-K86 -> 0.31395349 | M86: -2.2465056
A87: Cristopher Sánchez | B87: 650911 | C87: 45899 | D87: 94 | E87: =IFERROR(__xludf.DUMMYFUNCTION("average(filter('Appearance Sheet'!F:F,'Appearance Sheet'!G:G=B87,'Appearance Sheet'!A:A=C87))"),"#N/A") -> #N/A | F87: 5.5604278 | G87: 1.0697147 | H87: =G87*9/E87 -> #N/A | I87: 0.54255319 | J87: 0.25531915 | K87: 0.20212766 | L87: =I87-K87 -> 0.34042553 | M87: -0.23922118
A88: Shota Imanaga | B88: 684007 | C88: 45781 | D88: 84 | E88: =IFERROR(__xludf.DUMMYFUNCTION("average(filter('Appearance Sheet'!F:F,'Appearance Sheet'!G:G=B88,'Appearance Sheet'!A:A=C88))"),5.666666666666667) -> 5.6666667 | F88: 5.5599878 | G88: 1.0022593 | H88: =G88*9/E88 -> 1.5918236 | I88: 0.57142857 | J88: 0.19047619 | K88: 0.23809524 | L88: =I88-K88 -> 0.33333333 | M88: 1.0943563
A89: Shota Imanaga | B89: 684007 | C89: 45751 | D89: 86 | E89: =IFERROR(__xludf.DUMMYFUNCTION("average(filter('Appearance Sheet'!F:F,'Appearance Sheet'!G:G=B89,'Appearance Sheet'!A:A=C89))"),7.333333333333333) -> 7.3333333 | F89: 5.5587566 | G89: 0.99990511 | H89: =G89*9/E89 -> 1.2271563 | I89: 0.62790698 | J89: 0.15116279 | K89: 0.22093023 | L89: =I89-K89 -> 0.40697674 | M89: 0.54632697
A90: Landen Roupp | B90: 694738 | C90: 45755 | D90: 76 | E90: =IFERROR(__xludf.DUMMYFUNCTION("average(filter('Appearance Sheet'!F:F,'Appearance Sheet'!G:G=B90,'Appearance Sheet'!A:A=C90))"),6.0) -> 6 | F90: 5.557384 | G90: 0.87018881 | H90: =G90*9/E90 -> 1.3052832 | I90: 0.53947368 | J90: 0.19736842 | K90: 0.26315789 | L90: =I90-K90 -> 0.27631579 | M90: -2.9069664
A91: Ryne Nelson | B91: 669194 | C91: 45821 | D91: 77 | E91: =IFERROR(__xludf.DUMMYFUNCTION("average(filter('Appearance Sheet'!F:F,'Appearance Sheet'!G:G=B91,'Appearance Sheet'!A:A=C91))"),5.0) -> 5 | F91: 5.5569469 | G91: 0.92523576 | H91: =G91*9/E91 -> 1.6654244 | I91: 0.5974026 | J91: 0.19480519 | K91: 0.20779221 | L91: =I91-K91 -> 0.38961039 | M91: -1.7746252
A92: Cole Ragans | B92: 666142 | C92: 45760 | D92: 87 | E92: =IFERROR(__xludf.DUMMYFUNCTION("average(filter('Appearance Sheet'!F:F,'Appearance Sheet'!G:G=B92,'Appearance Sheet'!A:A=C92))"),7.666666666666667) -> 7.6666667 | F92: 5.5546471 | G92: 1.0358778 | H92: =G92*9/E92 -> 1.2160305 | I92: 0.59770115 | J92: 0.14942529 | K92: 0.25287356 | L92: =I92-K92 -> 0.34482759 | M92: 0.45612057
A93: Bailey Ober | B93: 641927 | C93: 45746 | D93: 76 | E93: =IFERROR(__xludf.DUMMYFUNCTION("average(filter('Appearance Sheet'!F:F,'Appearance Sheet'!G:G=B93,'Appearance Sheet'!A:A=C93))"),2.6666666666666665) -> 2.6666667 | F93: 5.5511073 | G93: 0.92277875 | H93: =G93*9/E93 -> 3.1143783 | I93: 0.56578947 | J93: 0.17105263 | K93: 0.26315789 | L93: =I93-K93 -> 0.30263158 | M93: -3.0500207
A94: Justin Hagenman | B94: 663795 | C94: 45909 | D94: 72 | E94: =IFERROR(__xludf.DUMMYFUNCTION("average(filter('Appearance Sheet'!F:F,'Appearance Sheet'!G:G=B94,'Appearance Sheet'!A:A=C94))"),"#N/A") -> #N/A | F94: 5.5500245 | G94: 0.83172274 | H94: =G94*9/E94 -> #N/A | I94: 0.625 | J94: 0.16666667 | K94: 0.20833333 | L94: =I94-K94 -> 0.41666667 | M94: -3.4771022
A95: Max Fried | B95: 608331 | C95: 45784 | D95: 99 | E95: =IFERROR(__xludf.DUMMYFUNCTION("average(filter('Appearance Sheet'!F:F,'Appearance Sheet'!G:G=B95,'Appearance Sheet'!A:A=C95))"),7.0) -> 7 | F95: 5.5480762 | G95: 1.1715305 | H95: =G95*9/E95 -> 1.5062535 | I95: 0.54545455 | J95: 0.15151515 | K95: 0.3030303 | L95: =I95-K95 -> 0.24242424 | M95: 0.47282852
A96: Logan Webb | B96: 657277 | C96: 45776 | D96: 75 | E96: =IFERROR(__xludf.DUMMYFUNCTION("average(filter('Appearance Sheet'!F:F,'Appearance Sheet'!G:G=B96,'Appearance Sheet'!A:A=C96))"),5.0) -> 5 | F96: 5.5466605 | G96: 0.90210979 | H96: =G96*9/E96 -> 1.6237976 | I96: 0.62666667 | J96: 0.16 | K96: 0.21333333 | L96: =I96-K96 -> 0.41333333 | M96: -5.0792565
A97: Yoshinobu Yamamoto | B97: 808967 | C97: 45821 | D97: 101 | E97: =IFERROR(__xludf.DUMMYFUNCTION("average(filter('Appearance Sheet'!F:F,'Appearance Sheet'!G:G=B97,'Appearance Sheet'!A:A=C97))"),4.666666666666667) -> 4.6666667 | F97: 5.545312 | G97: 1.2073444 | H97: =G97*9/E97 -> 2.3284498 | I97: 0.54455445 | J97: 0.1980198 | K97: 0.25742574 | L97: =I97-K97 -> 0.28712871 | M97: 0.40271114
A98: Luis Castillo | B98: 622491 | C98: 45749 | D98: 90 | E98: =IFERROR(__xludf.DUMMYFUNCTION("average(filter('Appearance Sheet'!F:F,'Appearance Sheet'!G:G=B98,'Appearance Sheet'!A:A=C98))"),7.0) -> 7 | F98: 5.5439034 | G98: 1.079318 | H98: =G98*9/E98 -> 1.3876946 | I98: 0.52222222 | J98: 0.26666667 | K98: 0.21111111 | L98: =I98-K98 -> 0.31111111 | M98: 0.41882877
A99: Garrett Crochet | B99: 676979 | C99: 45832 | D99: 98 | E99: =IFERROR(__xludf.DUMMYFUNCTION("average(filter('Appearance Sheet'!F:F,'Appearance Sheet'!G:G=B99,'Appearance Sheet'!A:A=C99))"),7.0) -> 7 | F99: 5.5395948 | G99: 1.1516486 | H99: =G99*9/E99 -> 1.480691 | I99: 0.56122449 | J99: 0.23469388 | K99: 0.20408163 | L99: =I99-K99 -> 0.35714286 | M99: 3.3213327
A100: Pablo López | B100: 641154 | C100: 45794 | D100: 93 | E100: =IFERROR(__xludf.DUMMYFUNCTION("average(filter('Appearance Sheet'!F:F,'Appearance Sheet'!G:G=B100,'Appearance Sheet'!A:A=C100))"),6.0) -> 6 | F100: 5.5392312 | G100: 1.1029209 | H100: =G100*9/E100 -> 1.6543813 | I100: 0.55913978 | J100: 0.19354839 | K100: 0.24731183 | L100: =I100-K100 -> 0.31182796 | M100: 4.0884295
...

Sheet Player ID
A1: Name | B1: PlayerId | C1: MLBAMID | G1: Missing | K1: FGID
A2: Hunter Brown | B2: 25880 | C2: 686613 | G2: =IFERROR(__xludf.DUMMYFUNCTION("unique(filter('Appearance (min 60)'!A:B,iserror('Appearance (min 60)'!E:E)))"),"Freddy Peralta") -> Freddy Peralta | H2: =IFERROR(__xludf.DUMMYFUNCTION("""COMPUTED_VALUE"""),642547.0) -> 642547 | K2: {=unique({'Appearance Sheet'!B:B,'Appearance Sheet'!E:E})} -> Name | L2: playerId
A3: Logan Webb | B3: 17995 | C3: 657277 | G3: =IFERROR(__xludf.DUMMYFUNCTION("""COMPUTED_VALUE"""),"JP Sears") -> JP Sears | H3: =IFERROR(__xludf.DUMMYFUNCTION("""COMPUTED_VALUE"""),676664.0) -> 676664 | K3: Ryan Brasier | L3: 5615
A4: Nathan Eovaldi | B4: 9132 | C4: 543135 | G4: =IFERROR(__xludf.DUMMYFUNCTION("""COMPUTED_VALUE"""),"Ryan Bergert") -> Ryan Bergert | H4: =IFERROR(__xludf.DUMMYFUNCTION("""COMPUTED_VALUE"""),686701.0) -> 686701 | K4: Blake Treinen | L4: 12572
A5: Tarik Skubal | B5: 22267 | C5: 669373 | G5: =IFERROR(__xludf.DUMMYFUNCTION("""COMPUTED_VALUE"""),"Sean Burke") -> Sean Burke | H5: =IFERROR(__xludf.DUMMYFUNCTION("""COMPUTED_VALUE"""),680732.0) -> 680732 | K5: Anthony Banda | L5: 14706
A6: Jesús Luzardo | B6: 19959 | C6: 666200 | G6: =IFERROR(__xludf.DUMMYFUNCTION("""COMPUTED_VALUE"""),"Jacob Misiorowski") -> Jacob Misiorowski | H6: =IFERROR(__xludf.DUMMYFUNCTION("""COMPUTED_VALUE"""),694819.0) -> 694819 | K6: Tanner Scott | L6: 17586
A7: Zack Wheeler | B7: 10310 | C7: 554430 | G7: =IFERROR(__xludf.DUMMYFUNCTION("""COMPUTED_VALUE"""),"Jesús Luzardo") -> Jesús Luzardo | H7: =IFERROR(__xludf.DUMMYFUNCTION("""COMPUTED_VALUE"""),666200.0) -> 666200 | K7: Eli Morgan | L7: 20203
A8: Cole Ragans | B8: 21846 | C8: 666142 | G8: =IFERROR(__xludf.DUMMYFUNCTION("""COMPUTED_VALUE"""),"Cristopher Sánchez") -> Cristopher Sánchez | H8: =IFERROR(__xludf.DUMMYFUNCTION("""COMPUTED_VALUE"""),650911.0) -> 650911 | K8: Ben Brown | L8: 23590
A9: Paul Skenes | B9: 33677 | C9: 694973 | G9: =IFERROR(__xludf.DUMMYFUNCTION("""COMPUTED_VALUE"""),"Drew Rasmussen") -> Drew Rasmussen | H9: =IFERROR(__xludf.DUMMYFUNCTION("""COMPUTED_VALUE"""),656876.0) -> 656876 | K9: Ben Casparius | L9: 30085
A10: Garrett Crochet | B10: 27463 | C10: 676979 | G10: =IFERROR(__xludf.DUMMYFUNCTION("""COMPUTED_VALUE"""),"Sean Manaea") -> Sean Manaea | H10: =IFERROR(__xludf.DUMMYFUNCTION("""COMPUTED_VALUE"""),640455.0) -> 640455 | K10: Yoshinobu Yamamoto | L10: 33825
A11: Matthew Liberatore | B11: 22294 | C11: 669461 | G11: =IFERROR(__xludf.DUMMYFUNCTION("""COMPUTED_VALUE"""),"Jacob Latz") -> Jacob Latz | H11: =IFERROR(__xludf.DUMMYFUNCTION("""COMPUTED_VALUE"""),656641.0) -> 656641 | K11: Shota Imanaga | L11: 33829
A12: Max Fried | B12: 13743 | C12: 608331 | G12: =IFERROR(__xludf.DUMMYFUNCTION("""COMPUTED_VALUE"""),"Luis Morales") -> Luis Morales | H12: =IFERROR(__xludf.DUMMYFUNCTION("""COMPUTED_VALUE"""),806960.0) -> 806960 | K12: Luis Garcia | L12: 6984
A13: Kris Bubic | B13: 21455 | C13: 663460 | G13: =IFERROR(__xludf.DUMMYFUNCTION("""COMPUTED_VALUE"""),"Joe Ryan") -> Joe Ryan | H13: =IFERROR(__xludf.DUMMYFUNCTION("""COMPUTED_VALUE"""),657746.0) -> 657746 | K13: Ryan Pressly | L13: 7005
A14: Bryan Woo | B14: 30279 | C14: 693433 | G14: =IFERROR(__xludf.DUMMYFUNCTION("""COMPUTED_VALUE"""),"Jack Flaherty") -> Jack Flaherty | H14: =IFERROR(__xludf.DUMMYFUNCTION("""COMPUTED_VALUE"""),656427.0) -> 656427 | K14: Kirby Yates | L14: 9073
A15: Michael Wacha | B15: 14078 | C15: 608379 | G15: =IFERROR(__xludf.DUMMYFUNCTION("""COMPUTED_VALUE"""),"Garrett Crochet") -> Garrett Crochet | H15: =IFERROR(__xludf.DUMMYFUNCTION("""COMPUTED_VALUE"""),676979.0) -> 676979 | K15: Caleb Thielbar | L15: 10078
A16: Pablo López | B16: 17085 | C16: 641154 | G16: =IFERROR(__xludf.DUMMYFUNCTION("""COMPUTED_VALUE"""),"Aaron Nola") -> Aaron Nola | H16: =IFERROR(__xludf.DUMMYFUNCTION("""COMPUTED_VALUE"""),605400.0) -> 605400 | K16: Julian Merryweather | L16: 16703
A17: MacKenzie Gore | B17: 22201 | C17: 669022 | G17: =IFERROR(__xludf.DUMMYFUNCTION("""COMPUTED_VALUE"""),"Logan Webb") -> Logan Webb | H17: =IFERROR(__xludf.DUMMYFUNCTION("""COMPUTED_VALUE"""),657277.0) -> 657277 | K17: Justin Steele | L17: 17312
A18: Michael King | B18: 19853 | C18: 650633 | G18: =IFERROR(__xludf.DUMMYFUNCTION("""COMPUTED_VALUE"""),"Yoshinobu Yamamoto") -> Yoshinobu Yamamoto | H18: =IFERROR(__xludf.DUMMYFUNCTION("""COMPUTED_VALUE"""),808967.0) -> 808967 | K18: Nate Pearson | L18: 20160
A19: Joe Ryan | B19: 21390 | C19: 657746 | G19: =IFERROR(__xludf.DUMMYFUNCTION("""COMPUTED_VALUE"""),"Blake Snell") -> Blake Snell | H19: =IFERROR(__xludf.DUMMYFUNCTION("""COMPUTED_VALUE"""),605483.0) -> 605483 | K19: Alex Vesia | L19: 25007
A20: Nick Martinez | B20: 12730 | C20: 607259 | G20: =IFERROR(__xludf.DUMMYFUNCTION("""COMPUTED_VALUE"""),"Andrew Abbott") -> Andrew Abbott | H20: =IFERROR(__xludf.DUMMYFUNCTION("""COMPUTED_VALUE"""),671096.0) -> 671096 | K20: Porter Hodge | L20: 26413
A21: Framber Valdez | B21: 17295 | C21: 664285 | G21: =IFERROR(__xludf.DUMMYFUNCTION("""COMPUTED_VALUE"""),"Brandon Woodruff") -> Brandon Woodruff | H21: =IFERROR(__xludf.DUMMYFUNCTION("""COMPUTED_VALUE"""),605540.0) -> 605540 | K21: Landon Knack | L21: 27487
A22: Chris Sale | B22: 10603 | C22: 519242 | G22: =IFERROR(__xludf.DUMMYFUNCTION("""COMPUTED_VALUE"""),"Shane Bieber") -> Shane Bieber | H22: =IFERROR(__xludf.DUMMYFUNCTION("""COMPUTED_VALUE"""),669456.0) -> 669456 | K22: Jack Dreyer | L22: 30249
A23: Tyler Mahle | B23: 16358 | C23: 641816 | G23: =IFERROR(__xludf.DUMMYFUNCTION("""COMPUTED_VALUE"""),"Paul Skenes") -> Paul Skenes | H23: =IFERROR(__xludf.DUMMYFUNCTION("""COMPUTED_VALUE"""),694973.0) -> 694973 | K23: Roki Sasaki | L23: 35323
A24: Hunter Greene | B24: 22182 | C24: 668881 | G24: =IFERROR(__xludf.DUMMYFUNCTION("""COMPUTED_VALUE"""),"Brady Singer") -> Brady Singer | H24: =IFERROR(__xludf.DUMMYFUNCTION("""COMPUTED_VALUE"""),663903.0) -> 663903 | K24: Joel Payamps | L24: 14332
A25: Shane Smith | B25: 31687 | C25: 681343 | G25: =IFERROR(__xludf.DUMMYFUNCTION("""COMPUTED_VALUE"""),"Tomoyuki Sugano") -> Tomoyuki Sugano | H25: =IFERROR(__xludf.DUMMYFUNCTION("""COMPUTED_VALUE"""),608372.0) -> 608372 | K25: Mark Leiter Jr. | L25: 15551
A26: Yoshinobu Yamamoto | B26: 33825 | C26: 808967 | G26: =IFERROR(__xludf.DUMMYFUNCTION("""COMPUTED_VALUE"""),"Ryne Nelson") -> Ryne Nelson | H26: =IFERROR(__xludf.DUMMYFUNCTION("""COMPUTED_VALUE"""),669194.0) -> 669194 | K26: Devin Williams | L26: 15816
A27: Nick Pivetta | B27: 15454 | C27: 601713 | G27: =IFERROR(__xludf.DUMMYFUNCTION("""COMPUTED_VALUE"""),"Logan Gilbert") -> Logan Gilbert | H27: =IFERROR(__xludf.DUMMYFUNCTION("""COMPUTED_VALUE"""),669302.0) -> 669302 | K27: Carlos Rodon | L27: 16137
A28: Luis Severino | B28: 15890 | C28: 622663 | G28: =IFERROR(__xludf.DUMMYFUNCTION("""COMPUTED_VALUE"""),"Hunter Greene") -> Hunter Greene | H28: =IFERROR(__xludf.DUMMYFUNCTION("""COMPUTED_VALUE"""),668881.0) -> 668881 | K28: Tim Hill | L28: 16814
A29: Kodai Senga | B29: 31838 | C29: 673540 | G29: =IFERROR(__xludf.DUMMYFUNCTION("""COMPUTED_VALUE"""),"Zack Wheeler") -> Zack Wheeler | H29: =IFERROR(__xludf.DUMMYFUNCTION("""COMPUTED_VALUE"""),554430.0) -> 554430 | K29: Luke Weaver | L29: 16918
A30: Reese Olson | B30: 24968 | C30: 681857 | G30: =IFERROR(__xludf.DUMMYFUNCTION("""COMPUTED_VALUE"""),"Zebby Matthews") -> Zebby Matthews | H30: =IFERROR(__xludf.DUMMYFUNCTION("""COMPUTED_VALUE"""),805673.0) -> 805673 | K30: Tyler Alexander | L30: 17735
A31: Dylan Cease | B31: 18525 | C31: 656302 | G31: =IFERROR(__xludf.DUMMYFUNCTION("""COMPUTED_VALUE"""),"Justin Hagenman") -> Justin Hagenman | H31: =IFERROR(__xludf.DUMMYFUNCTION("""COMPUTED_VALUE"""),663795.0) -> 663795 | K31: Freddy Peralta | L31: 18679
A32: Tylor Megill | B32: 21318 | C32: 656731 | G32: =IFERROR(__xludf.DUMMYFUNCTION("""COMPUTED_VALUE"""),"Chris Sale") -> Chris Sale | H32: =IFERROR(__xludf.DUMMYFUNCTION("""COMPUTED_VALUE"""),519242.0) -> 519242 | K32: Bryan Hudson | L32: 19924
A33: Chad Patrick | B33: 30113 | C33: 694477 | G33: =IFERROR(__xludf.DUMMYFUNCTION("""COMPUTED_VALUE"""),"Shota Imanaga") -> Shota Imanaga | H33: =IFERROR(__xludf.DUMMYFUNCTION("""COMPUTED_VALUE"""),684007.0) -> 684007 | K33: Jared Koenig | L33: 27517
A34: Chris Bassitt | B34: 12304 | C34: 605135 | G34: =IFERROR(__xludf.DUMMYFUNCTION("""COMPUTED_VALUE"""),"Parker Messick") -> Parker Messick | H34: =IFERROR(__xludf.DUMMYFUNCTION("""COMPUTED_VALUE"""),800048.0) -> 800048 | K34: Jacob Barnes | L34: 12323
A35: Freddy Peralta | B35: 18679 | C35: 642547 | G35: =IFERROR(__xludf.DUMMYFUNCTION("""COMPUTED_VALUE"""),"Ryan Gusto") -> Ryan Gusto | H35: =IFERROR(__xludf.DUMMYFUNCTION("""COMPUTED_VALUE"""),687473.0) -> 687473 | K35: Zach Eflin | L35: 13774
A36: Clay Holmes | B36: 13649 | C36: 605280 | G36: =IFERROR(__xludf.DUMMYFUNCTION("""COMPUTED_VALUE"""),"Mitchell Parker") -> Mitchell Parker | H36: =IFERROR(__xludf.DUMMYFUNCTION("""COMPUTED_VALUE"""),680730.0) -> 680730 | K36: Jose Berrios | L36: 14168
A37: Kyle Freeland | B37: 16256 | C37: 607536 | G37: =IFERROR(__xludf.DUMMYFUNCTION("""COMPUTED_VALUE"""),"Jordan Wicks") -> Jordan Wicks | H37: =IFERROR(__xludf.DUMMYFUNCTION("""COMPUTED_VALUE"""),696136.0) -> 696136 | K37: Chad Green | L37: 15552
A38: José Soriano | B38: 22100 | C38: 667755 | G38: =IFERROR(__xludf.DUMMYFUNCTION("""COMPUTED_VALUE"""),"Yu Darvish") -> Yu Darvish | H38: =IFERROR(__xludf.DUMMYFUNCTION("""COMPUTED_VALUE"""),506433.0) -> 506433 | K38: Seranthony Dominguez | L38: 19249
A39: Mitchell Parker | B39: 27636 | C39: 680730 | G39: =IFERROR(__xludf.DUMMYFUNCTION("""COMPUTED_VALUE"""),"Brandon Walter") -> Brandon Walter | H39: =IFERROR(__xludf.DUMMYFUNCTION("""COMPUTED_VALUE"""),687888.0) -> 687888 | K39: Richard Lovelady | L39: 19337
A40: Jacob deGrom | B40: 10954 | C40: 594798 | G40: =IFERROR(__xludf.DUMMYFUNCTION("""COMPUTED_VALUE"""),"Bubba Chandler") -> Bubba Chandler | H40: =IFERROR(__xludf.DUMMYFUNCTION("""COMPUTED_VALUE"""),696149.0) -> 696149 | K40: Keegan Akin | L40: 19362
A41: Steven Matz | B41: 13361 | C41: 571927 | G41: =IFERROR(__xludf.DUMMYFUNCTION("""COMPUTED_VALUE"""),"Emmet Sheehan") -> Emmet Sheehan | H41: =IFERROR(__xludf.DUMMYFUNCTION("""COMPUTED_VALUE"""),686218.0) -> 686218 | K41: Bryan Baker | L41: 19804
A42: Logan Gilbert | B42: 22250 | C42: 669302 | G42: =IFERROR(__xludf.DUMMYFUNCTION("""COMPUTED_VALUE"""),"Janson Junk") -> Janson Junk | H42: =IFERROR(__xludf.DUMMYFUNCTION("""COMPUTED_VALUE"""),676083.0) -> 676083 | K42: Nick Sandlin | L42: 20517
A43: Carlos Rodón | B43: 16137 | C43: 607074 | G43: =IFERROR(__xludf.DUMMYFUNCTION("""COMPUTED_VALUE"""),"Bryan Woo") -> Bryan Woo | H43: =IFERROR(__xludf.DUMMYFUNCTION("""COMPUTED_VALUE"""),693433.0) -> 693433 | K43: Yariel Rodriguez | L43: 33838
A44: Merrill Kelly | B44: 11156 | C44: 518876 | G44: =IFERROR(__xludf.DUMMYFUNCTION("""COMPUTED_VALUE"""),"Richard Fitts") -> Richard Fitts | H44: =IFERROR(__xludf.DUMMYFUNCTION("""COMPUTED_VALUE"""),690916.0) -> 690916 | K44: Zack Wheeler | L44: 10310
A45: Andrew Abbott | B45: 29911 | C45: 671096 | G45: =IFERROR(__xludf.DUMMYFUNCTION("""COMPUTED_VALUE"""),"Yusei Kikuchi") -> Yusei Kikuchi | H45: =IFERROR(__xludf.DUMMYFUNCTION("""COMPUTED_VALUE"""),579328.0) -> 579328 | K45: Lucas Sims | L45: 13470
A46: Mitch Keller | B46: 17594 | C46: 656605 | G46: =IFERROR(__xludf.DUMMYFUNCTION("""COMPUTED_VALUE"""),"Noah Cameron") -> Noah Cameron | H46: =IFERROR(__xludf.DUMMYFUNCTION("""COMPUTED_VALUE"""),702070.0) -> 702070 | K46: Matt Strahm | L46: 13799
A47: Nick Lodolo | B47: 26378 | C47: 666157 | G47: =IFERROR(__xludf.DUMMYFUNCTION("""COMPUTED_VALUE"""),"Pierson Ohl") -> Pierson Ohl | H47: =IFERROR(__xludf.DUMMYFUNCTION("""COMPUTED_VALUE"""),701487.0) -> 701487 | K47: Kyle Finnegan | L47: 15009
A48: Andrés Muñoz | B48: 20373 | C48: 662253 | G48: =IFERROR(__xludf.DUMMYFUNCTION("""COMPUTED_VALUE"""),"Bailey Ober") -> Bailey Ober | H48: =IFERROR(__xludf.DUMMYFUNCTION("""COMPUTED_VALUE"""),641927.0) -> 641927 | K48: Jordan Romano | L48: 16122
A49: Ben Brown | B49: 23590 | C49: 676962 | G49: =IFERROR(__xludf.DUMMYFUNCTION("""COMPUTED_VALUE"""),"Jacob deGrom") -> Jacob deGrom | H49: =IFERROR(__xludf.DUMMYFUNCTION("""COMPUTED_VALUE"""),594798.0) -> 594798 | K49: Jose Alvarado | L49: 17780
A50: Robert Suarez | B50: 30115 | C50: 663158 | G50: =IFERROR(__xludf.DUMMYFUNCTION("""COMPUTED_VALUE"""),"Landen Roupp") -> Landen Roupp | H50: =IFERROR(__xludf.DUMMYFUNCTION("""COMPUTED_VALUE"""),694738.0) -> 694738 | K50: Colin Poche | L50: 19403
A51: JP Sears | B51: 23429 | C51: 676664 | G51: =IFERROR(__xludf.DUMMYFUNCTION("""COMPUTED_VALUE"""),"Casey Mize") -> Casey Mize | H51: =IFERROR(__xludf.DUMMYFUNCTION("""COMPUTED_VALUE"""),663554.0) -> 663554 | K51: MacKenzie Gore | L51: 22201
A52: Spencer Schwellenbach | B52: 31846 | C52: 680885 | G52: =IFERROR(__xludf.DUMMYFUNCTION("""COMPUTED_VALUE"""),"Trevor McDonald") -> Trevor McDonald | H52: =IFERROR(__xludf.DUMMYFUNCTION("""COMPUTED_VALUE"""),686790.0) -> 686790 | K52: Eduardo Salazar | L52: 23135
A53: Sean Newcomb | B53: 16943 | C53: 656794 | G53: =IFERROR(__xludf.DUMMYFUNCTION("""COMPUTED_VALUE"""),"Chris Paddack") -> Chris Paddack | H53: =IFERROR(__xludf.DUMMYFUNCTION("""COMPUTED_VALUE"""),663978.0) -> 663978 | K53: Jose A. Ferrer | L53: 24017
A54: David Peterson | B54: 20302 | C54: 656849 | G54: =IFERROR(__xludf.DUMMYFUNCTION("""COMPUTED_VALUE"""),"Dustin May") -> Dustin May | H54: =IFERROR(__xludf.DUMMYFUNCTION("""COMPUTED_VALUE"""),669160.0) -> 669160 | K54: Orion Kerkering | L54: 31776
A55: Miles Mikolas | B55: 9803 | C55: 571945 | G55: =IFERROR(__xludf.DUMMYFUNCTION("""COMPUTED_VALUE"""),"Bryce Miller") -> Bryce Miller | H55: =IFERROR(__xludf.DUMMYFUNCTION("""COMPUTED_VALUE"""),682243.0) -> 682243 | K55: Nathan Eovaldi | L55: 9132
A56: Bailey Ober | B56: 21224 | C56: 641927 | G56: =IFERROR(__xludf.DUMMYFUNCTION("""COMPUTED_VALUE"""),"Max Scherzer") -> Max Scherzer | H56: =IFERROR(__xludf.DUMMYFUNCTION("""COMPUTED_VALUE"""),453286.0) -> 453286 | K56: Aroldis Chapman | L56: 10233
A57: Cade Smith | B57: 27867 | C57: 671922 | G57: =IFERROR(__xludf.DUMMYFUNCTION("""COMPUTED_VALUE"""),"Jake Irvin") -> Jake Irvin | H57: =IFERROR(__xludf.DUMMYFUNCTION("""COMPUTED_VALUE"""),663623.0) -> 663623 | K57: Luke Jackson | L57: 11752
A58: José Alvarado | B58: 17780 | C58: 621237 | G58: =IFERROR(__xludf.DUMMYFUNCTION("""COMPUTED_VALUE"""),"Matthew Boyd") -> Matthew Boyd | H58: =IFERROR(__xludf.DUMMYFUNCTION("""COMPUTED_VALUE"""),571510.0) -> 571510 | K58: Chris Martin | L58: 11847
A59: Ben Casparius | B59: 30085 | C59: 676508 | G59: =IFERROR(__xludf.DUMMYFUNCTION("""COMPUTED_VALUE"""),"Keider Montero") -> Keider Montero | H59: =IFERROR(__xludf.DUMMYFUNCTION("""COMPUTED_VALUE"""),672456.0) -> 672456 | K59: Shawn Armstrong | L59: 12857
A60: Will Warren | B60: 30182 | C60: 701542 | G60: =IFERROR(__xludf.DUMMYFUNCTION("""COMPUTED_VALUE"""),"Jack Leiter") -> Jack Leiter | H60: =IFERROR(__xludf.DUMMYFUNCTION("""COMPUTED_VALUE"""),683004.0) -> 683004 | K60: Garrett Whitlock | L60: 20191
A61: Matthew Boyd | B61: 15440 | C61: 571510 | G61: =IFERROR(__xludf.DUMMYFUNCTION("""COMPUTED_VALUE"""),"Jonathan Cannon") -> Jonathan Cannon | H61: =IFERROR(__xludf.DUMMYFUNCTION("""COMPUTED_VALUE"""),686563.0) -> 686563 | K61: Robert Garcia | L61: 23363
A62: Trevor Williams | B62: 16977 | C62: 592866 | G62: =IFERROR(__xludf.DUMMYFUNCTION("""COMPUTED_VALUE"""),"Framber Valdez") -> Framber Valdez | H62: =IFERROR(__xludf.DUMMYFUNCTION("""COMPUTED_VALUE"""),664285.0) -> 664285 | K62: Justin Slaten | L62: 25648
A63: Luke Weaver | B63: 16918 | C63: 596133 | G63: =IFERROR(__xludf.DUMMYFUNCTION("""COMPUTED_VALUE"""),"Ranger Suárez") -> Ranger Suárez | H63: =IFERROR(__xludf.DUMMYFUNCTION("""COMPUTED_VALUE"""),624133.0) -> 624133 | K63: Garrett Crochet | L63: 27463
A64: Matt Strahm | B64: 13799 | C64: 621381 | G64: =IFERROR(__xludf.DUMMYFUNCTION("""COMPUTED_VALUE"""),"Brad Lord") -> Brad Lord | H64: =IFERROR(__xludf.DUMMYFUNCTION("""COMPUTED_VALUE"""),695418.0) -> 695418 | K64: Huascar Brazoban | L64: 6107
A65: Danny Coulombe | B65: 13293 | C65: 543056 | G65: =IFERROR(__xludf.DUMMYFUNCTION("""COMPUTED_VALUE"""),"Nathan Eovaldi") -> Nathan Eovaldi | H65: =IFERROR(__xludf.DUMMYFUNCTION("""COMPUTED_VALUE"""),543135.0) -> 543135 | K65: Clay Holmes | L65: 13649
A66: Chris Martin | B66: 11847 | C66: 455119 | G66: =IFERROR(__xludf.DUMMYFUNCTION("""COMPUTED_VALUE"""),"Miles Mikolas") -> Miles Mikolas | H66: =IFERROR(__xludf.DUMMYFUNCTION("""COMPUTED_VALUE"""),571945.0) -> 571945 | K66: Josh Hader | L66: 14212
A67: Cristopher Sánchez | B67: 20778 | C67: 650911 | G67: =IFERROR(__xludf.DUMMYFUNCTION("""COMPUTED_VALUE"""),"Tyler Alexander") -> Tyler Alexander | H67: =IFERROR(__xludf.DUMMYFUNCTION("""COMPUTED_VALUE"""),641302.0) -> 641302 | K67: Bryan Abreu | L67: 16609
A68: Lucas Erceg | B68: 19360 | C68: 668674 | G68: =IFERROR(__xludf.DUMMYFUNCTION("""COMPUTED_VALUE"""),"J.T. Ginn") -> J.T. Ginn | H68: =IFERROR(__xludf.DUMMYFUNCTION("""COMPUTED_VALUE"""),669372.0) -> 669372 | K68: Framber Valdez | L68: 17295
A69: Kevin Gausman | B69: 14107 | C69: 592332 | G69: =IFERROR(__xludf.DUMMYFUNCTION("""COMPUTED_VALUE"""),"Chase Burns") -> Chase Burns | H69: =IFERROR(__xludf.DUMMYFUNCTION("""COMPUTED_VALUE"""),695505.0) -> 695505 | K69: Danny Young | L69: 18439
A70: Jonathan Cannon | B70: 31730 | C70: 686563 | G70: =IFERROR(__xludf.DUMMYFUNCTION("""COMPUTED_VALUE"""),"George Kirby") -> George Kirby | H70: =IFERROR(__xludf.DUMMYFUNCTION("""COMPUTED_VALUE"""),669923.0) -> 669923 | K70: Paul Sewald | L70: 13892
A71: Jack Dreyer | B71: 30249 | C71: 676263 | G71: =IFERROR(__xludf.DUMMYFUNCTION("""COMPUTED_VALUE"""),"Erick Fedde") -> Erick Fedde | H71: =IFERROR(__xludf.DUMMYFUNCTION("""COMPUTED_VALUE"""),607200.0) -> 607200 | K71: Carlos Estevez | L71: 14542
A72: Luis Castillo | B72: 15689 | C72: 622491 | G72: =IFERROR(__xludf.DUMMYFUNCTION("""COMPUTED_VALUE"""),"Colton Gordon") -> Colton Gordon | H72: =IFERROR(__xludf.DUMMYFUNCTION("""COMPUTED_VALUE"""),676467.0) -> 676467 | K72: Ben Lively | L72: 14932
A73: Taijuan Walker | B73: 11836 | C73: 592836 | G73: =IFERROR(__xludf.DUMMYFUNCTION("""COMPUTED_VALUE"""),"Michael McGreevy") -> Michael McGreevy | H73: =IFERROR(__xludf.DUMMYFUNCTION("""COMPUTED_VALUE"""),700241.0) -> 700241 | K73: Hunter Harvey | L73: 15507
A74: Kyle Finnegan | B74: 15009 | C74: 640448 | G74: =IFERROR(__xludf.DUMMYFUNCTION("""COMPUTED_VALUE"""),"Sonny Gray") -> Sonny Gray | H74: =IFERROR(__xludf.DUMMYFUNCTION("""COMPUTED_VALUE"""),543243.0) -> 543243 | K74: Lucas Erceg | L74: 19360
A75: Casey Mize | B75: 20492 | C75: 663554 | G75: =IFERROR(__xludf.DUMMYFUNCTION("""COMPUTED_VALUE"""),"Nolan McLean") -> Nolan McLean | H75: =IFERROR(__xludf.DUMMYFUNCTION("""COMPUTED_VALUE"""),690997.0) -> 690997 | K75: Emmanuel Clase | L75: 21032
A76: Randy Rodríguez | B76: 23974 | C76: 678495 | G76: =IFERROR(__xludf.DUMMYFUNCTION("""COMPUTED_VALUE"""),"Brandon Pfaadt") -> Brandon Pfaadt | H76: =IFERROR(__xludf.DUMMYFUNCTION("""COMPUTED_VALUE"""),694297.0) -> 694297 | K76: Cole Ragans | L76: 21846
A77: Jordan Hicks | B77: 19618 | C77: 663855 | G77: =IFERROR(__xludf.DUMMYFUNCTION("""COMPUTED_VALUE"""),"Patrick Corbin") -> Patrick Corbin | H77: =IFERROR(__xludf.DUMMYFUNCTION("""COMPUTED_VALUE"""),571578.0) -> 571578 | K77: Angel Zerpa | L77: 22717
A78: Nick Mears | B78: 25376 | C78: 683232 | G78: =IFERROR(__xludf.DUMMYFUNCTION("""COMPUTED_VALUE"""),"Eury Pérez") -> Eury Pérez | H78: =IFERROR(__xludf.DUMMYFUNCTION("""COMPUTED_VALUE"""),691587.0) -> 691587 | K78: Tim Herrin | L78: 25139
A79: Colin Rea | B79: 12317 | C79: 607067 | G79: =IFERROR(__xludf.DUMMYFUNCTION("""COMPUTED_VALUE"""),"Bailey Falter") -> Bailey Falter | H79: =IFERROR(__xludf.DUMMYFUNCTION("""COMPUTED_VALUE"""),663559.0) -> 663559 | K79: Sam Long | L79: 25379
A80: Robbie Ray | B80: 11486 | C80: 592662 | G80: =IFERROR(__xludf.DUMMYFUNCTION("""COMPUTED_VALUE"""),"David Peterson") -> David Peterson | H80: =IFERROR(__xludf.DUMMYFUNCTION("""COMPUTED_VALUE"""),656849.0) -> 656849 | K80: Hunter Gaddis | L80: 25636
A81: Steven Okert | B81: 13580 | C81: 595345 | G81: =IFERROR(__xludf.DUMMYFUNCTION("""COMPUTED_VALUE"""),"Troy Melton") -> Troy Melton | H81: =IFERROR(__xludf.DUMMYFUNCTION("""COMPUTED_VALUE"""),675512.0) -> 675512 | K81: Cade Smith | L81: 27867
A82: Max Meyer | B82: 27474 | C82: 676974 | G82: =IFERROR(__xludf.DUMMYFUNCTION("""COMPUTED_VALUE"""),"Cade Povich") -> Cade Povich | H82: =IFERROR(__xludf.DUMMYFUNCTION("""COMPUTED_VALUE"""),700249.0) -> 700249 | K82: Emilio Pagan | L82: 14771
A83: AJ Smith-Shawver | B83: 29960 | C83: 700363 | G83: =IFERROR(__xludf.DUMMYFUNCTION("""COMPUTED_VALUE"""),"Cam Schlittler") -> Cam Schlittler | H83: =IFERROR(__xludf.DUMMYFUNCTION("""COMPUTED_VALUE"""),693645.0) -> 693645 | K83: Sam Moll | L83: 14874
A84: Drew Rasmussen | B84: 25385 | C84: 656876 | G84: =IFERROR(__xludf.DUMMYFUNCTION("""COMPUTED_VALUE"""),"Tarik Skubal") -> Tarik Skubal | H84: =IFERROR(__xludf.DUMMYFUNCTION("""COMPUTED_VALUE"""),669373.0) -> 669373 | K84: Scott Barlow | L84: 14993
A85: Griffin Canning | B85: 19867 | C85: 656288 | G85: =IFERROR(__xludf.DUMMYFUNCTION("""COMPUTED_VALUE"""),"Shohei Ohtani") -> Shohei Ohtani | H85: =IFERROR(__xludf.DUMMYFUNCTION("""COMPUTED_VALUE"""),660271.0) -> 660271 | K85: Tyler Rogers | L85: 15541
A86: Bryan Abreu | B86: 16609 | C86: 650556 | G86: =IFERROR(__xludf.DUMMYFUNCTION("""COMPUTED_VALUE"""),"Hurston Waldrep") -> Hurston Waldrep | H86: =IFERROR(__xludf.DUMMYFUNCTION("""COMPUTED_VALUE"""),694462.0) -> 694462 | K86: Ian Gibaut | L86: 17871
A87: Will Vest | B87: 19769 | C87: 676684 | G87: =IFERROR(__xludf.DUMMYFUNCTION("""COMPUTED_VALUE"""),"Reese Olson") -> Reese Olson | H87: =IFERROR(__xludf.DUMMYFUNCTION("""COMPUTED_VALUE"""),681857.0) -> 681857 | K87: Logan Webb | L87: 17995
A88: Yusei Kikuchi | B88: 20633 | C88: 579328 | G88: =IFERROR(__xludf.DUMMYFUNCTION("""COMPUTED_VALUE"""),"Max Fried") -> Max Fried | H88: =IFERROR(__xludf.DUMMYFUNCTION("""COMPUTED_VALUE"""),608331.0) -> 608331 | K88: Tony Santillan | L88: 19926
A89: Erick Fedde | B89: 17425 | C89: 607200 | G89: =IFERROR(__xludf.DUMMYFUNCTION("""COMPUTED_VALUE"""),"Robbie Ray") -> Robbie Ray | H89: =IFERROR(__xludf.DUMMYFUNCTION("""COMPUTED_VALUE"""),592662.0) -> 592662 | K89: Ryan Walker | L89: 20423
A90: Tanner Scott | B90: 17586 | C90: 656945 | G90: =IFERROR(__xludf.DUMMYFUNCTION("""COMPUTED_VALUE"""),"Colin Rea") -> Colin Rea | H90: =IFERROR(__xludf.DUMMYFUNCTION("""COMPUTED_VALUE"""),607067.0) -> 607067 | K90: Hunter Greene | L90: 22182
A91: Jake Bird | B91: 21267 | C91: 656234 | G91: =IFERROR(__xludf.DUMMYFUNCTION("""COMPUTED_VALUE"""),"Ian Seymour") -> Ian Seymour | H91: =IFERROR(__xludf.DUMMYFUNCTION("""COMPUTED_VALUE"""),693855.0) -> 693855 | K91: Randy Rodriguez | L91: 23974
A92: Davis Martin | B92: 21448 | C92: 663436 | G92: =IFERROR(__xludf.DUMMYFUNCTION("""COMPUTED_VALUE"""),"Andrew Alvarez") -> Andrew Alvarez | H92: =IFERROR(__xludf.DUMMYFUNCTION("""COMPUTED_VALUE"""),674841.0) -> 674841 | K92: Erik Miller | L92: 26252
A93: Fernando Cruz | B93: 7048 | C93: 518585 | G93: =IFERROR(__xludf.DUMMYFUNCTION("""COMPUTED_VALUE"""),"Jeffrey Springs") -> Jeffrey Springs | H93: =IFERROR(__xludf.DUMMYFUNCTION("""COMPUTED_VALUE"""),605488.0) -> 605488 | K93: Mike Clevinger | L93: 12808
A94: Jhoan Duran | B94: 21029 | C94: 661395 | G94: =IFERROR(__xludf.DUMMYFUNCTION("""COMPUTED_VALUE"""),"Nick Lodolo") -> Nick Lodolo | H94: =IFERROR(__xludf.DUMMYFUNCTION("""COMPUTED_VALUE"""),666157.0) -> 666157 | K94: Cam Booser | L94: 16061
A95: Ronel Blanco | B95: 19407 | C95: 669854 | G95: =IFERROR(__xludf.DUMMYFUNCTION("""COMPUTED_VALUE"""),"Michael Wacha") -> Michael Wacha | H95: =IFERROR(__xludf.DUMMYFUNCTION("""COMPUTED_VALUE"""),608379.0) -> 608379 | K95: Nicky Lopez | L95: 19339
A96: Josh Hader | B96: 14212 | C96: 623352 | G96: =IFERROR(__xludf.DUMMYFUNCTION("""COMPUTED_VALUE"""),"Stephen Kolek") -> Stephen Kolek | H96: =IFERROR(__xludf.DUMMYFUNCTION("""COMPUTED_VALUE"""),663568.0) -> 663568 | K96: Yusei Kikuchi | L96: 20633
A97: Graham Ashcraft | B97: 27552 | C97: 668933 | G97: =IFERROR(__xludf.DUMMYFUNCTION("""COMPUTED_VALUE"""),"Edward Cabrera") -> Edward Cabrera | H97: =IFERROR(__xludf.DUMMYFUNCTION("""COMPUTED_VALUE"""),665795.0) -> 665795 | K97: Penn Murfee | L97: 25174
A98: Phil Maton | B98: 18064 | C98: 664208 | G98: =IFERROR(__xludf.DUMMYFUNCTION("""COMPUTED_VALUE"""),"Gavin Williams") -> Gavin Williams | H98: =IFERROR(__xludf.DUMMYFUNCTION("""COMPUTED_VALUE"""),668909.0) -> 668909 | K98: Sean Burke | L98: 29878
A99: Andrew Heaney | B99: 15423 | C99: 571760 | G99: =IFERROR(__xludf.DUMMYFUNCTION("""COMPUTED_VALUE"""),"Michael Lorenzen") -> Michael Lorenzen | H99: =IFERROR(__xludf.DUMMYFUNCTION("""COMPUTED_VALUE"""),547179.0) -> 547179 | K99: Jordan Leasure | L99: 29950
A100: Mark Leiter Jr. | B100: 15551 | C100: 643410 | G100: =IFERROR(__xludf.DUMMYFUNCTION("""COMPUTED_VALUE"""),"Luis Severino") -> Luis Severino | H100: =IFERROR(__xludf.DUMMYFUNCTION("""COMPUTED_VALUE"""),622663.0) -> 622663 | K100: Ryan Johnson | L100: 35325
...

Sheet Appearance Sheet
A1: Date | B1: Name | C1: Tm | D1: IP | E1: playerId | F1: Cleaned IP | G1: MLBAMID
A2: 45734 | B2: Ryan Brasier | C2: CHC | D2: 1 | E2: 5615 | F2: =INT(D2)+if(len(D2)=3,int(right(D2))/3,0) -> 1 | G2: {=index('Player ID'!C:C,match(E2,'Player ID'!B:B,0))} -> 518489
A3: 45734 | B3: Blake Treinen | C3: LAD | D3: 1 | E3: 12572 | F3: =INT(D3)+if(len(D3)=3,int(right(D3))/3,0) -> 1 | G3: {=index('Player ID'!C:C,match(E3,'Player ID'!B:B,0))} -> 595014
A4: 45734 | B4: Anthony Banda | C4: LAD | D4: 1 | E4: 14706 | F4: =INT(D4)+if(len(D4)=3,int(right(D4))/3,0) -> 1 | G4: {=index('Player ID'!C:C,match(E4,'Player ID'!B:B,0))} -> 607455
A5: 45734 | B5: Tanner Scott | C5: LAD | D5: 1 | E5: 17586 | F5: =INT(D5)+if(len(D5)=3,int(right(D5))/3,0) -> 1 | G5: {=index('Player ID'!C:C,match(E5,'Player ID'!B:B,0))} -> 656945
A6: 45734 | B6: Eli Morgan | C6: CHC | D6: 1.1 | E6: 20203 | F6: =INT(D6)+if(len(D6)=3,int(right(D6))/3,0) -> 1.3333333 | G6: {=index('Player ID'!C:C,match(E6,'Player ID'!B:B,0))} -> 669212
A7: 45734 | B7: Ben Brown | C7: CHC | D7: 2.2 | E7: 23590 | F7: =INT(D7)+if(len(D7)=3,int(right(D7))/3,0) -> 2.6666667 | G7: {=index('Player ID'!C:C,match(E7,'Player ID'!B:B,0))} -> 676962
A8: 45734 | B8: Ben Casparius | C8: LAD | D8: 1 | E8: 30085 | F8: =INT(D8)+if(len(D8)=3,int(right(D8))/3,0) -> 1 | G8: {=index('Player ID'!C:C,match(E8,'Player ID'!B:B,0))} -> 676508
A9: 45734 | B9: Yoshinobu Yamamoto | C9: LAD | D9: 5 | E9: 33825 | F9: =INT(D9)+if(len(D9)=3,int(right(D9))/3,0) -> 5 | G9: {=index('Player ID'!C:C,match(E9,'Player ID'!B:B,0))} -> 808967
A10: 45734 | B10: Shota Imanaga | C10: CHC | D10: 4 | E10: 33829 | F10: =INT(D10)+if(len(D10)=3,int(right(D10))/3,0) -> 4 | G10: {=index('Player ID'!C:C,match(E10,'Player ID'!B:B,0))} -> 684007
A11: 45735 | B11: Luis Garcia | C11: LAD | D11: 1 | E11: 6984 | F11: =INT(D11)+if(len(D11)=3,int(right(D11))/3,0) -> 1 | G11: {=index('Player ID'!C:C,match(E11,'Player ID'!B:B,0))} -> 472610
A12: 45735 | B12: Ryan Pressly | C12: CHC | D12: 1 | E12: 7005 | F12: =INT(D12)+if(len(D12)=3,int(right(D12))/3,0) -> 1 | G12: {=index('Player ID'!C:C,match(E12,'Player ID'!B:B,0))} -> 519151
A13: 45735 | B13: Kirby Yates | C13: LAD | D13: 1 | E13: 9073 | F13: =INT(D13)+if(len(D13)=3,int(right(D13))/3,0) -> 1 | G13: {=index('Player ID'!C:C,match(E13,'Player ID'!B:B,0))} -> 489446
... A11252: 45842 | B11252: Jack Perkins | C11252: ATH | D11252: 3 | E11252: 31468 | F11252: =INT(D11252)+if(len(D11252)=3,int(right(D11252))/3,0) -> 3 | G11252: {=index('Player ID'!C:C,match(E11252,'Player ID'!B:B,0))} -> #N/A

Sheet PLA Sheet
A1: year_played | B1: pitchername | C1: pitcher_mlb_id | D1: pitchtype | E1: p_hand | F1: b_hand | G1: num_pitches | H1: subset_ip | I1: plv | J1: pitch_runs | L1: =IFERROR(__xludf.DUMMYFUNCTION("query(C2:G7254,""select C,sum(G) group by C order by sum(G) desc "" )"),"") | M1: =IFERROR(__xludf.DUMMYFUNCTION("""COMPUTED_VALUE"""),"sum ") -> sum
A2: 2025 | B2: A.J. Minter | C2: 621345 | D2: FC | E2: L | F2: L | G2: 43 | H2: 2.5567568 | I2: 5.32 | J2: 0.662647 | L2: =IFERROR(__xludf.DUMMYFUNCTION("""COMPUTED_VALUE"""),657277.0) -> 657277 | M2: =IFERROR(__xludf.DUMMYFUNCTION("""COMPUTED_VALUE"""),3280.0) -> 3280
A3: 2025 | B3: A.J. Minter | C3: 621345 | D3: FF | E3: L | F3: L | G3: 21 | H3: 1.2486486 | I3: 5.93 | J3: 0.087459 | L3: =IFERROR(__xludf.DUMMYFUNCTION("""COMPUTED_VALUE"""),607074.0) -> 607074 | M3: =IFERROR(__xludf.DUMMYFUNCTION("""COMPUTED_VALUE"""),3212.0) -> 3212
A4: 2025 | B4: A.J. Minter | C4: 621345 | D4: CH | E4: L | F4: R | G4: 18 | H4: 1.0702703 | I4: 3.76 | J4: 0.817034 | L4: =IFERROR(__xludf.DUMMYFUNCTION("""COMPUTED_VALUE"""),676979.0) -> 676979 | M4: =IFERROR(__xludf.DUMMYFUNCTION("""COMPUTED_VALUE"""),3148.0) -> 3148
A5: 2025 | B5: A.J. Minter | C5: 621345 | D5: FC | E5: L | F5: R | G5: 45 | H5: 2.6756757 | I5: 5.01 | J5: 0.98978 | L5: =IFERROR(__xludf.DUMMYFUNCTION("""COMPUTED_VALUE"""),668678.0) -> 668678 | M5: =IFERROR(__xludf.DUMMYFUNCTION("""COMPUTED_VALUE"""),3133.0) -> 3133
A6: 2025 | B6: A.J. Minter | C6: 621345 | D6: FF | E6: L | F6: R | G6: 58 | H6: 3.4486486 | I6: 5.27 | J6: 0.940222 | L6: =IFERROR(__xludf.DUMMYFUNCTION("""COMPUTED_VALUE"""),608331.0) -> 608331 | M6: =IFERROR(__xludf.DUMMYFUNCTION("""COMPUTED_VALUE"""),3109.0) -> 3109
A7: 2025 | B7: A.J. Puk | C7: 640462 | D7: FF | E7: L | F7: L | G7: 37 | H7: 1.8974359 | I7: 6.18 | J7: -0.106694 | L7: =IFERROR(__xludf.DUMMYFUNCTION("""COMPUTED_VALUE"""),579328.0) -> 579328 | M7: =IFERROR(__xludf.DUMMYFUNCTION("""COMPUTED_VALUE"""),3093.0) -> 3093
A8: 2025 | B8: A.J. Puk | C8: 640462 | D8: SI | E8: L | F8: L | G8: 2 | H8: 0.1025641 | I8: 2.17 | J8: 0.159547 | L8: =IFERROR(__xludf.DUMMYFUNCTION("""COMPUTED_VALUE"""),642547.0) -> 642547 | M8: =IFERROR(__xludf.DUMMYFUNCTION("""COMPUTED_VALUE"""),3085.0) -> 3085
A9: 2025 | B9: A.J. Puk | C9: 640462 | D9: SL | E9: L | F9: L | G9: 19 | H9: 0.97435897 | I9: 4.76 | J9: 0.495825 | L9: =IFERROR(__xludf.DUMMYFUNCTION("""COMPUTED_VALUE"""),592662.0) -> 592662 | M9: =IFERROR(__xludf.DUMMYFUNCTION("""COMPUTED_VALUE"""),3068.0) -> 3068
A10: 2025 | B10: A.J. Puk | C10: 640462 | D10: FF | E10: L | F10: R | G10: 60 | H10: 3.0769231 | I10: 5.32 | J10: 0.907514 | L10: =IFERROR(__xludf.DUMMYFUNCTION("""COMPUTED_VALUE"""),656302.0) -> 656302 | M10: =IFERROR(__xludf.DUMMYFUNCTION("""COMPUTED_VALUE"""),3040.0) -> 3040
A11: 2025 | B11: A.J. Puk | C11: 640462 | D11: SL | E11: L | F11: R | G11: 37 | H11: 1.8974359 | I11: 4.85 | J11: 0.880791 | L11: =IFERROR(__xludf.DUMMYFUNCTION("""COMPUTED_VALUE"""),592332.0) -> 592332 | M11: =IFERROR(__xludf.DUMMYFUNCTION("""COMPUTED_VALUE"""),3028.0) -> 3028
A12: 2025 | B12: A.J. Puk | C12: 640462 | D12: ST | E12: L | F12: R | G12: 1 | H12: 0.051282051 | I12: -1.51 | J12: 0.15115 | L12: =IFERROR(__xludf.DUMMYFUNCTION("""COMPUTED_VALUE"""),666200.0) -> 666200 | M12: =IFERROR(__xludf.DUMMYFUNCTION("""COMPUTED_VALUE"""),3013.0) -> 3013
A13: 2025 | B13: AJ Blubaugh | C13: 805123 | D13: CH | E13: R | F13: L | G13: 67 | H13: 4.2371542 | I13: 5.2 | J13: 1.113276 | L13: =IFERROR(__xludf.DUMMYFUNCTION("""COMPUTED_VALUE"""),694973.0) -> 694973 | M13: =IFERROR(__xludf.DUMMYFUNCTION("""COMPUTED_VALUE"""),2997.0) -> 2997
A14: 2025 | B14: AJ Blubaugh | C14: 805123 | D14: CU | E14: R | F14: L | G14: 17 | H14: 1.0750988 | I14: 4.56 | J14: 0.527033 | L14: =IFERROR(__xludf.DUMMYFUNCTION("""COMPUTED_VALUE"""),676440.0) -> 676440 | M14: =IFERROR(__xludf.DUMMYFUNCTION("""COMPUTED_VALUE"""),2969.0) -> 2969
A15: 2025 | B15: AJ Blubaugh | C15: 805123 | D15: FC | E15: R | F15: L | G15: 2 | H15: 0.12648221 | I15: 2.43 | J15: 0.143526 | L15: =IFERROR(__xludf.DUMMYFUNCTION("""COMPUTED_VALUE"""),686613.0) -> 686613 | M15: =IFERROR(__xludf.DUMMYFUNCTION("""COMPUTED_VALUE"""),2962.0) -> 2962
A16: 2025 | B16: AJ Blubaugh | C16: 805123 | D16: FF | E16: R | F16: L | G16: 128 | H16: 8.0948617 | I16: 5.45 | J16: 1.724547 | L16: =IFERROR(__xludf.DUMMYFUNCTION("""COMPUTED_VALUE"""),663623.0) -> 663623 | M16: =IFERROR(__xludf.DUMMYFUNCTION("""COMPUTED_VALUE"""),2945.0) -> 2945
A17: 2025 | B17: AJ Blubaugh | C17: 805123 | D17: SL | E17: R | F17: L | G17: 1 | H17: 0.063241107 | I17: 4.8 | J17: 0.026239 | L17: =IFERROR(__xludf.DUMMYFUNCTION("""COMPUTED_VALUE"""),668909.0) -> 668909 | M17: =IFERROR(__xludf.DUMMYFUNCTION("""COMPUTED_VALUE"""),2925.0) -> 2925
A18: 2025 | B18: AJ Blubaugh | C18: 805123 | D18: ST | E18: R | F18: L | G18: 29 | H18: 1.8339921 | I18: 4.98 | J18: 0.618577 | L18: =IFERROR(__xludf.DUMMYFUNCTION("""COMPUTED_VALUE"""),694297.0) -> 694297 | M18: =IFERROR(__xludf.DUMMYFUNCTION("""COMPUTED_VALUE"""),2918.0) -> 2918
A19: 2025 | B19: AJ Blubaugh | C19: 805123 | D19: CH | E19: R | F19: R | G19: 31 | H19: 1.9604743 | I19: 5.17 | J19: 0.549225 | L19: =IFERROR(__xludf.DUMMYFUNCTION("""COMPUTED_VALUE"""),622491.0) -> 622491 | M19: =IFERROR(__xludf.DUMMYFUNCTION("""COMPUTED_VALUE"""),2904.0) -> 2904
A20: 2025 | B20: AJ Blubaugh | C20: 805123 | D20: FC | E20: R | F20: R | G20: 3 | H20: 0.18972332 | I20: 5.07 | J20: 0.062155 | L20: =IFERROR(__xludf.DUMMYFUNCTION("""COMPUTED_VALUE"""),650911.0) -> 650911 | M20: =IFERROR(__xludf.DUMMYFUNCTION("""COMPUTED_VALUE"""),2896.0) -> 2896
A21: 2025 | B21: AJ Blubaugh | C21: 805123 | D21: FF | E21: R | F21: R | G21: 149 | H21: 9.4229249 | I21: 4.9 | J21: 3.667153 | L21: =IFERROR(__xludf.DUMMYFUNCTION("""COMPUTED_VALUE"""),645261.0) -> 645261 | M21: =IFERROR(__xludf.DUMMYFUNCTION("""COMPUTED_VALUE"""),2889.0) -> 2889
A22: 2025 | B22: AJ Blubaugh | C22: 805123 | D22: ST | E22: R | F22: R | G22: 79 | H22: 4.9960474 | I22: 5.42 | J22: 1.094076 | L22: =IFERROR(__xludf.DUMMYFUNCTION("""COMPUTED_VALUE"""),664285.0) -> 664285 | M22: =IFERROR(__xludf.DUMMYFUNCTION("""COMPUTED_VALUE"""),2888.0) -> 2888
A23: 2025 | B23: AJ Smith-Shawver | C23: 700363 | D23: CU | E23: R | F23: L | G23: 69 | H23: 4.302391 | I23: 4.77 | J23: 1.853859 | L23: =IFERROR(__xludf.DUMMYFUNCTION("""COMPUTED_VALUE"""),656605.0) -> 656605 | M23: =IFERROR(__xludf.DUMMYFUNCTION("""COMPUTED_VALUE"""),2868.0) -> 2868
A24: 2025 | B24: AJ Smith-Shawver | C24: 700363 | D24: FF | E24: R | F24: L | G24: 181 | H24: 11.285982 | I24: 5.09 | J24: 3.777332 | L24: =IFERROR(__xludf.DUMMYFUNCTION("""COMPUTED_VALUE"""),663903.0) -> 663903 | M24: =IFERROR(__xludf.DUMMYFUNCTION("""COMPUTED_VALUE"""),2850.0) -> 2850
A25: 2025 | B25: AJ Smith-Shawver | C25: 700363 | D25: FS | E25: R | F25: L | G25: 142 | H25: 8.854196 | I25: 4.57 | J25: 4.179604 | L25: =IFERROR(__xludf.DUMMYFUNCTION("""COMPUTED_VALUE"""),601713.0) -> 601713 | M25: =IFERROR(__xludf.DUMMYFUNCTION("""COMPUTED_VALUE"""),2849.0) -> 2849
A26: 2025 | B26: AJ Smith-Shawver | C26: 700363 | D26: SL | E26: R | F26: L | G26: 7 | H26: 0.43647445 | I26: 6.02 | J26: 0.01969 | L26: =IFERROR(__xludf.DUMMYFUNCTION("""COMPUTED_VALUE"""),669373.0) -> 669373 | M26: =IFERROR(__xludf.DUMMYFUNCTION("""COMPUTED_VALUE"""),2849.0) -> 2849
A27: 2025 | B27: AJ Smith-Shawver | C27: 700363 | D27: CU | E27: R | F27: R | G27: 39 | H27: 2.4317862 | I27: 4.43 | J27: 1.305682 | L27: =IFERROR(__xludf.DUMMYFUNCTION("""COMPUTED_VALUE"""),605488.0) -> 605488 | M27: =IFERROR(__xludf.DUMMYFUNCTION("""COMPUTED_VALUE"""),2846.0) -> 2846
A28: 2025 | B28: AJ Smith-Shawver | C28: 700363 | D28: FF | E28: R | F28: R | G28: 150 | H28: 9.3530239 | I28: 4.74 | J28: 4.141329 | L28: =IFERROR(__xludf.DUMMYFUNCTION("""COMPUTED_VALUE"""),518876.0) -> 518876 | M28: =IFERROR(__xludf.DUMMYFUNCTION("""COMPUTED_VALUE"""),2832.0) -> 2832
A29: 2025 | B29: AJ Smith-Shawver | C29: 700363 | D29: FS | E29: R | F29: R | G29: 100 | H29: 6.2353493 | I29: 4.32 | J29: 3.462165 | L29: =IFERROR(__xludf.DUMMYFUNCTION("""COMPUTED_VALUE"""),656427.0) -> 656427 | M29: =IFERROR(__xludf.DUMMYFUNCTION("""COMPUTED_VALUE"""),2830.0) -> 2830
A30: 2025 | B30: AJ Smith-Shawver | C30: 700363 | D30: SL | E30: R | F30: R | G30: 23 | H30: 1.4341303 | I30: 4.15 | J30: 0.922421 | L30: =IFERROR(__xludf.DUMMYFUNCTION("""COMPUTED_VALUE"""),605135.0) -> 605135 | M30: =IFERROR(__xludf.DUMMYFUNCTION("""COMPUTED_VALUE"""),2829.0) -> 2829
A31: 2025 | B31: Aaron Ashby | C31: 676879 | D31: CH | E31: L | F31: L | G31: 4 | H31: 0.25839793 | I31: 4.02 | J31: 0.159621 | L31: =IFERROR(__xludf.DUMMYFUNCTION("""COMPUTED_VALUE"""),669022.0) -> 669022 | M31: =IFERROR(__xludf.DUMMYFUNCTION("""COMPUTED_VALUE"""),2817.0) -> 2817
A32: 2025 | B32: Aaron Ashby | C32: 676879 | D32: CU | E32: L | F32: L | G32: 83 | H32: 5.3617571 | I32: 4.8 | J32: 2.183041 | L32: =IFERROR(__xludf.DUMMYFUNCTION("""COMPUTED_VALUE"""),701542.0) -> 701542 | M32: =IFERROR(__xludf.DUMMYFUNCTION("""COMPUTED_VALUE"""),2801.0) -> 2801
A33: 2025 | B33: Aaron Ashby | C33: 676879 | D33: FF | E33: L | F33: L | G33: 7 | H33: 0.45219638 | I33: 5.29 | J33: 0.113359 | L33: =IFERROR(__xludf.DUMMYFUNCTION("""COMPUTED_VALUE"""),657746.0) -> 657746 | M33: =IFERROR(__xludf.DUMMYFUNCTION("""COMPUTED_VALUE"""),2795.0) -> 2795
A34: 2025 | B34: Aaron Ashby | C34: 676879 | D34: SI | E34: L | F34: L | G34: 228 | H34: 14.728682 | I34: 5.33 | J34: 3.530197 | L34: =IFERROR(__xludf.DUMMYFUNCTION("""COMPUTED_VALUE"""),808967.0) -> 808967 | M34: =IFERROR(__xludf.DUMMYFUNCTION("""COMPUTED_VALUE"""),2788.0) -> 2788
A35: 2025 | B35: Aaron Ashby | C35: 676879 | D35: SL | E35: L | F35: L | G35: 71 | H35: 4.5865633 | I35: 4.5 | J35: 2.248347 | L35: =IFERROR(__xludf.DUMMYFUNCTION("""COMPUTED_VALUE"""),641793.0) -> 641793 | M35: =IFERROR(__xludf.DUMMYFUNCTION("""COMPUTED_VALUE"""),2785.0) -> 2785
A36: 2025 | B36: Aaron Ashby | C36: 676879 | D36: CH | E36: L | F36: R | G36: 115 | H36: 7.4289406 | I36: 5.05 | J36: 2.401402 | L36: =IFERROR(__xludf.DUMMYFUNCTION("""COMPUTED_VALUE"""),667755.0) -> 667755 | M36: =IFERROR(__xludf.DUMMYFUNCTION("""COMPUTED_VALUE"""),2783.0) -> 2783
A37: 2025 | B37: Aaron Ashby | C37: 676879 | D37: CU | E37: L | F37: R | G37: 190 | H37: 12.273902 | I37: 5.31 | J37: 2.875336 | L37: =IFERROR(__xludf.DUMMYFUNCTION("""COMPUTED_VALUE"""),605280.0) -> 605280 | M37: =IFERROR(__xludf.DUMMYFUNCTION("""COMPUTED_VALUE"""),2762.0) -> 2762
A38: 2025 | B38: Aaron Ashby | C38: 676879 | D38: FF | E38: L | F38: R | G38: 26 | H38: 1.6795866 | I38: 4.34 | J38: 0.933157 | L38: =IFERROR(__xludf.DUMMYFUNCTION("""COMPUTED_VALUE"""),571510.0) -> 571510 | M38: =IFERROR(__xludf.DUMMYFUNCTION("""COMPUTED_VALUE"""),2746.0) -> 2746
A39: 2025 | B39: Aaron Ashby | C39: 676879 | D39: SI | E39: L | F39: R | G39: 295 | H39: 19.056848 | I39: 5 | J39: 6.695843 | L39: =IFERROR(__xludf.DUMMYFUNCTION("""COMPUTED_VALUE"""),622663.0) -> 622663 | M39: =IFERROR(__xludf.DUMMYFUNCTION("""COMPUTED_VALUE"""),2730.0) -> 2730
A40: 2025 | B40: Aaron Ashby | C40: 676879 | D40: SL | E40: L | F40: R | G40: 13 | H40: 0.83979328 | I40: 3.96 | J40: 0.518343 | L40: =IFERROR(__xludf.DUMMYFUNCTION("""COMPUTED_VALUE"""),669358.0) -> 669358 | M40: =IFERROR(__xludf.DUMMYFUNCTION("""COMPUTED_VALUE"""),2718.0) -> 2718
A41: 2025 | B41: Aaron Bummer | C41: 607481 | D41: CU | E41: L | F41: L | G41: 96 | H41: 5.5965665 | I41: 5 | J41: 2.01061 | L41: =IFERROR(__xludf.DUMMYFUNCTION("""COMPUTED_VALUE"""),669467.0) -> 669467 | M41: =IFERROR(__xludf.DUMMYFUNCTION("""COMPUTED_VALUE"""),2718.0) -> 2718
A42: 2025 | B42: Aaron Bummer | C42: 607481 | D42: FF | E42: L | F42: L | G42: 12 | H42: 0.69957081 | I42: 5.03 | J42: 0.237066 | L42: =IFERROR(__xludf.DUMMYFUNCTION("""COMPUTED_VALUE"""),543243.0) -> 543243 | M42: =IFERROR(__xludf.DUMMYFUNCTION("""COMPUTED_VALUE"""),2716.0) -> 2716
A43: 2025 | B43: Aaron Bummer | C43: 607481 | D43: SI | E43: L | F43: L | G43: 214 | H43: 12.47568 | I43: 5.25 | J43: 3.635412 | L43: =IFERROR(__xludf.DUMMYFUNCTION("""COMPUTED_VALUE"""),693433.0) -> 693433 | M43: =IFERROR(__xludf.DUMMYFUNCTION("""COMPUTED_VALUE"""),2714.0) -> 2714
A44: 2025 | B44: Aaron Bummer | C44: 607481 | D44: ST | E44: L | F44: L | G44: 113 | H44: 6.5876252 | I44: 4.96 | J44: 2.506998 | L44: =IFERROR(__xludf.DUMMYFUNCTION("""COMPUTED_VALUE"""),671106.0) -> 671106 | M44: =IFERROR(__xludf.DUMMYFUNCTION("""COMPUTED_VALUE"""),2706.0) -> 2706
A45: 2025 | B45: Aaron Bummer | C45: 607481 | D45: CU | E45: L | F45: R | G45: 228 | H45: 13.291845 | I45: 5.02 | J45: 4.952375 | L45: =IFERROR(__xludf.DUMMYFUNCTION("""COMPUTED_VALUE"""),680730.0) -> 680730 | M45: =IFERROR(__xludf.DUMMYFUNCTION("""COMPUTED_VALUE"""),2704.0) -> 2704
A46: 2025 | B46: Aaron Bummer | C46: 607481 | D46: FF | E46: L | F46: R | G46: 105 | H46: 6.1212446 | I46: 4.8 | J46: 2.77504 | L46: =IFERROR(__xludf.DUMMYFUNCTION("""COMPUTED_VALUE"""),686752.0) -> 686752 | M46: =IFERROR(__xludf.DUMMYFUNCTION("""COMPUTED_VALUE"""),2699.0) -> 2699
A47: 2025 | B47: Aaron Bummer | C47: 607481 | D47: SI | E47: L | F47: R | G47: 110 | H47: 6.4127325 | I47: 4.84 | J47: 2.8384 | L47: =IFERROR(__xludf.DUMMYFUNCTION("""COMPUTED_VALUE"""),656849.0) -> 656849 | M47: =IFERROR(__xludf.DUMMYFUNCTION("""COMPUTED_VALUE"""),2697.0) -> 2697
A48: 2025 | B48: Aaron Bummer | C48: 607481 | D48: ST | E48: L | F48: R | G48: 54 | H48: 3.1480687 | I48: 4.69 | J48: 1.439543 | L48: =IFERROR(__xludf.DUMMYFUNCTION("""COMPUTED_VALUE"""),678394.0) -> 678394 | M48: =IFERROR(__xludf.DUMMYFUNCTION("""COMPUTED_VALUE"""),2697.0) -> 2697
A49: 2025 | B49: Aaron Civale | C49: 650644 | D49: CU | E49: R | F49: L | G49: 178 | H49: 10.404585 | I49: 5.37 | J49: 2.51074 | L49: =IFERROR(__xludf.DUMMYFUNCTION("""COMPUTED_VALUE"""),665152.0) -> 665152 | M49: =IFERROR(__xludf.DUMMYFUNCTION("""COMPUTED_VALUE"""),2692.0) -> 2692
A50: 2025 | B50: Aaron Civale | C50: 650644 | D50: FC | E50: R | F50: L | G50: 331 | H50: 19.347851 | I50: 4.67 | J50: 9.598344 | L50: =IFERROR(__xludf.DUMMYFUNCTION("""COMPUTED_VALUE"""),671096.0) -> 671096 | M50: =IFERROR(__xludf.DUMMYFUNCTION("""COMPUTED_VALUE"""),2676.0) -> 2676
A51: 2025 | B51: Aaron Civale | C51: 650644 | D51: FF | E51: R | F51: L | G51: 168 | H51: 9.8200573 | I51: 4.78 | J51: 4.607343 | L51: =IFERROR(__xludf.DUMMYFUNCTION("""COMPUTED_VALUE"""),608379.0) -> 608379 | M51: =IFERROR(__xludf.DUMMYFUNCTION("""COMPUTED_VALUE"""),2663.0) -> 2663
A52: 2025 | B52: Aaron Civale | C52: 650644 | D52: FS | E52: R | F52: L | G52: 91 | H52: 5.3191977 | I52: 4.92 | J52: 2.158635 | L52: =IFERROR(__xludf.DUMMYFUNCTION("""COMPUTED_VALUE"""),594798.0) -> 594798 | M52: =IFERROR(__xludf.DUMMYFUNCTION("""COMPUTED_VALUE"""),2612.0) -> 2612
A53: 2025 | B53: Aaron Civale | C53: 650644 | D53: SI | E53: R | F53: L | G53: 128 | H53: 7.4819484 | I53: 4.4 | J53: 4.415177 | L53: =IFERROR(__xludf.DUMMYFUNCTION("""COMPUTED_VALUE"""),434378.0) -> 434378 | M53: =IFERROR(__xludf.DUMMYFUNCTION("""COMPUTED_VALUE"""),2608.0) -> 2608
A54: 2025 | B54: Aaron Civale | C54: 650644 | D54: SL | E54: R | F54: L | G54: 22 | H54: 1.2859599 | I54: 5.41 | J54: 0.297422 | L54: =IFERROR(__xludf.DUMMYFUNCTION("""COMPUTED_VALUE"""),571578.0) -> 571578 | M54: =IFERROR(__xludf.DUMMYFUNCTION("""COMPUTED_VALUE"""),2588.0) -> 2588
A55: 2025 | B55: Aaron Civale | C55: 650644 | D55: ST | E55: R | F55: L | G55: 3 | H55: 0.17535817 | I55: 5.53 | J55: 0.034346 | L55: =IFERROR(__xludf.DUMMYFUNCTION("""COMPUTED_VALUE"""),593958.0) -> 593958 | M55: =IFERROR(__xludf.DUMMYFUNCTION("""COMPUTED_VALUE"""),2585.0) -> 2585
A56: 2025 | B56: Aaron Civale | C56: 650644 | D56: CU | E56: R | F56: R | G56: 151 | H56: 8.826361 | I56: 5.01 | J56: 3.253794 | L56: =IFERROR(__xludf.DUMMYFUNCTION("""COMPUTED_VALUE"""),621244.0) -> 621244 | M56: =IFERROR(__xludf.DUMMYFUNCTION("""COMPUTED_VALUE"""),2584.0) -> 2584
A57: 2025 | B57: Aaron Civale | C57: 650644 | D57: FC | E57: R | F57: R | G57: 280 | H57: 16.366762 | I57: 4.92 | J57: 6.824939 | L57: =IFERROR(__xludf.DUMMYFUNCTION("""COMPUTED_VALUE"""),683004.0) -> 683004 | M57: =IFERROR(__xludf.DUMMYFUNCTION("""COMPUTED_VALUE"""),2584.0) -> 2584
A58: 2025 | B58: Aaron Civale | C58: 650644 | D58: FF | E58: R | F58: R | G58: 103 | H58: 6.0206304 | I58: 4.37 | J58: 3.597624 | L58: =IFERROR(__xludf.DUMMYFUNCTION("""COMPUTED_VALUE"""),607259.0) -> 607259 | M58: =IFERROR(__xludf.DUMMYFUNCTION("""COMPUTED_VALUE"""),2578.0) -> 2578
A59: 2025 | B59: Aaron Civale | C59: 650644 | D59: FS | E59: R | F59: R | G59: 10 | H59: 0.58452722 | I59: 4.18 | J59: 0.404939 | L59: =IFERROR(__xludf.DUMMYFUNCTION("""COMPUTED_VALUE"""),543294.0) -> 543294 | M59: =IFERROR(__xludf.DUMMYFUNCTION("""COMPUTED_VALUE"""),2573.0) -> 2573
A60: 2025 | B60: Aaron Civale | C60: 650644 | D60: SI | E60: R | F60: R | G60: 164 | H60: 9.5862464 | I60: 4.58 | J60: 5.150177 | L60: =IFERROR(__xludf.DUMMYFUNCTION("""COMPUTED_VALUE"""),608372.0) -> 608372 | M60: =IFERROR(__xludf.DUMMYFUNCTION("""COMPUTED_VALUE"""),2565.0) -> 2565
A61: 2025 | B61: Aaron Civale | C61: 650644 | D61: SL | E61: R | F61: R | G61: 107 | H61: 6.2544413 | I61: 5.25 | J61: 1.84072 | L61: =IFERROR(__xludf.DUMMYFUNCTION("""COMPUTED_VALUE"""),663978.0) -> 663978 | M61: =IFERROR(__xludf.DUMMYFUNCTION("""COMPUTED_VALUE"""),2563.0) -> 2563
A62: 2025 | B62: Aaron Civale | C62: 650644 | D62: ST | E62: R | F62: R | G62: 9 | H62: 0.5260745 | I62: 5.94 | J62: 0.013673 | L62: =IFERROR(__xludf.DUMMYFUNCTION("""COMPUTED_VALUE"""),450203.0) -> 450203 | M62: =IFERROR(__xludf.DUMMYFUNCTION("""COMPUTED_VALUE"""),2542.0) -> 2542
A63: 2025 | B63: Aaron Nola | C63: 605400 | D63: CH | E63: R | F63: L | G63: 191 | H63: 11.498192 | I63: 4.97 | J63: 4.212729 | L63: =IFERROR(__xludf.DUMMYFUNCTION("""COMPUTED_VALUE"""),607067.0) -> 607067 | M63: =IFERROR(__xludf.DUMMYFUNCTION("""COMPUTED_VALUE"""),2533.0) -> 2533
A64: 2025 | B64: Aaron Nola | C64: 605400 | D64: CU | E64: R | F64: L | G64: 292 | H64: 17.578388 | I64: 5.39 | J64: 3.995724 | L64: =IFERROR(__xludf.DUMMYFUNCTION("""COMPUTED_VALUE"""),693821.0) -> 693821 | M64: =IFERROR(__xludf.DUMMYFUNCTION("""COMPUTED_VALUE"""),2508.0) -> 2508
A65: 2025 | B65: Aaron Nola | C65: 605400 | D65: FC | E65: R | F65: L | G65: 64 | H65: 3.8527973 | I65: 5.22 | J65: 1.128345 | L65: =IFERROR(__xludf.DUMMYFUNCTION("""COMPUTED_VALUE"""),571945.0) -> 571945 | M65: =IFERROR(__xludf.DUMMYFUNCTION("""COMPUTED_VALUE"""),2483.0) -> 2483
A66: 2025 | B66: Aaron Nola | C66: 605400 | D66: FF | E66: R | F66: L | G66: 353 | H66: 21.250585 | I66: 5.21 | J66: 6.362877 | L66: =IFERROR(__xludf.DUMMYFUNCTION("""COMPUTED_VALUE"""),607536.0) -> 607536 | M66: =IFERROR(__xludf.DUMMYFUNCTION("""COMPUTED_VALUE"""),2481.0) -> 2481
A67: 2025 | B67: Aaron Nola | C67: 605400 | D67: SI | E67: R | F67: L | G67: 122 | H67: 7.3443948 | I67: 5.25 | J67: 1.867929 | L67: =IFERROR(__xludf.DUMMYFUNCTION("""COMPUTED_VALUE"""),666157.0) -> 666157 | M67: =IFERROR(__xludf.DUMMYFUNCTION("""COMPUTED_VALUE"""),2477.0) -> 2477
A68: 2025 | B68: Aaron Nola | C68: 605400 | D68: CH | E68: R | F68: R | G68: 49 | H68: 2.9497979 | I68: 5.41 | J68: 0.678887 | L68: =IFERROR(__xludf.DUMMYFUNCTION("""COMPUTED_VALUE"""),682990.0) -> 682990 | M68: =IFERROR(__xludf.DUMMYFUNCTION("""COMPUTED_VALUE"""),2468.0) -> 2468
A69: 2025 | B69: Aaron Nola | C69: 605400 | D69: CU | E69: R | F69: R | G69: 165 | H69: 9.932993 | I69: 5.44 | J69: 2.092456 | L69: =IFERROR(__xludf.DUMMYFUNCTION("""COMPUTED_VALUE"""),669194.0) -> 669194 | M69: =IFERROR(__xludf.DUMMYFUNCTION("""COMPUTED_VALUE"""),2464.0) -> 2464
A70: 2025 | B70: Aaron Nola | C70: 605400 | D70: FC | E70: R | F70: R | G70: 51 | H70: 3.0701978 | I70: 4.83 | J70: 1.244453 | L70: =IFERROR(__xludf.DUMMYFUNCTION("""COMPUTED_VALUE"""),624133.0) -> 624133 | M70: =IFERROR(__xludf.DUMMYFUNCTION("""COMPUTED_VALUE"""),2430.0) -> 2430
A71: 2025 | B71: Aaron Nola | C71: 605400 | D71: FF | E71: R | F71: R | G71: 122 | H71: 7.3443948 | I71: 5.31 | J71: 1.979464 | L71: =IFERROR(__xludf.DUMMYFUNCTION("""COMPUTED_VALUE"""),681343.0) -> 681343 | M71: =IFERROR(__xludf.DUMMYFUNCTION("""COMPUTED_VALUE"""),2418.0) -> 2418
A72: 2025 | B72: Aaron Nola | C72: 605400 | D72: SI | E72: R | F72: R | G72: 158 | H72: 9.5115933 | I72: 4.95 | J72: 3.63395 | L72: =IFERROR(__xludf.DUMMYFUNCTION("""COMPUTED_VALUE"""),554430.0) -> 554430 | M72: =IFERROR(__xludf.DUMMYFUNCTION("""COMPUTED_VALUE"""),2394.0) -> 2394
A73: 2025 | B73: Abner Uribe | C73: 682842 | D73: FF | E73: R | F73: L | G73: 23 | H73: 1.4885452 | I73: 4.33 | J73: 0.78705 | L73: =IFERROR(__xludf.DUMMYFUNCTION("""COMPUTED_VALUE"""),669461.0) -> 669461 | M73: =IFERROR(__xludf.DUMMYFUNCTION("""COMPUTED_VALUE"""),2387.0) -> 2387
A74: 2025 | B74: Abner Uribe | C74: 682842 | D74: SI | E74: R | F74: L | G74: 283 | H74: 18.315578 | I74: 4.41 | J74: 9.649373 | L74: =IFERROR(__xludf.DUMMYFUNCTION("""COMPUTED_VALUE"""),607625.0) -> 607625 | M74: =IFERROR(__xludf.DUMMYFUNCTION("""COMPUTED_VALUE"""),2378.0) -> 2378
A75: 2025 | B75: Abner Uribe | C75: 682842 | D75: SL | E75: R | F75: L | G75: 213 | H75: 13.785223 | I75: 4.84 | J75: 5.211962 | L75: =IFERROR(__xludf.DUMMYFUNCTION("""COMPUTED_VALUE"""),680732.0) -> 680732 | M75: =IFERROR(__xludf.DUMMYFUNCTION("""COMPUTED_VALUE"""),2375.0) -> 2375
A76: 2025 | B76: Abner Uribe | C76: 682842 | D76: FF | E76: R | F76: R | G76: 10 | H76: 0.64719359 | I76: 5.46 | J76: 0.129487 | L76: =IFERROR(__xludf.DUMMYFUNCTION("""COMPUTED_VALUE"""),607200.0) -> 607200 | M76: =IFERROR(__xludf.DUMMYFUNCTION("""COMPUTED_VALUE"""),2369.0) -> 2369
A77: 2025 | B77: Abner Uribe | C77: 682842 | D77: SI | E77: R | F77: R | G77: 312 | H77: 20.19244 | I77: 5.11 | J77: 6.206337 | L77: =IFERROR(__xludf.DUMMYFUNCTION("""COMPUTED_VALUE"""),676664.0) -> 676664 | M77: =IFERROR(__xludf.DUMMYFUNCTION("""COMPUTED_VALUE"""),2366.0) -> 2366
A78: 2025 | B78: Abner Uribe | C78: 682842 | D78: SL | E78: R | F78: R | G78: 323 | H78: 20.904353 | I78: 5.28 | J78: 5.038721 | L78: =IFERROR(__xludf.DUMMYFUNCTION("""COMPUTED_VALUE"""),608337.0) -> 608337 | M78: =IFERROR(__xludf.DUMMYFUNCTION("""COMPUTED_VALUE"""),2365.0) -> 2365
A79: 2025 | B79: Abraham Toro | C79: 647351 | D79: FF | E79: R | F79: L | G79: 1 | H79: 0.5 | I79: 0.54 | J79: 0.1094 | L79: =IFERROR(__xludf.DUMMYFUNCTION("""COMPUTED_VALUE"""),641927.0) -> 641927 | M79: =IFERROR(__xludf.DUMMYFUNCTION("""COMPUTED_VALUE"""),2356.0) -> 2356
A80: 2025 | B80: Abraham Toro | C80: 647351 | D80: FF | E80: R | F80: R | G80: 1 | H80: 0.5 | I80: 3.27 | J80: 0.058561 | L80: =IFERROR(__xludf.DUMMYFUNCTION("""COMPUTED_VALUE"""),663554.0) -> 663554 | M80: =IFERROR(__xludf.DUMMYFUNCTION("""COMPUTED_VALUE"""),2352.0) -> 2352
A81: 2025 | B81: Adam Mazur | C81: 800049 | D81: CH | E81: R | F81: L | G81: 35 | H81: 2.1472393 | I81: 4.49 | J81: 1.10494 | L81: =IFERROR(__xludf.DUMMYFUNCTION("""COMPUTED_VALUE"""),542881.0) -> 542881 | M81: =IFERROR(__xludf.DUMMYFUNCTION("""COMPUTED_VALUE"""),2337.0) -> 2337
A82: 2025 | B82: Adam Mazur | C82: 800049 | D82: CU | E82: R | F82: L | G82: 38 | H82: 2.3312883 | I82: 4.77 | J82: 0.991954 | L82: =IFERROR(__xludf.DUMMYFUNCTION("""COMPUTED_VALUE"""),547179.0) -> 547179 | M82: =IFERROR(__xludf.DUMMYFUNCTION("""COMPUTED_VALUE"""),2318.0) -> 2318
A83: 2025 | B83: Adam Mazur | C83: 800049 | D83: FF | E83: R | F83: L | G83: 69 | H83: 4.2331288 | I83: 5.04 | J83: 1.425449 | L83: =IFERROR(__xludf.DUMMYFUNCTION("""COMPUTED_VALUE"""),656876.0) -> 656876 | M83: =IFERROR(__xludf.DUMMYFUNCTION("""COMPUTED_VALUE"""),2315.0) -> 2315
A84: 2025 | B84: Adam Mazur | C84: 800049 | D84: SI | E84: R | F84: L | G84: 32 | H84: 1.9631902 | I84: 4.82 | J84: 0.837959 | L84: =IFERROR(__xludf.DUMMYFUNCTION("""COMPUTED_VALUE"""),663436.0) -> 663436 | M84: =IFERROR(__xludf.DUMMYFUNCTION("""COMPUTED_VALUE"""),2307.0) -> 2307
A85: 2025 | B85: Adam Mazur | C85: 800049 | D85: SL | E85: R | F85: L | G85: 90 | H85: 5.5214724 | I85: 5.14 | J85: 1.672016 | L85: =IFERROR(__xludf.DUMMYFUNCTION("""COMPUTED_VALUE"""),622608.0) -> 622608 | M85: =IFERROR(__xludf.DUMMYFUNCTION("""COMPUTED_VALUE"""),2283.0) -> 2283
A86: 2025 | B86: Adam Mazur | C86: 800049 | D86: ST | E86: R | F86: L | G86: 9 | H86: 0.55214724 | I86: 4.97 | J86: 0.177438 | L86: =IFERROR(__xludf.DUMMYFUNCTION("""COMPUTED_VALUE"""),671737.0) -> 671737 | M86: =IFERROR(__xludf.DUMMYFUNCTION("""COMPUTED_VALUE"""),2271.0) -> 2271
A87: 2025 | B87: Adam Mazur | C87: 800049 | D87: CH | E87: R | F87: R | G87: 6 | H87: 0.36809816 | I87: 3.39 | J87: 0.334653 | L87: =IFERROR(__xludf.DUMMYFUNCTION("""COMPUTED_VALUE"""),665795.0) -> 665795 | M87: =IFERROR(__xludf.DUMMYFUNCTION("""COMPUTED_VALUE"""),2249.0) -> 2249
A88: 2025 | B88: Adam Mazur | C88: 800049 | D88: CU | E88: R | F88: R | G88: 15 | H88: 0.9202454 | I88: 4.89 | J88: 0.348433 | L88: =IFERROR(__xludf.DUMMYFUNCTION("""COMPUTED_VALUE"""),621111.0) -> 621111 | M88: =IFERROR(__xludf.DUMMYFUNCTION("""COMPUTED_VALUE"""),2188.0) -> 2188
A89: 2025 | B89: Adam Mazur | C89: 800049 | D89: FF | E89: R | F89: R | G89: 47 | H89: 2.8834356 | I89: 5.19 | J89: 0.849827 | L89: =IFERROR(__xludf.DUMMYFUNCTION("""COMPUTED_VALUE"""),500779.0) -> 500779 | M89: =IFERROR(__xludf.DUMMYFUNCTION("""COMPUTED_VALUE"""),2174.0) -> 2174
A90: 2025 | B90: Adam Mazur | C90: 800049 | D90: SI | E90: R | F90: R | G90: 47 | H90: 2.8834356 | I90: 4.62 | J90: 1.393865 | L90: =IFERROR(__xludf.DUMMYFUNCTION("""COMPUTED_VALUE"""),684007.0) -> 684007 | M90: =IFERROR(__xludf.DUMMYFUNCTION("""COMPUTED_VALUE"""),2174.0) -> 2174
A91: 2025 | B91: Adam Mazur | C91: 800049 | D91: SL | E91: R | F91: R | G91: 51 | H91: 3.1288344 | I91: 5.35 | J91: 0.746848 | L91: =IFERROR(__xludf.DUMMYFUNCTION("""COMPUTED_VALUE"""),669160.0) -> 669160 | M91: =IFERROR(__xludf.DUMMYFUNCTION("""COMPUTED_VALUE"""),2169.0) -> 2169
A92: 2025 | B92: Adam Mazur | C92: 800049 | D92: ST | E92: R | F92: R | G92: 50 | H92: 3.0674847 | I92: 4.8 | J92: 1.258678 | L92: =IFERROR(__xludf.DUMMYFUNCTION("""COMPUTED_VALUE"""),702070.0) -> 702070 | M92: =IFERROR(__xludf.DUMMYFUNCTION("""COMPUTED_VALUE"""),2163.0) -> 2163
A93: 2025 | B93: Adam Ottavino | C93: 493603 | D93: FF | E93: R | F93: L | G93: 5 | H93: 0.1984127 | I93: 3.97 | J93: 0.207452 | L93: =IFERROR(__xludf.DUMMYFUNCTION("""COMPUTED_VALUE"""),669302.0) -> 669302 | M93: =IFERROR(__xludf.DUMMYFUNCTION("""COMPUTED_VALUE"""),2154.0) -> 2154
A94: 2025 | B94: Adam Ottavino | C94: 493603 | D94: SI | E94: R | F94: L | G94: 3 | H94: 0.11904762 | I94: 1.2 | J94: 0.303477 | L94: =IFERROR(__xludf.DUMMYFUNCTION("""COMPUTED_VALUE"""),681190.0) -> 681190 | M94: =IFERROR(__xludf.DUMMYFUNCTION("""COMPUTED_VALUE"""),2148.0) -> 2148
A95: 2025 | B95: Adam Ottavino | C95: 493603 | D95: SL | E95: R | F95: L | G95: 1 | H95: 0.03968254 | I95: 6.66 | J95: -0.011971 | L95: =IFERROR(__xludf.DUMMYFUNCTION("""COMPUTED_VALUE"""),695418.0) -> 695418 | M95: =IFERROR(__xludf.DUMMYFUNCTION("""COMPUTED_VALUE"""),2127.0) -> 2127
A96: 2025 | B96: Adam Ottavino | C96: 493603 | D96: ST | E96: R | F96: L | G96: 7 | H96: 0.27777778 | I96: 5.11 | J96: 0.135385 | L96: =IFERROR(__xludf.DUMMYFUNCTION("""COMPUTED_VALUE"""),675911.0) -> 675911 | M96: =IFERROR(__xludf.DUMMYFUNCTION("""COMPUTED_VALUE"""),2110.0) -> 2110
A97: 2025 | B97: Adam Ottavino | C97: 493603 | D97: FC | E97: R | F97: R | G97: 3 | H97: 0.11904762 | I97: 3.94 | J97: 0.134425 | L97: =IFERROR(__xludf.DUMMYFUNCTION("""COMPUTED_VALUE"""),669923.0) -> 669923 | M97: =IFERROR(__xludf.DUMMYFUNCTION("""COMPUTED_VALUE"""),2086.0) -> 2086
A98: 2025 | B98: Adam Ottavino | C98: 493603 | D98: FF | E98: R | F98: R | G98: 5 | H98: 0.1984127 | I98: 4.02 | J98: 0.213887 | L98: =IFERROR(__xludf.DUMMYFUNCTION("""COMPUTED_VALUE"""),571760.0) -> 571760 | M98: =IFERROR(__xludf.DUMMYFUNCTION("""COMPUTED_VALUE"""),2082.0) -> 2082
A99: 2025 | B99: Adam Ottavino | C99: 493603 | D99: SI | E99: R | F99: R | G99: 12 | H99: 0.47619048 | I99: 3.45 | J99: 0.626864 | L99: =IFERROR(__xludf.DUMMYFUNCTION("""COMPUTED_VALUE"""),608566.0) -> 608566 | M99: =IFERROR(__xludf.DUMMYFUNCTION("""COMPUTED_VALUE"""),2082.0) -> 2082
A100: 2025 | B100: Adam Ottavino | C100: 493603 | D100: SL | E100: R | F100: R | G100: 1 | H100: 0.03968254 | I100: 6.85 | J100: -0.014922 | L100: =IFERROR(__xludf.DUMMYFUNCTION("""COMPUTED_VALUE"""),677944.0) -> 677944 | M100: =IFERROR(__xludf.DUMMYFUNCTION("""COMPUTED_VALUE"""),2063.0) -> 2063
...

Sheet 2024
A1: Pitcher | B1: MLBAMID | C1: Pitches | D1: IP | E1: PLV | F1: PLA | G1: Quality Pitch | H1: Average Pitch | I1: Bad Pitch | J1: QP-BP | K1: Hit Luck
A2: Emmanuel Clase | B2: 661403 | C2: 841 | D2: =sumif('PLA Sheet'!C:C,B2,'PLA Sheet'!H:H) -> 47.333333 | E2: 5.6715669 | F2: =sumif('PLA Sheet'!C:C,B2,'PLA Sheet'!J:J)/D2*9 -> 2.7439442 | G2: 0.60166469 | H2: 0.16171225 | I2: 0.23662307 | J2: =G2-I2 -> 0.36504162 | K2: 16.541502
A3: Yennier Cano | B3: 666974 | C3: 876 | D3: =sumif('PLA Sheet'!C:C,B3,'PLA Sheet'!H:H) -> 58 | E3: 5.6032849 | F3: =sumif('PLA Sheet'!C:C,B3,'PLA Sheet'!J:J)/D3*9 -> 3.0449633 | G3: 0.5479452 | H3: 0.17009132 | I3: 0.28196347 | J3: =G3-I3 -> 0.26598173 | K3: 4.938547
A4: Griffin Jax | B4: 643377 | C4: 936 | D4: =sumif('PLA Sheet'!C:C,B4,'PLA Sheet'!H:H) -> 66 | E4: 5.5859679 | F4: =sumif('PLA Sheet'!C:C,B4,'PLA Sheet'!J:J)/D4*9 -> 1.9745295 | G4: 0.61538461 | H4: 0.22863248 | I4: 0.15598291 | J4: =G4-I4 -> 0.45940171 | K4: 11.331052
A5: Danny Young | B5: 664849 | C5: 552 | D5: =sumif('PLA Sheet'!C:C,B5,'PLA Sheet'!H:H) -> 8.3333333 | E5: 5.5116734 | F5: =sumif('PLA Sheet'!C:C,B5,'PLA Sheet'!J:J)/D5*9 -> 5.052793 | G5: 0.56884058 | H5: 0.2826087 | I5: 0.14855072 | J5: =G5-I5 -> 0.42028985 | K5: 6.3511388
A6: Tyler Rogers | B6: 643511 | C6: 865 | D6: =sumif('PLA Sheet'!C:C,B6,'PLA Sheet'!H:H) -> 77.333333 | E6: 5.5029751 | F6: =sumif('PLA Sheet'!C:C,B6,'PLA Sheet'!J:J)/D6*9 -> 1.8713997 | G6: 0.56069364 | H6: 0.17572254 | I6: 0.26358381 | J6: =G6-I6 -> 0.29710983 | K6: -5.0389019
A7: Josh Hader | B7: 623352 | C7: 980 | D7: =sumif('PLA Sheet'!C:C,B7,'PLA Sheet'!H:H) -> 52.666667 | E7: 5.4855294 | F7: =sumif('PLA Sheet'!C:C,B7,'PLA Sheet'!J:J)/D7*9 -> 2.3685456 | G7: 0.56734694 | H7: 0.10918367 | I7: 0.32346939 | J7: =G7-I7 -> 0.24387755 | K7: -0.91671384
A8: Michael Kopech | B8: 656629 | C8: 983 | D8: =sumif('PLA Sheet'!C:C,B8,'PLA Sheet'!H:H) -> 11 | E8: 5.454808 | F8: =sumif('PLA Sheet'!C:C,B8,'PLA Sheet'!J:J)/D8*9 -> 5.1967522 | G8: 0.57070193 | H8: 0.13428281 | I8: 0.29501526 | J8: =G8-I8 -> 0.27568667 | K8: -1.9144311
A9: Alex Vesia | B9: 681911 | C9: 931 | D9: =sumif('PLA Sheet'!C:C,B9,'PLA Sheet'!H:H) -> 59.666667 | E9: 5.4434067 | F9: =sumif('PLA Sheet'!C:C,B9,'PLA Sheet'!J:J)/D9*9 -> 2.5500874 | G9: 0.55102041 | H9: 0.14500537 | I9: 0.30397422 | J9: =G9-I9 -> 0.24704619 | K9: 10.627332
A10: Evan Phillips | B10: 623465 | C10: 738 | D10: =sumif('PLA Sheet'!C:C,B10,'PLA Sheet'!H:H) -> 5.6666667 | E10: 5.4384382 | F10: =sumif('PLA Sheet'!C:C,B10,'PLA Sheet'!J:J)/D10*9 -> 2.2659845 | G10: 0.55691057 | H10: 0.25609756 | I10: 0.18699187 | J10: =G10-I10 -> 0.3699187 | K10: 0.97903316
A11: Jeremiah Estrada | B11: 669093 | C11: 882 | D11: =sumif('PLA Sheet'!C:C,B11,'PLA Sheet'!H:H) -> 73 | E11: 5.4367603 | F11: =sumif('PLA Sheet'!C:C,B11,'PLA Sheet'!J:J)/D11*9 -> 2.5737225 | G11: 0.54875283 | H11: 0.13605442 | I11: 0.31519274 | J11: =G11-I11 -> 0.23356009 | K11: -1.3980632
A12: Adrian Morejon | B12: 670970 | C12: 915 | D12: =sumif('PLA Sheet'!C:C,B12,'PLA Sheet'!H:H) -> 73.666667 | E12: 5.4302628 | F12: =sumif('PLA Sheet'!C:C,B12,'PLA Sheet'!J:J)/D12*9 -> 2.2851079 | G12: 0.53551913 | H12: 0.19781421 | I12: 0.26666667 | J12: =G12-I12 -> 0.26885246 | K12: 0.54070429
A13: Justin Slaten | B13: 686580 | C13: 671 | D13: =sumif('PLA Sheet'!C:C,B13,'PLA Sheet'!H:H) -> 34 | E13: 5.4270526 | F13: =sumif('PLA Sheet'!C:C,B13,'PLA Sheet'!J:J)/D13*9 -> 2.4215559 | G13: 0.59612519 | H13: 0.16542474 | I13: 0.23845008 | J13: =G13-I13 -> 0.35767511 | K13: -3.6492763
... A438: Nick Nastrini | B438: 680897 | C438: 652 | D438: =sumif('PLA Sheet'!C:C,B438,'PLA Sheet'!H:H) -> 0 | E438: 4.5583734 | F438: =sumif('PLA Sheet'!C:C,B438,'PLA Sheet'!J:J)/D438*9 -> #DIV/0! | G438: 0.42944785 | H438: 0.12883436 | I438: 0.44171779 | J438: =G438-I438 -> -0.012269938 | K438: -1.5375782

Sheet 2023
A1: Pitcher | B1: MLBAMID | C1: Pitches | D1: PLV | E1: Quality Pitch | F1: Average Pitch | G1: Bad Pitch | H1: QP-BP | I1: Hit Luck
A2: Jacob deGrom | B2: 594798 | C2: 447 | D2: 5.5738372 | E2: 0.5458613 | F2: 0.18791946 | G2: 0.26621924 | H2: =E2-G2 -> 0.27964206 | I2: -0.55037798
A3: Alex Vesia | B3: 681911 | C3: 847 | D3: 5.5521715 | E3: 0.58323495 | F3: 0.12632822 | G3: 0.29043684 | H3: =E3-G3 -> 0.29279811 | I3: -15.600468
A4: Jeremiah Estrada | B4: 669093 | C4: 235 | D4: 5.5023769 | E4: 0.5787234 | F4: 0.13617021 | G4: 0.28510638 | H4: =E4-G4 -> 0.29361702 | I4: -3.0714404
A5: DL Hall | B5: 669084 | C5: 369 | D5: 5.4292553 | E5: 0.52845529 | F5: 0.17344173 | G5: 0.29810298 | H5: =E5-G5 -> 0.2303523 | I5: 1.3687409
A6: Paul Sewald | B6: 623149 | C6: 1024 | D6: 5.4215862 | E6: 0.50390625 | F6: 0.31738281 | G6: 0.17871094 | H6: =E6-G6 -> 0.32519531 | I6: -2.7232465
A7: James McArthur | B7: 663704 | C7: 340 | D7: 5.3845815 | E7: 0.48823529 | F7: 0.22647059 | G7: 0.28529412 | H7: =E7-G7 -> 0.20294118 | I7: 0.86713844
A8: Emmanuel Clase | B8: 661403 | C8: 1105 | D8: 5.384579 | E8: 0.53936652 | F8: 0.17013575 | G8: 0.29049774 | H8: =E8-G8 -> 0.24886878 | I8: 1.0184977
A9: Drew Rasmussen | B9: 656876 | C9: 670 | D9: 5.366946 | E9: 0.52835821 | F9: 0.24328358 | G9: 0.22835821 | H9: =E9-G9 -> 0.3 | I9: 5.8207881
A10: Griffin Jax | B10: 643377 | C10: 1027 | D10: 5.3572065 | E10: 0.49561831 | F10: 0.34858812 | G10: 0.15579357 | H10: =E10-G10 -> 0.33982473 | I10: 1.5702103
A11: John Means | B11: 607644 | C11: 333 | D11: 5.3387439 | E11: 0.4984985 | F11: 0.19219219 | G11: 0.30930931 | H11: =E11-G11 -> 0.18918919 | I11: 3.8953621
A12: Devin Williams | B12: 642207 | C12: 939 | D12: 5.3378122 | E12: 0.51757188 | F12: 0.15228967 | G12: 0.33013845 | H12: =E12-G12 -> 0.18743344 | I12: 14.971295
A13: Evan Phillips | B13: 623465 | C13: 906 | D13: 5.3368504 | E13: 0.50110375 | F13: 0.32119205 | G13: 0.17770419 | H13: =E13-G13 -> 0.32339956 | I13: 12.206957
... A683: Tommy Doyle | B683: 656382 | C683: 350 | D683: 4.3541952 | E683: 0.27428571 | F683: 0.20857143 | G683: 0.51714286 | H683: =E683-G683 -> -0.24285714 | I683: -0.27593418

Sheet 2022
A1: Pitcher | B1: MLBAMID | C1: Pitches | D1: PLV | E1: Quality Pitch | F1: Average Pitch | G1: Bad Pitch | H1: QP-BP | I1: Hit Luck
A2: Pete Fairbanks | B2: 664126 | C2: 350 | D2: 5.6448399 | E2: 0.58285714 | F2: 0.15142857 | G2: 0.26571429 | H2: =E2-G2 -> 0.31714286 | I2: 1.8455616
A3: Emmanuel Clase | B3: 661403 | C3: 913 | D3: 5.5611754 | E3: 0.59364732 | F3: 0.18838992 | G3: 0.21796276 | H3: =E3-G3 -> 0.37568456 | I3: 13.288348
A4: Jacob deGrom | B4: 594798 | C4: 935 | D4: 5.4467172 | E4: 0.5368984 | F4: 0.17112299 | G4: 0.29197861 | H4: =E4-G4 -> 0.24491979 | I4: -1.4345642
A5: Tommy Milone | B5: 543548 | C5: 237 | D5: 5.4076137 | E5: 0.51054852 | F5: 0.18987342 | G5: 0.29957806 | H5: =E5-G5 -> 0.21097046 | I5: -0.38563292
A6: Wade Miley | B6: 489119 | C6: 562 | D6: 5.3964962 | E6: 0.52135231 | F6: 0.1975089 | G6: 0.28113879 | H6: =E6-G6 -> 0.24021352 | I6: 3.7357683
A7: Yu Darvish | B7: 506433 | C7: 2946 | D7: 5.3628026 | E7: 0.53496266 | F7: 0.17549219 | G7: 0.28954515 | H7: =E7-G7 -> 0.24541752 | I7: 17.554077
A8: Zack Wheeler | B8: 554430 | C8: 2334 | D8: 5.3584771 | E8: 0.50771208 | F8: 0.20179949 | G8: 0.29048843 | H8: =E8-G8 -> 0.21722365 | I8: 7.3498845
A9: Matt Festa | B9: 670036 | C9: 893 | D9: 5.3469902 | E9: 0.54647256 | F9: 0.14781635 | G9: 0.30571109 | H9: =E9-G9 -> 0.24076148 | I9: -4.5115469
A10: Aaron Nola | B10: 605400 | C10: 3007 | D10: 5.346533 | E10: 0.50149651 | F10: 0.21150648 | G10: 0.28699701 | H10: =E10-G10 -> 0.2144995 | I10: -9.1179732
A11: Josh Fleming | B11: 676596 | C11: 658 | D11: 5.342018 | E11: 0.50455927 | F11: 0.21276596 | G11: 0.28267477 | H11: =E11-G11 -> 0.2218845 | I11: -11.490189
A12: Liam Hendriks | B12: 521230 | C12: 930 | D12: 5.3357219 | E12: 0.51612903 | F12: 0.16129032 | G12: 0.32258064 | H12: =E12-G12 -> 0.19354839 | I12: -11.039824
A13: Adrian Morejon | B13: 670970 | C13: 536 | D13: 5.332727 | E13: 0.52985075 | F13: 0.17723881 | G13: 0.29291045 | H13: =E13-G13 -> 0.2369403 | I13: -3.5593046
... A669: Hanser Alberto | B669: 593643 | C669: 150 | D669: 3.7747465 | E669: 0.23333333 | F669: 0.1 | G669: 0.66666667 | H669: =E669-G669 -> -0.43333333 | I669: 0.91841724
