Workbook

Sheet Hitter Stats
A1: MLBAMID | B1: Hitter | C1: Pitches Faced | D1: Swings | E1: BBE | F1: Swing Aggression | G1: Strikezone Judgement+ | H1: Decision Value+ | I1: zDV+ | J1: oDV+ | K1: Contact Ability+ | L1: Power+ | M1: Process+ | N1: Hitter Performance | O1: Regressed DV | P1: Regressed CA | Q1: Regressed Power | R1: Regressed Process
A2: 592450 | B2: Aaron Judge | C2: 1642 | D2: 751 | E2: 246 | F2: -0.04 | G2: 110 | H2: 115 | I2: 99 | J2: 115 | K2: 91 | L2: 153 | M2: 150 | N2: 158 | O2: =(H2*C2+400*100)/(C2+400) -> 112.0617 | P2: =(K2*D2+200*100)/(D2+200) -> 92.892744 | Q2: =(L2*E2+75*100)/(E2+75) -> 140.61682 | R2: =(M2*C2+400*100)/(C2+400) -> 140.20568
A3: 665742 | B3: Juan Soto | C3: 1815 | D3: 625 | E3: 266 | F3: -0.131 | G3: 108 | H3: 134 | I3: 88 | J3: 137 | K3: 99 | L3: 137 | M3: 147 | N3: 126 | O3: =(H3*C3+400*100)/(C3+400) -> 127.86005 | P3: =(K3*D3+200*100)/(D3+200) -> 99.242424 | Q3: =(L3*E3+75*100)/(E3+75) -> 128.86217 | R3: =(M3*C3+400*100)/(C3+400) -> 138.51242
A4: 660271 | B4: Shohei Ohtani | C4: 1715 | D4: 763 | E4: 261 | F4: -0.026 | G4: 104 | H4: 102 | I4: 86 | J4: 106 | K4: 88 | L4: 146 | M4: 137 | N4: 130 | O4: =(H4*C4+400*100)/(C4+400) -> 101.62175 | P4: =(K4*D4+200*100)/(D4+200) -> 90.492212 | Q4: =(L4*E4+75*100)/(E4+75) -> 135.73214 | R4: =(M4*C4+400*100)/(C4+400) -> 130.00236
A5: 624413 | B5: Pete Alonso | C5: 1731 | D5: 788 | E5: 268 | F5: -0.033 | G5: 102 | H5: 110 | I5: 103 | J5: 108 | K5: 95 | L5: 136 | M5: 136 | N5: 127 | O5: =(H5*C5+400*100)/(C5+400) -> 108.12295 | P5: =(K5*D5+200*100)/(D5+200) -> 96.012146 | Q5: =(L5*E5+75*100)/(E5+75) -> 128.12828 | R5: =(M5*C5+400*100)/(C5+400) -> 129.24261
A6: 660670 | B6: Ronald Acuña Jr. | C6: 814 | D6: 356 | E6: 109 | F6: -0.049 | G6: 121 | H6: 134 | I6: 116 | J6: 126 | K6: 79 | L6: 137 | M6: 135 | N6: 142 | O6: =(H6*C6+400*100)/(C6+400) -> 122.79736 | P6: =(K6*D6+200*100)/(D6+200) -> 86.553957 | Q6: =(L6*E6+75*100)/(E6+75) -> 121.91848 | R6: =(M6*C6+400*100)/(C6+400) -> 123.46787
A7: 545361 | B7: Mike Trout | C7: 1307 | D7: 507 | E7: 167 | F7: -0.123 | G7: 110 | H7: 130 | I7: 101 | J7: 129 | K7: 91 | L7: 130 | M7: 132 | N7: 121 | O7: =(H7*C7+400*100)/(C7+400) -> 122.97012 | P7: =(K7*D7+200*100)/(D7+200) -> 93.545969 | Q7: =(L7*E7+75*100)/(E7+75) -> 120.70248 | R7: =(M7*C7+400*100)/(C7+400) -> 124.50146
A8: 543807 | B8: George Springer | C8: 1411 | D8: 631 | E8: 234 | F8: -0.045 | G8: 129 | H8: 130 | I8: 107 | J8: 127 | K8: 102 | L8: 116 | M8: 130 | N8: 121 | O8: =(H8*C8+400*100)/(C8+400) -> 123.37383 | P8: =(K8*D8+200*100)/(D8+200) -> 101.51865 | Q8: =(L8*E8+75*100)/(E8+75) -> 112.1165 | R8: =(M8*C8+400*100)/(C8+400) -> 123.37383
A9: 650402 | B9: Gleyber Torres | C9: 1468 | D9: 599 | E9: 258 | F9: -0.084 | G9: 128 | H9: 142 | I9: 105 | J9: 138 | K9: 109 | L9: 107 | M9: 130 | N9: 121 | O9: =(H9*C9+400*100)/(C9+400) -> 133.00642 | P9: =(K9*D9+200*100)/(D9+200) -> 106.74718 | Q9: =(L9*E9+75*100)/(E9+75) -> 105.42342 | R9: =(M9*C9+400*100)/(C9+400) -> 123.57602
A10: 683737 | B10: Michael Busch | C10: 1370 | D10: 636 | E10: 222 | F10: -0.028 | G10: 118 | H10: 115 | I10: 94 | J10: 117 | K10: 93 | L10: 127 | M10: 130 | N10: 129 | O10: =(H10*C10+400*100)/(C10+400) -> 111.61017 | P10: =(K10*D10+200*100)/(D10+200) -> 94.674641 | Q10: =(L10*E10+75*100)/(E10+75) -> 120.18182 | R10: =(M10*C10+400*100)/(C10+400) -> 123.22034
A11: 608369 | B11: Corey Seager | C11: 1067 | D11: 534 | E11: 184 | F11: 0.044 | G11: 132 | H11: 107 | I11: 108 | J11: 103 | K11: 97 | L11: 126 | M11: 129 | N11: 115 | O11: =(H11*C11+400*100)/(C11+400) -> 105.09134 | P11: =(K11*D11+200*100)/(D11+200) -> 97.817439 | Q11: =(L11*E11+75*100)/(E11+75) -> 118.47104 | R11: =(M11*C11+400*100)/(C11+400) -> 121.09271
A12: 663853 | B12: Romy González | C12: 546 | D12: 289 | E12: 109 | F12: 0.053 | G12: 100 | H12: 83 | I12: 104 | J12: 83 | K12: 110 | L12: 125 | M12: 129 | N12: 126 | O12: =(H12*C12+400*100)/(C12+400) -> 90.188161 | P12: =(K12*D12+200*100)/(D12+200) -> 105.91002 | Q12: =(L12*E12+75*100)/(E12+75) -> 114.80978 | R12: =(M12*C12+400*100)/(C12+400) -> 116.73784
A13: 666176 | B13: Jo Adell | C13: 1232 | D13: 642 | E13: 215 | F13: 0.03 | G13: 110 | H13: 102 | I13: 107 | J13: 99 | K13: 98 | L13: 126 | M13: 128 | N13: 111 | O13: =(H13*C13+400*100)/(C13+400) -> 101.5098 | P13: =(K13*D13+200*100)/(D13+200) -> 98.475059 | Q13: =(L13*E13+75*100)/(E13+75) -> 119.27586 | R13: =(M13*C13+400*100)/(C13+400) -> 121.13725
... A369: 678877 | B369: Jhonkensy Noel | C369: 415 | D369: 247 | E369: 73 | F369: 0.134 | G369: 87 | H369: 52 | I369: 124 | J369: 52 | K369: 95 | L369: 76 | M369: 53 | N369: 43 | O369: =(H369*C369+400*100)/(C369+400) -> 75.558282 | P369: =(K369*D369+200*100)/(D369+200) -> 97.237136 | Q369: =(L369*E369+75*100)/(E369+75) -> 88.162162 | R369: =(M369*C369+400*100)/(C369+400) -> 76.067485

Sheet vs Last Year
A1: =IFERROR(__xludf.DUMMYFUNCTION("FILTER('Hitter Stats'!A:A, arrayformula(ISNUMBER(MATCH('Hitter Stats'!A:A,'2024'!A:A,0))))"),"MLBAMID") -> MLBAMID | B1: Hitter | C1: Δ Swing Aggression | D1: Δ Decision Value+ | E1: Δ Contact Ability+ | F1: Δ Power+ | G1: Δ Process+
A2: =IFERROR(__xludf.DUMMYFUNCTION("""COMPUTED_VALUE"""),592450.0) -> 592450 | B2: {=index('Hitter Stats'!B:B,match(A2,'Hitter Stats'!A:A,0))} -> Aaron Judge | C2: {=index('Hitter Stats'!F:F,match($A2,'Hitter Stats'!$A:$A,0))-index('2024'!F:F,match($A2,'2024'!$A:$A,0))} -> 0.031494324 | D2: {=index('Hitter Stats'!H:H,match($A2,'Hitter Stats'!$A:$A,0))-index('2024'!H:H,match($A2,'2024'!$A:$A,0))} -> -21 | E2: {=index('Hitter Stats'!K:K,match($A2,'Hitter Stats'!$A:$A,0))-index('2024'!K:K,match($A2,'2024'!$A:$A,0))} -> -1 | F2: {=index('Hitter Stats'!L:L,match($A2,'Hitter Stats'!$A:$A,0))-index('2024'!L:L,match($A2,'2024'!$A:$A,0))} -> -5 | G2: {=index('Hitter Stats'!M:M,match($A2,'Hitter Stats'!$A:$A,0))-index('2024'!M:M,match($A2,'2024'!$A:$A,0))} -> -11
A3: =IFERROR(__xludf.DUMMYFUNCTION("""COMPUTED_VALUE"""),665742.0) -> 665742 | B3: {=index('Hitter Stats'!B:B,match(A3,'Hitter Stats'!A:A,0))} -> Juan Soto | C3: {=index('Hitter Stats'!F:F,match($A3,'Hitter Stats'!$A:$A,0))-index('2024'!F:F,match($A3,'2024'!$A:$A,0))} -> -0.056528718 | D3: {=index('Hitter Stats'!H:H,match($A3,'Hitter Stats'!$A:$A,0))-index('2024'!H:H,match($A3,'2024'!$A:$A,0))} -> 3 | E3: {=index('Hitter Stats'!K:K,match($A3,'Hitter Stats'!$A:$A,0))-index('2024'!K:K,match($A3,'2024'!$A:$A,0))} -> -1 | F3: {=index('Hitter Stats'!L:L,match($A3,'Hitter Stats'!$A:$A,0))-index('2024'!L:L,match($A3,'2024'!$A:$A,0))} -> -12 | G3: {=index('Hitter Stats'!M:M,match($A3,'Hitter Stats'!$A:$A,0))-index('2024'!M:M,match($A3,'2024'!$A:$A,0))} -> -13
A4: =IFERROR(__xludf.DUMMYFUNCTION("""COMPUTED_VALUE"""),660271.0) -> 660271 | B4: {=index('Hitter Stats'!B:B,match(A4,'Hitter Stats'!A:A,0))} -> Shohei Ohtani | C4: {=index('Hitter Stats'!F:F,match($A4,'Hitter Stats'!$A:$A,0))-index('2024'!F:F,match($A4,'2024'!$A:$A,0))} -> -0.035351378 | D4: {=index('Hitter Stats'!H:H,match($A4,'Hitter Stats'!$A:$A,0))-index('2024'!H:H,match($A4,'2024'!$A:$A,0))} -> 10 | E4: {=index('Hitter Stats'!K:K,match($A4,'Hitter Stats'!$A:$A,0))-index('2024'!K:K,match($A4,'2024'!$A:$A,0))} -> -10 | F4: {=index('Hitter Stats'!L:L,match($A4,'Hitter Stats'!$A:$A,0))-index('2024'!L:L,match($A4,'2024'!$A:$A,0))} -> -9 | G4: {=index('Hitter Stats'!M:M,match($A4,'Hitter Stats'!$A:$A,0))-index('2024'!M:M,match($A4,'2024'!$A:$A,0))} -> -12
A5: =IFERROR(__xludf.DUMMYFUNCTION("""COMPUTED_VALUE"""),624413.0) -> 624413 | B5: {=index('Hitter Stats'!B:B,match(A5,'Hitter Stats'!A:A,0))} -> Pete Alonso | C5: {=index('Hitter Stats'!F:F,match($A5,'Hitter Stats'!$A:$A,0))-index('2024'!F:F,match($A5,'2024'!$A:$A,0))} -> 0.025634912 | D5: {=index('Hitter Stats'!H:H,match($A5,'Hitter Stats'!$A:$A,0))-index('2024'!H:H,match($A5,'2024'!$A:$A,0))} -> 4 | E5: {=index('Hitter Stats'!K:K,match($A5,'Hitter Stats'!$A:$A,0))-index('2024'!K:K,match($A5,'2024'!$A:$A,0))} -> -8 | F5: {=index('Hitter Stats'!L:L,match($A5,'Hitter Stats'!$A:$A,0))-index('2024'!L:L,match($A5,'2024'!$A:$A,0))} -> 16 | G5: {=index('Hitter Stats'!M:M,match($A5,'Hitter Stats'!$A:$A,0))-index('2024'!M:M,match($A5,'2024'!$A:$A,0))} -> 12
A6: =IFERROR(__xludf.DUMMYFUNCTION("""COMPUTED_VALUE"""),660670.0) -> 660670 | B6: {=index('Hitter Stats'!B:B,match(A6,'Hitter Stats'!A:A,0))} -> Ronald Acuña Jr. | C6: {=index('Hitter Stats'!F:F,match($A6,'Hitter Stats'!$A:$A,0))-index('2024'!F:F,match($A6,'2024'!$A:$A,0))} -> -0.010444394 | D6: {=index('Hitter Stats'!H:H,match($A6,'Hitter Stats'!$A:$A,0))-index('2024'!H:H,match($A6,'2024'!$A:$A,0))} -> 12 | E6: {=index('Hitter Stats'!K:K,match($A6,'Hitter Stats'!$A:$A,0))-index('2024'!K:K,match($A6,'2024'!$A:$A,0))} -> -2 | F6: {=index('Hitter Stats'!L:L,match($A6,'Hitter Stats'!$A:$A,0))-index('2024'!L:L,match($A6,'2024'!$A:$A,0))} -> 27 | G6: {=index('Hitter Stats'!M:M,match($A6,'Hitter Stats'!$A:$A,0))-index('2024'!M:M,match($A6,'2024'!$A:$A,0))} -> 25
A7: =IFERROR(__xludf.DUMMYFUNCTION("""COMPUTED_VALUE"""),545361.0) -> 545361 | B7: {=index('Hitter Stats'!B:B,match(A7,'Hitter Stats'!A:A,0))} -> Mike Trout | C7: {=index('Hitter Stats'!F:F,match($A7,'Hitter Stats'!$A:$A,0))-index('2024'!F:F,match($A7,'2024'!$A:$A,0))} -> -0.024878802 | D7: {=index('Hitter Stats'!H:H,match($A7,'Hitter Stats'!$A:$A,0))-index('2024'!H:H,match($A7,'2024'!$A:$A,0))} -> -8 | E7: {=index('Hitter Stats'!K:K,match($A7,'Hitter Stats'!$A:$A,0))-index('2024'!K:K,match($A7,'2024'!$A:$A,0))} -> -3 | F7: {=index('Hitter Stats'!L:L,match($A7,'Hitter Stats'!$A:$A,0))-index('2024'!L:L,match($A7,'2024'!$A:$A,0))} -> 1 | G7: {=index('Hitter Stats'!M:M,match($A7,'Hitter Stats'!$A:$A,0))-index('2024'!M:M,match($A7,'2024'!$A:$A,0))} -> -9
A8: =IFERROR(__xludf.DUMMYFUNCTION("""COMPUTED_VALUE"""),543807.0) -> 543807 | B8: {=index('Hitter Stats'!B:B,match(A8,'Hitter Stats'!A:A,0))} -> George Springer | C8: {=index('Hitter Stats'!F:F,match($A8,'Hitter Stats'!$A:$A,0))-index('2024'!F:F,match($A8,'2024'!$A:$A,0))} -> -0.03191522 | D8: {=index('Hitter Stats'!H:H,match($A8,'Hitter Stats'!$A:$A,0))-index('2024'!H:H,match($A8,'2024'!$A:$A,0))} -> -8 | E8: {=index('Hitter Stats'!K:K,match($A8,'Hitter Stats'!$A:$A,0))-index('2024'!K:K,match($A8,'2024'!$A:$A,0))} -> 2 | F8: {=index('Hitter Stats'!L:L,match($A8,'Hitter Stats'!$A:$A,0))-index('2024'!L:L,match($A8,'2024'!$A:$A,0))} -> 25 | G8: {=index('Hitter Stats'!M:M,match($A8,'Hitter Stats'!$A:$A,0))-index('2024'!M:M,match($A8,'2024'!$A:$A,0))} -> 20
A9: =IFERROR(__xludf.DUMMYFUNCTION("""COMPUTED_VALUE"""),650402.0) -> 650402 | B9: {=index('Hitter Stats'!B:B,match(A9,'Hitter Stats'!A:A,0))} -> Gleyber Torres | C9: {=index('Hitter Stats'!F:F,match($A9,'Hitter Stats'!$A:$A,0))-index('2024'!F:F,match($A9,'2024'!$A:$A,0))} -> -0.037591473 | D9: {=index('Hitter Stats'!H:H,match($A9,'Hitter Stats'!$A:$A,0))-index('2024'!H:H,match($A9,'2024'!$A:$A,0))} -> 17 | E9: {=index('Hitter Stats'!K:K,match($A9,'Hitter Stats'!$A:$A,0))-index('2024'!K:K,match($A9,'2024'!$A:$A,0))} -> 9 | F9: {=index('Hitter Stats'!L:L,match($A9,'Hitter Stats'!$A:$A,0))-index('2024'!L:L,match($A9,'2024'!$A:$A,0))} -> 11 | G9: {=index('Hitter Stats'!M:M,match($A9,'Hitter Stats'!$A:$A,0))-index('2024'!M:M,match($A9,'2024'!$A:$A,0))} -> 21
A10: =IFERROR(__xludf.DUMMYFUNCTION("""COMPUTED_VALUE"""),683737.0) -> 683737 | B10: {=index('Hitter Stats'!B:B,match(A10,'Hitter Stats'!A:A,0))} -> Michael Busch | C10: {=index('Hitter Stats'!F:F,match($A10,'Hitter Stats'!$A:$A,0))-index('2024'!F:F,match($A10,'2024'!$A:$A,0))} -> -0.011556007 | D10: {=index('Hitter Stats'!H:H,match($A10,'Hitter Stats'!$A:$A,0))-index('2024'!H:H,match($A10,'2024'!$A:$A,0))} -> 9 | E10: {=index('Hitter Stats'!K:K,match($A10,'Hitter Stats'!$A:$A,0))-index('2024'!K:K,match($A10,'2024'!$A:$A,0))} -> 10 | F10: {=index('Hitter Stats'!L:L,match($A10,'Hitter Stats'!$A:$A,0))-index('2024'!L:L,match($A10,'2024'!$A:$A,0))} -> 12 | G10: {=index('Hitter Stats'!M:M,match($A10,'Hitter Stats'!$A:$A,0))-index('2024'!M:M,match($A10,'2024'!$A:$A,0))} -> 23
A11: =IFERROR(__xludf.DUMMYFUNCTION("""COMPUTED_VALUE"""),608369.0) -> 608369 | B11: {=index('Hitter Stats'!B:B,match(A11,'Hitter Stats'!A:A,0))} -> Corey Seager | C11: {=index('Hitter Stats'!F:F,match($A11,'Hitter Stats'!$A:$A,0))-index('2024'!F:F,match($A11,'2024'!$A:$A,0))} -> -0.014142568 | D11: {=index('Hitter Stats'!H:H,match($A11,'Hitter Stats'!$A:$A,0))-index('2024'!H:H,match($A11,'2024'!$A:$A,0))} -> -2 | E11: {=index('Hitter Stats'!K:K,match($A11,'Hitter Stats'!$A:$A,0))-index('2024'!K:K,match($A11,'2024'!$A:$A,0))} -> -2 | F11: {=index('Hitter Stats'!L:L,match($A11,'Hitter Stats'!$A:$A,0))-index('2024'!L:L,match($A11,'2024'!$A:$A,0))} -> -2 | G11: {=index('Hitter Stats'!M:M,match($A11,'Hitter Stats'!$A:$A,0))-index('2024'!M:M,match($A11,'2024'!$A:$A,0))} -> -8
A12: =IFERROR(__xludf.DUMMYFUNCTION("""COMPUTED_VALUE"""),663853.0) -> 663853 | B12: {=index('Hitter Stats'!B:B,match(A12,'Hitter Stats'!A:A,0))} -> Romy González | C12: {=index('Hitter Stats'!F:F,match($A12,'Hitter Stats'!$A:$A,0))-index('2024'!F:F,match($A12,'2024'!$A:$A,0))} -> 0.007405749 | D12: {=index('Hitter Stats'!H:H,match($A12,'Hitter Stats'!$A:$A,0))-index('2024'!H:H,match($A12,'2024'!$A:$A,0))} -> -9 | E12: {=index('Hitter Stats'!K:K,match($A12,'Hitter Stats'!$A:$A,0))-index('2024'!K:K,match($A12,'2024'!$A:$A,0))} -> 12 | F12: {=index('Hitter Stats'!L:L,match($A12,'Hitter Stats'!$A:$A,0))-index('2024'!L:L,match($A12,'2024'!$A:$A,0))} -> 21 | G12: {=index('Hitter Stats'!M:M,match($A12,'Hitter Stats'!$A:$A,0))-index('2024'!M:M,match($A12,'2024'!$A:$A,0))} -> 29
A13: =IFERROR(__xludf.DUMMYFUNCTION("""COMPUTED_VALUE"""),666176.0) -> 666176 | B13: {=index('Hitter Stats'!B:B,match(A13,'Hitter Stats'!A:A,0))} -> Jo Adell | C13: {=index('Hitter Stats'!F:F,match($A13,'Hitter Stats'!$A:$A,0))-index('2024'!F:F,match($A13,'2024'!$A:$A,0))} -> 0.029297328 | D13: {=index('Hitter Stats'!H:H,match($A13,'Hitter Stats'!$A:$A,0))-index('2024'!H:H,match($A13,'2024'!$A:$A,0))} -> -1 | E13: {=index('Hitter Stats'!K:K,match($A13,'Hitter Stats'!$A:$A,0))-index('2024'!K:K,match($A13,'2024'!$A:$A,0))} -> 5 | F13: {=index('Hitter Stats'!L:L,match($A13,'Hitter Stats'!$A:$A,0))-index('2024'!L:L,match($A13,'2024'!$A:$A,0))} -> 24 | G13: {=index('Hitter Stats'!M:M,match($A13,'Hitter Stats'!$A:$A,0))-index('2024'!M:M,match($A13,'2024'!$A:$A,0))} -> 28
A14: =IFERROR(__xludf.DUMMYFUNCTION("""COMPUTED_VALUE"""),592518.0) -> 592518 | B14: {=index('Hitter Stats'!B:B,match(A14,'Hitter Stats'!A:A,0))} -> Manny Machado | C14: {=index('Hitter Stats'!F:F,match($A14,'Hitter Stats'!$A:$A,0))-index('2024'!F:F,match($A14,'2024'!$A:$A,0))} -> -0.014340139 | D14: {=index('Hitter Stats'!H:H,match($A14,'Hitter Stats'!$A:$A,0))-index('2024'!H:H,match($A14,'2024'!$A:$A,0))} -> -5 | E14: {=index('Hitter Stats'!K:K,match($A14,'Hitter Stats'!$A:$A,0))-index('2024'!K:K,match($A14,'2024'!$A:$A,0))} -> 6 | F14: {=index('Hitter Stats'!L:L,match($A14,'Hitter Stats'!$A:$A,0))-index('2024'!L:L,match($A14,'2024'!$A:$A,0))} -> 8 | G14: {=index('Hitter Stats'!M:M,match($A14,'Hitter Stats'!$A:$A,0))-index('2024'!M:M,match($A14,'2024'!$A:$A,0))} -> 9
A15: =IFERROR(__xludf.DUMMYFUNCTION("""COMPUTED_VALUE"""),700250.0) -> 700250 | B15: {=index('Hitter Stats'!B:B,match(A15,'Hitter Stats'!A:A,0))} -> Ben Rice | C15: {=index('Hitter Stats'!F:F,match($A15,'Hitter Stats'!$A:$A,0))-index('2024'!F:F,match($A15,'2024'!$A:$A,0))} -> 0.012593897 | D15: {=index('Hitter Stats'!H:H,match($A15,'Hitter Stats'!$A:$A,0))-index('2024'!H:H,match($A15,'2024'!$A:$A,0))} -> -14 | E15: {=index('Hitter Stats'!K:K,match($A15,'Hitter Stats'!$A:$A,0))-index('2024'!K:K,match($A15,'2024'!$A:$A,0))} -> 15 | F15: {=index('Hitter Stats'!L:L,match($A15,'Hitter Stats'!$A:$A,0))-index('2024'!L:L,match($A15,'2024'!$A:$A,0))} -> 8 | G15: {=index('Hitter Stats'!M:M,match($A15,'Hitter Stats'!$A:$A,0))-index('2024'!M:M,match($A15,'2024'!$A:$A,0))} -> 12
A16: =IFERROR(__xludf.DUMMYFUNCTION("""COMPUTED_VALUE"""),665489.0) -> 665489 | B16: {=index('Hitter Stats'!B:B,match(A16,'Hitter Stats'!A:A,0))} -> Vladimir Guerrero Jr. | C16: {=index('Hitter Stats'!F:F,match($A16,'Hitter Stats'!$A:$A,0))-index('2024'!F:F,match($A16,'2024'!$A:$A,0))} -> -0.053443858 | D16: {=index('Hitter Stats'!H:H,match($A16,'Hitter Stats'!$A:$A,0))-index('2024'!H:H,match($A16,'2024'!$A:$A,0))} -> 6 | E16: {=index('Hitter Stats'!K:K,match($A16,'Hitter Stats'!$A:$A,0))-index('2024'!K:K,match($A16,'2024'!$A:$A,0))} -> 0 | F16: {=index('Hitter Stats'!L:L,match($A16,'Hitter Stats'!$A:$A,0))-index('2024'!L:L,match($A16,'2024'!$A:$A,0))} -> -14 | G16: {=index('Hitter Stats'!M:M,match($A16,'Hitter Stats'!$A:$A,0))-index('2024'!M:M,match($A16,'2024'!$A:$A,0))} -> -16
A17: =IFERROR(__xludf.DUMMYFUNCTION("""COMPUTED_VALUE"""),650490.0) -> 650490 | B17: {=index('Hitter Stats'!B:B,match(A17,'Hitter Stats'!A:A,0))} -> Yandy Díaz | C17: {=index('Hitter Stats'!F:F,match($A17,'Hitter Stats'!$A:$A,0))-index('2024'!F:F,match($A17,'2024'!$A:$A,0))} -> 0.017333184 | D17: {=index('Hitter Stats'!H:H,match($A17,'Hitter Stats'!$A:$A,0))-index('2024'!H:H,match($A17,'2024'!$A:$A,0))} -> -8 | E17: {=index('Hitter Stats'!K:K,match($A17,'Hitter Stats'!$A:$A,0))-index('2024'!K:K,match($A17,'2024'!$A:$A,0))} -> -5 | F17: {=index('Hitter Stats'!L:L,match($A17,'Hitter Stats'!$A:$A,0))-index('2024'!L:L,match($A17,'2024'!$A:$A,0))} -> 10 | G17: {=index('Hitter Stats'!M:M,match($A17,'Hitter Stats'!$A:$A,0))-index('2024'!M:M,match($A17,'2024'!$A:$A,0))} -> 4
A18: =IFERROR(__xludf.DUMMYFUNCTION("""COMPUTED_VALUE"""),669257.0) -> 669257 | B18: {=index('Hitter Stats'!B:B,match(A18,'Hitter Stats'!A:A,0))} -> Will Smith | C18: {=index('Hitter Stats'!F:F,match($A18,'Hitter Stats'!$A:$A,0))-index('2024'!F:F,match($A18,'2024'!$A:$A,0))} -> -0.086341094 | D18: {=index('Hitter Stats'!H:H,match($A18,'Hitter Stats'!$A:$A,0))-index('2024'!H:H,match($A18,'2024'!$A:$A,0))} -> 23 | E18: {=index('Hitter Stats'!K:K,match($A18,'Hitter Stats'!$A:$A,0))-index('2024'!K:K,match($A18,'2024'!$A:$A,0))} -> -1 | F18: {=index('Hitter Stats'!L:L,match($A18,'Hitter Stats'!$A:$A,0))-index('2024'!L:L,match($A18,'2024'!$A:$A,0))} -> 10 | G18: {=index('Hitter Stats'!M:M,match($A18,'Hitter Stats'!$A:$A,0))-index('2024'!M:M,match($A18,'2024'!$A:$A,0))} -> 17
A19: =IFERROR(__xludf.DUMMYFUNCTION("""COMPUTED_VALUE"""),672386.0) -> 672386 | B19: {=index('Hitter Stats'!B:B,match(A19,'Hitter Stats'!A:A,0))} -> Alejandro Kirk | C19: {=index('Hitter Stats'!F:F,match($A19,'Hitter Stats'!$A:$A,0))-index('2024'!F:F,match($A19,'2024'!$A:$A,0))} -> -0.010602024 | D19: {=index('Hitter Stats'!H:H,match($A19,'Hitter Stats'!$A:$A,0))-index('2024'!H:H,match($A19,'2024'!$A:$A,0))} -> 4 | E19: {=index('Hitter Stats'!K:K,match($A19,'Hitter Stats'!$A:$A,0))-index('2024'!K:K,match($A19,'2024'!$A:$A,0))} -> 3 | F19: {=index('Hitter Stats'!L:L,match($A19,'Hitter Stats'!$A:$A,0))-index('2024'!L:L,match($A19,'2024'!$A:$A,0))} -> 7 | G19: {=index('Hitter Stats'!M:M,match($A19,'Hitter Stats'!$A:$A,0))-index('2024'!M:M,match($A19,'2024'!$A:$A,0))} -> 12
A20: =IFERROR(__xludf.DUMMYFUNCTION("""COMPUTED_VALUE"""),673548.0) -> 673548 | B20: {=index('Hitter Stats'!B:B,match(A20,'Hitter Stats'!A:A,0))} -> Seiya Suzuki | C20: {=index('Hitter Stats'!F:F,match($A20,'Hitter Stats'!$A:$A,0))-index('2024'!F:F,match($A20,'2024'!$A:$A,0))} -> 0.001047093 | D20: {=index('Hitter Stats'!H:H,match($A20,'Hitter Stats'!$A:$A,0))-index('2024'!H:H,match($A20,'2024'!$A:$A,0))} -> -3 | E20: {=index('Hitter Stats'!K:K,match($A20,'Hitter Stats'!$A:$A,0))-index('2024'!K:K,match($A20,'2024'!$A:$A,0))} -> 0 | F20: {=index('Hitter Stats'!L:L,match($A20,'Hitter Stats'!$A:$A,0))-index('2024'!L:L,match($A20,'2024'!$A:$A,0))} -> 8 | G20: {=index('Hitter Stats'!M:M,match($A20,'Hitter Stats'!$A:$A,0))-index('2024'!M:M,match($A20,'2024'!$A:$A,0))} -> 9
A21: =IFERROR(__xludf.DUMMYFUNCTION("""COMPUTED_VALUE"""),695578.0) -> 695578 | B21: {=index('Hitter Stats'!B:B,match(A21,'Hitter Stats'!A:A,0))} -> James Wood | C21: {=index('Hitter Stats'!F:F,match($A21,'Hitter Stats'!$A:$A,0))-index('2024'!F:F,match($A21,'2024'!$A:$A,0))} -> -0.000804961 | D21: {=index('Hitter Stats'!H:H,match($A21,'Hitter Stats'!$A:$A,0))-index('2024'!H:H,match($A21,'2024'!$A:$A,0))} -> -1 | E21: {=index('Hitter Stats'!K:K,match($A21,'Hitter Stats'!$A:$A,0))-index('2024'!K:K,match($A21,'2024'!$A:$A,0))} -> -2 | F21: {=index('Hitter Stats'!L:L,match($A21,'Hitter Stats'!$A:$A,0))-index('2024'!L:L,match($A21,'2024'!$A:$A,0))} -> 12 | G21: {=index('Hitter Stats'!M:M,match($A21,'Hitter Stats'!$A:$A,0))-index('2024'!M:M,match($A21,'2024'!$A:$A,0))} -> 8
A22: =IFERROR(__xludf.DUMMYFUNCTION("""COMPUTED_VALUE"""),606466.0) -> 606466 | B22: {=index('Hitter Stats'!B:B,match(A22,'Hitter Stats'!A:A,0))} -> Ketel Marte | C22: {=index('Hitter Stats'!F:F,match($A22,'Hitter Stats'!$A:$A,0))-index('2024'!F:F,match($A22,'2024'!$A:$A,0))} -> -0.018588573 | D22: {=index('Hitter Stats'!H:H,match($A22,'Hitter Stats'!$A:$A,0))-index('2024'!H:H,match($A22,'2024'!$A:$A,0))} -> 4 | E22: {=index('Hitter Stats'!K:K,match($A22,'Hitter Stats'!$A:$A,0))-index('2024'!K:K,match($A22,'2024'!$A:$A,0))} -> 5 | F22: {=index('Hitter Stats'!L:L,match($A22,'Hitter Stats'!$A:$A,0))-index('2024'!L:L,match($A22,'2024'!$A:$A,0))} -> -6 | G22: {=index('Hitter Stats'!M:M,match($A22,'Hitter Stats'!$A:$A,0))-index('2024'!M:M,match($A22,'2024'!$A:$A,0))} -> -3
A23: =IFERROR(__xludf.DUMMYFUNCTION("""COMPUTED_VALUE"""),656941.0) -> 656941 | B23: {=index('Hitter Stats'!B:B,match(A23,'Hitter Stats'!A:A,0))} -> Kyle Schwarber | C23: {=index('Hitter Stats'!F:F,match($A23,'Hitter Stats'!$A:$A,0))-index('2024'!F:F,match($A23,'2024'!$A:$A,0))} -> 0.013203541 | D23: {=index('Hitter Stats'!H:H,match($A23,'Hitter Stats'!$A:$A,0))-index('2024'!H:H,match($A23,'2024'!$A:$A,0))} -> -11 | E23: {=index('Hitter Stats'!K:K,match($A23,'Hitter Stats'!$A:$A,0))-index('2024'!K:K,match($A23,'2024'!$A:$A,0))} -> -1 | F23: {=index('Hitter Stats'!L:L,match($A23,'Hitter Stats'!$A:$A,0))-index('2024'!L:L,match($A23,'2024'!$A:$A,0))} -> 3 | G23: {=index('Hitter Stats'!M:M,match($A23,'Hitter Stats'!$A:$A,0))-index('2024'!M:M,match($A23,'2024'!$A:$A,0))} -> -4
A24: =IFERROR(__xludf.DUMMYFUNCTION("""COMPUTED_VALUE"""),666018.0) -> 666018 | B24: {=index('Hitter Stats'!B:B,match(A24,'Hitter Stats'!A:A,0))} -> Jonathan Aranda | C24: {=index('Hitter Stats'!F:F,match($A24,'Hitter Stats'!$A:$A,0))-index('2024'!F:F,match($A24,'2024'!$A:$A,0))} -> 0.026588921 | D24: {=index('Hitter Stats'!H:H,match($A24,'Hitter Stats'!$A:$A,0))-index('2024'!H:H,match($A24,'2024'!$A:$A,0))} -> -5 | E24: {=index('Hitter Stats'!K:K,match($A24,'Hitter Stats'!$A:$A,0))-index('2024'!K:K,match($A24,'2024'!$A:$A,0))} -> -12 | F24: {=index('Hitter Stats'!L:L,match($A24,'Hitter Stats'!$A:$A,0))-index('2024'!L:L,match($A24,'2024'!$A:$A,0))} -> 1 | G24: {=index('Hitter Stats'!M:M,match($A24,'Hitter Stats'!$A:$A,0))-index('2024'!M:M,match($A24,'2024'!$A:$A,0))} -> -10
A25: =IFERROR(__xludf.DUMMYFUNCTION("""COMPUTED_VALUE"""),671056.0) -> 671056 | B25: {=index('Hitter Stats'!B:B,match(A25,'Hitter Stats'!A:A,0))} -> Iván Herrera | C25: {=index('Hitter Stats'!F:F,match($A25,'Hitter Stats'!$A:$A,0))-index('2024'!F:F,match($A25,'2024'!$A:$A,0))} -> 0.020028815 | D25: {=index('Hitter Stats'!H:H,match($A25,'Hitter Stats'!$A:$A,0))-index('2024'!H:H,match($A25,'2024'!$A:$A,0))} -> 20 | E25: {=index('Hitter Stats'!K:K,match($A25,'Hitter Stats'!$A:$A,0))-index('2024'!K:K,match($A25,'2024'!$A:$A,0))} -> 5 | F25: {=index('Hitter Stats'!L:L,match($A25,'Hitter Stats'!$A:$A,0))-index('2024'!L:L,match($A25,'2024'!$A:$A,0))} -> -9 | G25: {=index('Hitter Stats'!M:M,match($A25,'Hitter Stats'!$A:$A,0))-index('2024'!M:M,match($A25,'2024'!$A:$A,0))} -> 2
A26: =IFERROR(__xludf.DUMMYFUNCTION("""COMPUTED_VALUE"""),571970.0) -> 571970 | B26: {=index('Hitter Stats'!B:B,match(A26,'Hitter Stats'!A:A,0))} -> Max Muncy | C26: {=index('Hitter Stats'!F:F,match($A26,'Hitter Stats'!$A:$A,0))-index('2024'!F:F,match($A26,'2024'!$A:$A,0))} -> 0.015300497 | D26: {=index('Hitter Stats'!H:H,match($A26,'Hitter Stats'!$A:$A,0))-index('2024'!H:H,match($A26,'2024'!$A:$A,0))} -> 6 | E26: {=index('Hitter Stats'!K:K,match($A26,'Hitter Stats'!$A:$A,0))-index('2024'!K:K,match($A26,'2024'!$A:$A,0))} -> 12 | F26: {=index('Hitter Stats'!L:L,match($A26,'Hitter Stats'!$A:$A,0))-index('2024'!L:L,match($A26,'2024'!$A:$A,0))} -> -2 | G26: {=index('Hitter Stats'!M:M,match($A26,'Hitter Stats'!$A:$A,0))-index('2024'!M:M,match($A26,'2024'!$A:$A,0))} -> 7
A27: =IFERROR(__xludf.DUMMYFUNCTION("""COMPUTED_VALUE"""),677951.0) -> 677951 | B27: {=index('Hitter Stats'!B:B,match(A27,'Hitter Stats'!A:A,0))} -> Bobby Witt Jr. | C27: {=index('Hitter Stats'!F:F,match($A27,'Hitter Stats'!$A:$A,0))-index('2024'!F:F,match($A27,'2024'!$A:$A,0))} -> -0.008316233 | D27: {=index('Hitter Stats'!H:H,match($A27,'Hitter Stats'!$A:$A,0))-index('2024'!H:H,match($A27,'2024'!$A:$A,0))} -> 7 | E27: {=index('Hitter Stats'!K:K,match($A27,'Hitter Stats'!$A:$A,0))-index('2024'!K:K,match($A27,'2024'!$A:$A,0))} -> -9 | F27: {=index('Hitter Stats'!L:L,match($A27,'Hitter Stats'!$A:$A,0))-index('2024'!L:L,match($A27,'2024'!$A:$A,0))} -> -12 | G27: {=index('Hitter Stats'!M:M,match($A27,'Hitter Stats'!$A:$A,0))-index('2024'!M:M,match($A27,'2024'!$A:$A,0))} -> -17
A28: =IFERROR(__xludf.DUMMYFUNCTION("""COMPUTED_VALUE"""),575929.0) -> 575929 | B28: {=index('Hitter Stats'!B:B,match(A28,'Hitter Stats'!A:A,0))} -> Willson Contreras | C28: {=index('Hitter Stats'!F:F,match($A28,'Hitter Stats'!$A:$A,0))-index('2024'!F:F,match($A28,'2024'!$A:$A,0))} -> -0.007183713 | D28: {=index('Hitter Stats'!H:H,match($A28,'Hitter Stats'!$A:$A,0))-index('2024'!H:H,match($A28,'2024'!$A:$A,0))} -> 1 | E28: {=index('Hitter Stats'!K:K,match($A28,'Hitter Stats'!$A:$A,0))-index('2024'!K:K,match($A28,'2024'!$A:$A,0))} -> 3 | F28: {=index('Hitter Stats'!L:L,match($A28,'Hitter Stats'!$A:$A,0))-index('2024'!L:L,match($A28,'2024'!$A:$A,0))} -> 2 | G28: {=index('Hitter Stats'!M:M,match($A28,'Hitter Stats'!$A:$A,0))-index('2024'!M:M,match($A28,'2024'!$A:$A,0))} -> 8
A29: =IFERROR(__xludf.DUMMYFUNCTION("""COMPUTED_VALUE"""),665487.0) -> 665487 | B29: {=index('Hitter Stats'!B:B,match(A29,'Hitter Stats'!A:A,0))} -> Fernando Tatis Jr. | C29: {=index('Hitter Stats'!F:F,match($A29,'Hitter Stats'!$A:$A,0))-index('2024'!F:F,match($A29,'2024'!$A:$A,0))} -> -0.014232739 | D29: {=index('Hitter Stats'!H:H,match($A29,'Hitter Stats'!$A:$A,0))-index('2024'!H:H,match($A29,'2024'!$A:$A,0))} -> 1 | E29: {=index('Hitter Stats'!K:K,match($A29,'Hitter Stats'!$A:$A,0))-index('2024'!K:K,match($A29,'2024'!$A:$A,0))} -> 5 | F29: {=index('Hitter Stats'!L:L,match($A29,'Hitter Stats'!$A:$A,0))-index('2024'!L:L,match($A29,'2024'!$A:$A,0))} -> -16 | G29: {=index('Hitter Stats'!M:M,match($A29,'Hitter Stats'!$A:$A,0))-index('2024'!M:M,match($A29,'2024'!$A:$A,0))} -> -16
A30: =IFERROR(__xludf.DUMMYFUNCTION("""COMPUTED_VALUE"""),667670.0) -> 667670 | B30: {=index('Hitter Stats'!B:B,match(A30,'Hitter Stats'!A:A,0))} -> Brent Rooker | C30: {=index('Hitter Stats'!F:F,match($A30,'Hitter Stats'!$A:$A,0))-index('2024'!F:F,match($A30,'2024'!$A:$A,0))} -> 0.006732989 | D30: {=index('Hitter Stats'!H:H,match($A30,'Hitter Stats'!$A:$A,0))-index('2024'!H:H,match($A30,'2024'!$A:$A,0))} -> 14 | E30: {=index('Hitter Stats'!K:K,match($A30,'Hitter Stats'!$A:$A,0))-index('2024'!K:K,match($A30,'2024'!$A:$A,0))} -> 6 | F30: {=index('Hitter Stats'!L:L,match($A30,'Hitter Stats'!$A:$A,0))-index('2024'!L:L,match($A30,'2024'!$A:$A,0))} -> -26 | G30: {=index('Hitter Stats'!M:M,match($A30,'Hitter Stats'!$A:$A,0))-index('2024'!M:M,match($A30,'2024'!$A:$A,0))} -> -10
A31: =IFERROR(__xludf.DUMMYFUNCTION("""COMPUTED_VALUE"""),666182.0) -> 666182 | B31: {=index('Hitter Stats'!B:B,match(A31,'Hitter Stats'!A:A,0))} -> Bo Bichette | C31: {=index('Hitter Stats'!F:F,match($A31,'Hitter Stats'!$A:$A,0))-index('2024'!F:F,match($A31,'2024'!$A:$A,0))} -> -0.032500578 | D31: {=index('Hitter Stats'!H:H,match($A31,'Hitter Stats'!$A:$A,0))-index('2024'!H:H,match($A31,'2024'!$A:$A,0))} -> -1 | E31: {=index('Hitter Stats'!K:K,match($A31,'Hitter Stats'!$A:$A,0))-index('2024'!K:K,match($A31,'2024'!$A:$A,0))} -> -1 | F31: {=index('Hitter Stats'!L:L,match($A31,'Hitter Stats'!$A:$A,0))-index('2024'!L:L,match($A31,'2024'!$A:$A,0))} -> 19 | G31: {=index('Hitter Stats'!M:M,match($A31,'Hitter Stats'!$A:$A,0))-index('2024'!M:M,match($A31,'2024'!$A:$A,0))} -> 23
A32: =IFERROR(__xludf.DUMMYFUNCTION("""COMPUTED_VALUE"""),682998.0) -> 682998 | B32: {=index('Hitter Stats'!B:B,match(A32,'Hitter Stats'!A:A,0))} -> Corbin Carroll | C32: {=index('Hitter Stats'!F:F,match($A32,'Hitter Stats'!$A:$A,0))-index('2024'!F:F,match($A32,'2024'!$A:$A,0))} -> 0.054026817 | D32: {=index('Hitter Stats'!H:H,match($A32,'Hitter Stats'!$A:$A,0))-index('2024'!H:H,match($A32,'2024'!$A:$A,0))} -> -11 | E32: {=index('Hitter Stats'!K:K,match($A32,'Hitter Stats'!$A:$A,0))-index('2024'!K:K,match($A32,'2024'!$A:$A,0))} -> -16 | F32: {=index('Hitter Stats'!L:L,match($A32,'Hitter Stats'!$A:$A,0))-index('2024'!L:L,match($A32,'2024'!$A:$A,0))} -> 31 | G32: {=index('Hitter Stats'!M:M,match($A32,'Hitter Stats'!$A:$A,0))-index('2024'!M:M,match($A32,'2024'!$A:$A,0))} -> 18
A33: =IFERROR(__xludf.DUMMYFUNCTION("""COMPUTED_VALUE"""),679529.0) -> 679529 | B33: {=index('Hitter Stats'!B:B,match(A33,'Hitter Stats'!A:A,0))} -> Spencer Torkelson | C33: {=index('Hitter Stats'!F:F,match($A33,'Hitter Stats'!$A:$A,0))-index('2024'!F:F,match($A33,'2024'!$A:$A,0))} -> -0.019630059 | D33: {=index('Hitter Stats'!H:H,match($A33,'Hitter Stats'!$A:$A,0))-index('2024'!H:H,match($A33,'2024'!$A:$A,0))} -> 19 | E33: {=index('Hitter Stats'!K:K,match($A33,'Hitter Stats'!$A:$A,0))-index('2024'!K:K,match($A33,'2024'!$A:$A,0))} -> -1 | F33: {=index('Hitter Stats'!L:L,match($A33,'Hitter Stats'!$A:$A,0))-index('2024'!L:L,match($A33,'2024'!$A:$A,0))} -> 20 | G33: {=index('Hitter Stats'!M:M,match($A33,'Hitter Stats'!$A:$A,0))-index('2024'!M:M,match($A33,'2024'!$A:$A,0))} -> 25
A34: =IFERROR(__xludf.DUMMYFUNCTION("""COMPUTED_VALUE"""),596103.0) -> 596103 | B34: {=index('Hitter Stats'!B:B,match(A34,'Hitter Stats'!A:A,0))} -> Austin Slater | C34: {=index('Hitter Stats'!F:F,match($A34,'Hitter Stats'!$A:$A,0))-index('2024'!F:F,match($A34,'2024'!$A:$A,0))} -> 0.029495083 | D34: {=index('Hitter Stats'!H:H,match($A34,'Hitter Stats'!$A:$A,0))-index('2024'!H:H,match($A34,'2024'!$A:$A,0))} -> -5 | E34: {=index('Hitter Stats'!K:K,match($A34,'Hitter Stats'!$A:$A,0))-index('2024'!K:K,match($A34,'2024'!$A:$A,0))} -> 6 | F34: {=index('Hitter Stats'!L:L,match($A34,'Hitter Stats'!$A:$A,0))-index('2024'!L:L,match($A34,'2024'!$A:$A,0))} -> 29 | G34: {=index('Hitter Stats'!M:M,match($A34,'Hitter Stats'!$A:$A,0))-index('2024'!M:M,match($A34,'2024'!$A:$A,0))} -> 25
A35: =IFERROR(__xludf.DUMMYFUNCTION("""COMPUTED_VALUE"""),621566.0) -> 621566 | B35: {=index('Hitter Stats'!B:B,match(A35,'Hitter Stats'!A:A,0))} -> Matt Olson | C35: {=index('Hitter Stats'!F:F,match($A35,'Hitter Stats'!$A:$A,0))-index('2024'!F:F,match($A35,'2024'!$A:$A,0))} -> -0.060673735 | D35: {=index('Hitter Stats'!H:H,match($A35,'Hitter Stats'!$A:$A,0))-index('2024'!H:H,match($A35,'2024'!$A:$A,0))} -> 14 | E35: {=index('Hitter Stats'!K:K,match($A35,'Hitter Stats'!$A:$A,0))-index('2024'!K:K,match($A35,'2024'!$A:$A,0))} -> 4 | F35: {=index('Hitter Stats'!L:L,match($A35,'Hitter Stats'!$A:$A,0))-index('2024'!L:L,match($A35,'2024'!$A:$A,0))} -> 6 | G35: {=index('Hitter Stats'!M:M,match($A35,'Hitter Stats'!$A:$A,0))-index('2024'!M:M,match($A35,'2024'!$A:$A,0))} -> 14
A36: =IFERROR(__xludf.DUMMYFUNCTION("""COMPUTED_VALUE"""),687263.0) -> 687263 | B36: {=index('Hitter Stats'!B:B,match(A36,'Hitter Stats'!A:A,0))} -> Zach Neto | C36: {=index('Hitter Stats'!F:F,match($A36,'Hitter Stats'!$A:$A,0))-index('2024'!F:F,match($A36,'2024'!$A:$A,0))} -> -0.017755833 | D36: {=index('Hitter Stats'!H:H,match($A36,'Hitter Stats'!$A:$A,0))-index('2024'!H:H,match($A36,'2024'!$A:$A,0))} -> 9 | E36: {=index('Hitter Stats'!K:K,match($A36,'Hitter Stats'!$A:$A,0))-index('2024'!K:K,match($A36,'2024'!$A:$A,0))} -> -12 | F36: {=index('Hitter Stats'!L:L,match($A36,'Hitter Stats'!$A:$A,0))-index('2024'!L:L,match($A36,'2024'!$A:$A,0))} -> 18 | G36: {=index('Hitter Stats'!M:M,match($A36,'Hitter Stats'!$A:$A,0))-index('2024'!M:M,match($A36,'2024'!$A:$A,0))} -> 17
A37: =IFERROR(__xludf.DUMMYFUNCTION("""COMPUTED_VALUE"""),663757.0) -> 663757 | B37: {=index('Hitter Stats'!B:B,match(A37,'Hitter Stats'!A:A,0))} -> Trent Grisham | C37: {=index('Hitter Stats'!F:F,match($A37,'Hitter Stats'!$A:$A,0))-index('2024'!F:F,match($A37,'2024'!$A:$A,0))} -> 0.030526452 | D37: {=index('Hitter Stats'!H:H,match($A37,'Hitter Stats'!$A:$A,0))-index('2024'!H:H,match($A37,'2024'!$A:$A,0))} -> -2 | E37: {=index('Hitter Stats'!K:K,match($A37,'Hitter Stats'!$A:$A,0))-index('2024'!K:K,match($A37,'2024'!$A:$A,0))} -> -3 | F37: {=index('Hitter Stats'!L:L,match($A37,'Hitter Stats'!$A:$A,0))-index('2024'!L:L,match($A37,'2024'!$A:$A,0))} -> 27 | G37: {=index('Hitter Stats'!M:M,match($A37,'Hitter Stats'!$A:$A,0))-index('2024'!M:M,match($A37,'2024'!$A:$A,0))} -> 19
A38: =IFERROR(__xludf.DUMMYFUNCTION("""COMPUTED_VALUE"""),669065.0) -> 669065 | B38: {=index('Hitter Stats'!B:B,match(A38,'Hitter Stats'!A:A,0))} -> Kyle Stowers | C38: {=index('Hitter Stats'!F:F,match($A38,'Hitter Stats'!$A:$A,0))-index('2024'!F:F,match($A38,'2024'!$A:$A,0))} -> -0.020521337 | D38: {=index('Hitter Stats'!H:H,match($A38,'Hitter Stats'!$A:$A,0))-index('2024'!H:H,match($A38,'2024'!$A:$A,0))} -> 15 | E38: {=index('Hitter Stats'!K:K,match($A38,'Hitter Stats'!$A:$A,0))-index('2024'!K:K,match($A38,'2024'!$A:$A,0))} -> 1 | F38: {=index('Hitter Stats'!L:L,match($A38,'Hitter Stats'!$A:$A,0))-index('2024'!L:L,match($A38,'2024'!$A:$A,0))} -> 11 | G38: {=index('Hitter Stats'!M:M,match($A38,'Hitter Stats'!$A:$A,0))-index('2024'!M:M,match($A38,'2024'!$A:$A,0))} -> 22
A39: =IFERROR(__xludf.DUMMYFUNCTION("""COMPUTED_VALUE"""),621439.0) -> 621439 | B39: {=index('Hitter Stats'!B:B,match(A39,'Hitter Stats'!A:A,0))} -> Byron Buxton | C39: {=index('Hitter Stats'!F:F,match($A39,'Hitter Stats'!$A:$A,0))-index('2024'!F:F,match($A39,'2024'!$A:$A,0))} -> -0.055438285 | D39: {=index('Hitter Stats'!H:H,match($A39,'Hitter Stats'!$A:$A,0))-index('2024'!H:H,match($A39,'2024'!$A:$A,0))} -> 12 | E39: {=index('Hitter Stats'!K:K,match($A39,'Hitter Stats'!$A:$A,0))-index('2024'!K:K,match($A39,'2024'!$A:$A,0))} -> -2 | F39: {=index('Hitter Stats'!L:L,match($A39,'Hitter Stats'!$A:$A,0))-index('2024'!L:L,match($A39,'2024'!$A:$A,0))} -> 0 | G39: {=index('Hitter Stats'!M:M,match($A39,'Hitter Stats'!$A:$A,0))-index('2024'!M:M,match($A39,'2024'!$A:$A,0))} -> 6
A40: =IFERROR(__xludf.DUMMYFUNCTION("""COMPUTED_VALUE"""),542303.0) -> 542303 | B40: {=index('Hitter Stats'!B:B,match(A40,'Hitter Stats'!A:A,0))} -> Marcell Ozuna | C40: {=index('Hitter Stats'!F:F,match($A40,'Hitter Stats'!$A:$A,0))-index('2024'!F:F,match($A40,'2024'!$A:$A,0))} -> -0.087410177 | D40: {=index('Hitter Stats'!H:H,match($A40,'Hitter Stats'!$A:$A,0))-index('2024'!H:H,match($A40,'2024'!$A:$A,0))} -> 16 | E40: {=index('Hitter Stats'!K:K,match($A40,'Hitter Stats'!$A:$A,0))-index('2024'!K:K,match($A40,'2024'!$A:$A,0))} -> 7 | F40: {=index('Hitter Stats'!L:L,match($A40,'Hitter Stats'!$A:$A,0))-index('2024'!L:L,match($A40,'2024'!$A:$A,0))} -> -29 | G40: {=index('Hitter Stats'!M:M,match($A40,'Hitter Stats'!$A:$A,0))-index('2024'!M:M,match($A40,'2024'!$A:$A,0))} -> -17
A41: =IFERROR(__xludf.DUMMYFUNCTION("""COMPUTED_VALUE"""),680977.0) -> 680977 | B41: {=index('Hitter Stats'!B:B,match(A41,'Hitter Stats'!A:A,0))} -> Brendan Donovan | C41: {=index('Hitter Stats'!F:F,match($A41,'Hitter Stats'!$A:$A,0))-index('2024'!F:F,match($A41,'2024'!$A:$A,0))} -> -0.015886846 | D41: {=index('Hitter Stats'!H:H,match($A41,'Hitter Stats'!$A:$A,0))-index('2024'!H:H,match($A41,'2024'!$A:$A,0))} -> 6 | E41: {=index('Hitter Stats'!K:K,match($A41,'Hitter Stats'!$A:$A,0))-index('2024'!K:K,match($A41,'2024'!$A:$A,0))} -> 1 | F41: {=index('Hitter Stats'!L:L,match($A41,'Hitter Stats'!$A:$A,0))-index('2024'!L:L,match($A41,'2024'!$A:$A,0))} -> 6 | G41: {=index('Hitter Stats'!M:M,match($A41,'Hitter Stats'!$A:$A,0))-index('2024'!M:M,match($A41,'2024'!$A:$A,0))} -> 10
A42: =IFERROR(__xludf.DUMMYFUNCTION("""COMPUTED_VALUE"""),690993.0) -> 690993 | B42: {=index('Hitter Stats'!B:B,match(A42,'Hitter Stats'!A:A,0))} -> Colt Keith | C42: {=index('Hitter Stats'!F:F,match($A42,'Hitter Stats'!$A:$A,0))-index('2024'!F:F,match($A42,'2024'!$A:$A,0))} -> -0.054632181 | D42: {=index('Hitter Stats'!H:H,match($A42,'Hitter Stats'!$A:$A,0))-index('2024'!H:H,match($A42,'2024'!$A:$A,0))} -> 16 | E42: {=index('Hitter Stats'!K:K,match($A42,'Hitter Stats'!$A:$A,0))-index('2024'!K:K,match($A42,'2024'!$A:$A,0))} -> -7 | F42: {=index('Hitter Stats'!L:L,match($A42,'Hitter Stats'!$A:$A,0))-index('2024'!L:L,match($A42,'2024'!$A:$A,0))} -> 12 | G42: {=index('Hitter Stats'!M:M,match($A42,'Hitter Stats'!$A:$A,0))-index('2024'!M:M,match($A42,'2024'!$A:$A,0))} -> 16
A43: =IFERROR(__xludf.DUMMYFUNCTION("""COMPUTED_VALUE"""),547180.0) -> 547180 | B43: {=index('Hitter Stats'!B:B,match(A43,'Hitter Stats'!A:A,0))} -> Bryce Harper | C43: {=index('Hitter Stats'!F:F,match($A43,'Hitter Stats'!$A:$A,0))-index('2024'!F:F,match($A43,'2024'!$A:$A,0))} -> -0.003905561 | D43: {=index('Hitter Stats'!H:H,match($A43,'Hitter Stats'!$A:$A,0))-index('2024'!H:H,match($A43,'2024'!$A:$A,0))} -> -8 | E43: {=index('Hitter Stats'!K:K,match($A43,'Hitter Stats'!$A:$A,0))-index('2024'!K:K,match($A43,'2024'!$A:$A,0))} -> 6 | F43: {=index('Hitter Stats'!L:L,match($A43,'Hitter Stats'!$A:$A,0))-index('2024'!L:L,match($A43,'2024'!$A:$A,0))} -> 4 | G43: {=index('Hitter Stats'!M:M,match($A43,'Hitter Stats'!$A:$A,0))-index('2024'!M:M,match($A43,'2024'!$A:$A,0))} -> 6
A44: =IFERROR(__xludf.DUMMYFUNCTION("""COMPUTED_VALUE"""),620443.0) -> 620443 | B44: {=index('Hitter Stats'!B:B,match(A44,'Hitter Stats'!A:A,0))} -> Luis Torrens | C44: {=index('Hitter Stats'!F:F,match($A44,'Hitter Stats'!$A:$A,0))-index('2024'!F:F,match($A44,'2024'!$A:$A,0))} -> 0.004697613 | D44: {=index('Hitter Stats'!H:H,match($A44,'Hitter Stats'!$A:$A,0))-index('2024'!H:H,match($A44,'2024'!$A:$A,0))} -> 6 | E44: {=index('Hitter Stats'!K:K,match($A44,'Hitter Stats'!$A:$A,0))-index('2024'!K:K,match($A44,'2024'!$A:$A,0))} -> -13 | F44: {=index('Hitter Stats'!L:L,match($A44,'Hitter Stats'!$A:$A,0))-index('2024'!L:L,match($A44,'2024'!$A:$A,0))} -> 13 | G44: {=index('Hitter Stats'!M:M,match($A44,'Hitter Stats'!$A:$A,0))-index('2024'!M:M,match($A44,'2024'!$A:$A,0))} -> 9
A45: =IFERROR(__xludf.DUMMYFUNCTION("""COMPUTED_VALUE"""),663656.0) -> 663656 | B45: {=index('Hitter Stats'!B:B,match(A45,'Hitter Stats'!A:A,0))} -> Kyle Tucker | C45: {=index('Hitter Stats'!F:F,match($A45,'Hitter Stats'!$A:$A,0))-index('2024'!F:F,match($A45,'2024'!$A:$A,0))} -> 0.023376956 | D45: {=index('Hitter Stats'!H:H,match($A45,'Hitter Stats'!$A:$A,0))-index('2024'!H:H,match($A45,'2024'!$A:$A,0))} -> -3 | E45: {=index('Hitter Stats'!K:K,match($A45,'Hitter Stats'!$A:$A,0))-index('2024'!K:K,match($A45,'2024'!$A:$A,0))} -> -6 | F45: {=index('Hitter Stats'!L:L,match($A45,'Hitter Stats'!$A:$A,0))-index('2024'!L:L,match($A45,'2024'!$A:$A,0))} -> -16 | G45: {=index('Hitter Stats'!M:M,match($A45,'Hitter Stats'!$A:$A,0))-index('2024'!M:M,match($A45,'2024'!$A:$A,0))} -> -21
A46: =IFERROR(__xludf.DUMMYFUNCTION("""COMPUTED_VALUE"""),670541.0) -> 670541 | B46: {=index('Hitter Stats'!B:B,match(A46,'Hitter Stats'!A:A,0))} -> Yordan Alvarez | C46: {=index('Hitter Stats'!F:F,match($A46,'Hitter Stats'!$A:$A,0))-index('2024'!F:F,match($A46,'2024'!$A:$A,0))} -> -0.033372897 | D46: {=index('Hitter Stats'!H:H,match($A46,'Hitter Stats'!$A:$A,0))-index('2024'!H:H,match($A46,'2024'!$A:$A,0))} -> 4 | E46: {=index('Hitter Stats'!K:K,match($A46,'Hitter Stats'!$A:$A,0))-index('2024'!K:K,match($A46,'2024'!$A:$A,0))} -> -8 | F46: {=index('Hitter Stats'!L:L,match($A46,'Hitter Stats'!$A:$A,0))-index('2024'!L:L,match($A46,'2024'!$A:$A,0))} -> -16 | G46: {=index('Hitter Stats'!M:M,match($A46,'Hitter Stats'!$A:$A,0))-index('2024'!M:M,match($A46,'2024'!$A:$A,0))} -> -24
A47: =IFERROR(__xludf.DUMMYFUNCTION("""COMPUTED_VALUE"""),682985.0) -> 682985 | B47: {=index('Hitter Stats'!B:B,match(A47,'Hitter Stats'!A:A,0))} -> Riley Greene | C47: {=index('Hitter Stats'!F:F,match($A47,'Hitter Stats'!$A:$A,0))-index('2024'!F:F,match($A47,'2024'!$A:$A,0))} -> 0.075631552 | D47: {=index('Hitter Stats'!H:H,match($A47,'Hitter Stats'!$A:$A,0))-index('2024'!H:H,match($A47,'2024'!$A:$A,0))} -> -9 | E47: {=index('Hitter Stats'!K:K,match($A47,'Hitter Stats'!$A:$A,0))-index('2024'!K:K,match($A47,'2024'!$A:$A,0))} -> -13 | F47: {=index('Hitter Stats'!L:L,match($A47,'Hitter Stats'!$A:$A,0))-index('2024'!L:L,match($A47,'2024'!$A:$A,0))} -> 12 | G47: {=index('Hitter Stats'!M:M,match($A47,'Hitter Stats'!$A:$A,0))-index('2024'!M:M,match($A47,'2024'!$A:$A,0))} -> -1
A48: =IFERROR(__xludf.DUMMYFUNCTION("""COMPUTED_VALUE"""),666181.0) -> 666181 | B48: {=index('Hitter Stats'!B:B,match(A48,'Hitter Stats'!A:A,0))} -> Will Benson | C48: {=index('Hitter Stats'!F:F,match($A48,'Hitter Stats'!$A:$A,0))-index('2024'!F:F,match($A48,'2024'!$A:$A,0))} -> 0.030816288 | D48: {=index('Hitter Stats'!H:H,match($A48,'Hitter Stats'!$A:$A,0))-index('2024'!H:H,match($A48,'2024'!$A:$A,0))} -> -1 | E48: {=index('Hitter Stats'!K:K,match($A48,'Hitter Stats'!$A:$A,0))-index('2024'!K:K,match($A48,'2024'!$A:$A,0))} -> 22 | F48: {=index('Hitter Stats'!L:L,match($A48,'Hitter Stats'!$A:$A,0))-index('2024'!L:L,match($A48,'2024'!$A:$A,0))} -> 25 | G48: {=index('Hitter Stats'!M:M,match($A48,'Hitter Stats'!$A:$A,0))-index('2024'!M:M,match($A48,'2024'!$A:$A,0))} -> 36
A49: =IFERROR(__xludf.DUMMYFUNCTION("""COMPUTED_VALUE"""),680718.0) -> 680718 | B49: {=index('Hitter Stats'!B:B,match(A49,'Hitter Stats'!A:A,0))} -> Addison Barger | C49: {=index('Hitter Stats'!F:F,match($A49,'Hitter Stats'!$A:$A,0))-index('2024'!F:F,match($A49,'2024'!$A:$A,0))} -> 0.016140148 | D49: {=index('Hitter Stats'!H:H,match($A49,'Hitter Stats'!$A:$A,0))-index('2024'!H:H,match($A49,'2024'!$A:$A,0))} -> 10 | E49: {=index('Hitter Stats'!K:K,match($A49,'Hitter Stats'!$A:$A,0))-index('2024'!K:K,match($A49,'2024'!$A:$A,0))} -> -2 | F49: {=index('Hitter Stats'!L:L,match($A49,'Hitter Stats'!$A:$A,0))-index('2024'!L:L,match($A49,'2024'!$A:$A,0))} -> 13 | G49: {=index('Hitter Stats'!M:M,match($A49,'Hitter Stats'!$A:$A,0))-index('2024'!M:M,match($A49,'2024'!$A:$A,0))} -> 18
A50: =IFERROR(__xludf.DUMMYFUNCTION("""COMPUTED_VALUE"""),678662.0) -> 678662 | B50: {=index('Hitter Stats'!B:B,match(A50,'Hitter Stats'!A:A,0))} -> Ezequiel Tovar | C50: {=index('Hitter Stats'!F:F,match($A50,'Hitter Stats'!$A:$A,0))-index('2024'!F:F,match($A50,'2024'!$A:$A,0))} -> -0.016870117 | D50: {=index('Hitter Stats'!H:H,match($A50,'Hitter Stats'!$A:$A,0))-index('2024'!H:H,match($A50,'2024'!$A:$A,0))} -> 6 | E50: {=index('Hitter Stats'!K:K,match($A50,'Hitter Stats'!$A:$A,0))-index('2024'!K:K,match($A50,'2024'!$A:$A,0))} -> 10 | F50: {=index('Hitter Stats'!L:L,match($A50,'Hitter Stats'!$A:$A,0))-index('2024'!L:L,match($A50,'2024'!$A:$A,0))} -> 12 | G50: {=index('Hitter Stats'!M:M,match($A50,'Hitter Stats'!$A:$A,0))-index('2024'!M:M,match($A50,'2024'!$A:$A,0))} -> 28
A51: =IFERROR(__xludf.DUMMYFUNCTION("""COMPUTED_VALUE"""),677800.0) -> 677800 | B51: {=index('Hitter Stats'!B:B,match(A51,'Hitter Stats'!A:A,0))} -> Wilyer Abreu | C51: {=index('Hitter Stats'!F:F,match($A51,'Hitter Stats'!$A:$A,0))-index('2024'!F:F,match($A51,'2024'!$A:$A,0))} -> 0.012925295 | D51: {=index('Hitter Stats'!H:H,match($A51,'Hitter Stats'!$A:$A,0))-index('2024'!H:H,match($A51,'2024'!$A:$A,0))} -> 16 | E51: {=index('Hitter Stats'!K:K,match($A51,'Hitter Stats'!$A:$A,0))-index('2024'!K:K,match($A51,'2024'!$A:$A,0))} -> 0 | F51: {=index('Hitter Stats'!L:L,match($A51,'Hitter Stats'!$A:$A,0))-index('2024'!L:L,match($A51,'2024'!$A:$A,0))} -> 5 | G51: {=index('Hitter Stats'!M:M,match($A51,'Hitter Stats'!$A:$A,0))-index('2024'!M:M,match($A51,'2024'!$A:$A,0))} -> 14
A52: =IFERROR(__xludf.DUMMYFUNCTION("""COMPUTED_VALUE"""),608348.0) -> 608348 | B52: {=index('Hitter Stats'!B:B,match(A52,'Hitter Stats'!A:A,0))} -> Carson Kelly | C52: {=index('Hitter Stats'!F:F,match($A52,'Hitter Stats'!$A:$A,0))-index('2024'!F:F,match($A52,'2024'!$A:$A,0))} -> -0.031410109 | D52: {=index('Hitter Stats'!H:H,match($A52,'Hitter Stats'!$A:$A,0))-index('2024'!H:H,match($A52,'2024'!$A:$A,0))} -> 4 | E52: {=index('Hitter Stats'!K:K,match($A52,'Hitter Stats'!$A:$A,0))-index('2024'!K:K,match($A52,'2024'!$A:$A,0))} -> -7 | F52: {=index('Hitter Stats'!L:L,match($A52,'Hitter Stats'!$A:$A,0))-index('2024'!L:L,match($A52,'2024'!$A:$A,0))} -> 13 | G52: {=index('Hitter Stats'!M:M,match($A52,'Hitter Stats'!$A:$A,0))-index('2024'!M:M,match($A52,'2024'!$A:$A,0))} -> 10
A53: =IFERROR(__xludf.DUMMYFUNCTION("""COMPUTED_VALUE"""),680777.0) -> 680777 | B53: {=index('Hitter Stats'!B:B,match(A53,'Hitter Stats'!A:A,0))} -> Ryan Jeffers | C53: {=index('Hitter Stats'!F:F,match($A53,'Hitter Stats'!$A:$A,0))-index('2024'!F:F,match($A53,'2024'!$A:$A,0))} -> -0.094970184 | D53: {=index('Hitter Stats'!H:H,match($A53,'Hitter Stats'!$A:$A,0))-index('2024'!H:H,match($A53,'2024'!$A:$A,0))} -> 15 | E53: {=index('Hitter Stats'!K:K,match($A53,'Hitter Stats'!$A:$A,0))-index('2024'!K:K,match($A53,'2024'!$A:$A,0))} -> 10 | F53: {=index('Hitter Stats'!L:L,match($A53,'Hitter Stats'!$A:$A,0))-index('2024'!L:L,match($A53,'2024'!$A:$A,0))} -> 6 | G53: {=index('Hitter Stats'!M:M,match($A53,'Hitter Stats'!$A:$A,0))-index('2024'!M:M,match($A53,'2024'!$A:$A,0))} -> 15
A54: =IFERROR(__xludf.DUMMYFUNCTION("""COMPUTED_VALUE"""),672640.0) -> 672640 | B54: {=index('Hitter Stats'!B:B,match(A54,'Hitter Stats'!A:A,0))} -> Otto Lopez | C54: {=index('Hitter Stats'!F:F,match($A54,'Hitter Stats'!$A:$A,0))-index('2024'!F:F,match($A54,'2024'!$A:$A,0))} -> -0.056809315 | D54: {=index('Hitter Stats'!H:H,match($A54,'Hitter Stats'!$A:$A,0))-index('2024'!H:H,match($A54,'2024'!$A:$A,0))} -> 2 | E54: {=index('Hitter Stats'!K:K,match($A54,'Hitter Stats'!$A:$A,0))-index('2024'!K:K,match($A54,'2024'!$A:$A,0))} -> 4 | F54: {=index('Hitter Stats'!L:L,match($A54,'Hitter Stats'!$A:$A,0))-index('2024'!L:L,match($A54,'2024'!$A:$A,0))} -> 8 | G54: {=index('Hitter Stats'!M:M,match($A54,'Hitter Stats'!$A:$A,0))-index('2024'!M:M,match($A54,'2024'!$A:$A,0))} -> 11
A55: =IFERROR(__xludf.DUMMYFUNCTION("""COMPUTED_VALUE"""),608324.0) -> 608324 | B55: {=index('Hitter Stats'!B:B,match(A55,'Hitter Stats'!A:A,0))} -> Alex Bregman | C55: {=index('Hitter Stats'!F:F,match($A55,'Hitter Stats'!$A:$A,0))-index('2024'!F:F,match($A55,'2024'!$A:$A,0))} -> -0.02581209 | D55: {=index('Hitter Stats'!H:H,match($A55,'Hitter Stats'!$A:$A,0))-index('2024'!H:H,match($A55,'2024'!$A:$A,0))} -> 5 | E55: {=index('Hitter Stats'!K:K,match($A55,'Hitter Stats'!$A:$A,0))-index('2024'!K:K,match($A55,'2024'!$A:$A,0))} -> -18 | F55: {=index('Hitter Stats'!L:L,match($A55,'Hitter Stats'!$A:$A,0))-index('2024'!L:L,match($A55,'2024'!$A:$A,0))} -> 12 | G55: {=index('Hitter Stats'!M:M,match($A55,'Hitter Stats'!$A:$A,0))-index('2024'!M:M,match($A55,'2024'!$A:$A,0))} -> 4
A56: =IFERROR(__xludf.DUMMYFUNCTION("""COMPUTED_VALUE"""),657757.0) -> 657757 | B56: {=index('Hitter Stats'!B:B,match(A56,'Hitter Stats'!A:A,0))} -> Gavin Sheets | C56: {=index('Hitter Stats'!F:F,match($A56,'Hitter Stats'!$A:$A,0))-index('2024'!F:F,match($A56,'2024'!$A:$A,0))} -> -0.016302357 | D56: {=index('Hitter Stats'!H:H,match($A56,'Hitter Stats'!$A:$A,0))-index('2024'!H:H,match($A56,'2024'!$A:$A,0))} -> 9 | E56: {=index('Hitter Stats'!K:K,match($A56,'Hitter Stats'!$A:$A,0))-index('2024'!K:K,match($A56,'2024'!$A:$A,0))} -> -3 | F56: {=index('Hitter Stats'!L:L,match($A56,'Hitter Stats'!$A:$A,0))-index('2024'!L:L,match($A56,'2024'!$A:$A,0))} -> 14 | G56: {=index('Hitter Stats'!M:M,match($A56,'Hitter Stats'!$A:$A,0))-index('2024'!M:M,match($A56,'2024'!$A:$A,0))} -> 16
A57: =IFERROR(__xludf.DUMMYFUNCTION("""COMPUTED_VALUE"""),502671.0) -> 502671 | B57: {=index('Hitter Stats'!B:B,match(A57,'Hitter Stats'!A:A,0))} -> Paul Goldschmidt | C57: {=index('Hitter Stats'!F:F,match($A57,'Hitter Stats'!$A:$A,0))-index('2024'!F:F,match($A57,'2024'!$A:$A,0))} -> -0.019811474 | D57: {=index('Hitter Stats'!H:H,match($A57,'Hitter Stats'!$A:$A,0))-index('2024'!H:H,match($A57,'2024'!$A:$A,0))} -> 7 | E57: {=index('Hitter Stats'!K:K,match($A57,'Hitter Stats'!$A:$A,0))-index('2024'!K:K,match($A57,'2024'!$A:$A,0))} -> 12 | F57: {=index('Hitter Stats'!L:L,match($A57,'Hitter Stats'!$A:$A,0))-index('2024'!L:L,match($A57,'2024'!$A:$A,0))} -> -11 | G57: {=index('Hitter Stats'!M:M,match($A57,'Hitter Stats'!$A:$A,0))-index('2024'!M:M,match($A57,'2024'!$A:$A,0))} -> 2
A58: =IFERROR(__xludf.DUMMYFUNCTION("""COMPUTED_VALUE"""),701538.0) -> 701538 | B58: {=index('Hitter Stats'!B:B,match(A58,'Hitter Stats'!A:A,0))} -> Jackson Merrill | C58: {=index('Hitter Stats'!F:F,match($A58,'Hitter Stats'!$A:$A,0))-index('2024'!F:F,match($A58,'2024'!$A:$A,0))} -> 0.036196408 | D58: {=index('Hitter Stats'!H:H,match($A58,'Hitter Stats'!$A:$A,0))-index('2024'!H:H,match($A58,'2024'!$A:$A,0))} -> -5 | E58: {=index('Hitter Stats'!K:K,match($A58,'Hitter Stats'!$A:$A,0))-index('2024'!K:K,match($A58,'2024'!$A:$A,0))} -> -17 | F58: {=index('Hitter Stats'!L:L,match($A58,'Hitter Stats'!$A:$A,0))-index('2024'!L:L,match($A58,'2024'!$A:$A,0))} -> 1 | G58: {=index('Hitter Stats'!M:M,match($A58,'Hitter Stats'!$A:$A,0))-index('2024'!M:M,match($A58,'2024'!$A:$A,0))} -> -10
A59: =IFERROR(__xludf.DUMMYFUNCTION("""COMPUTED_VALUE"""),676059.0) -> 676059 | B59: {=index('Hitter Stats'!B:B,match(A59,'Hitter Stats'!A:A,0))} -> Jordan Westburg | C59: {=index('Hitter Stats'!F:F,match($A59,'Hitter Stats'!$A:$A,0))-index('2024'!F:F,match($A59,'2024'!$A:$A,0))} -> -0.047976367 | D59: {=index('Hitter Stats'!H:H,match($A59,'Hitter Stats'!$A:$A,0))-index('2024'!H:H,match($A59,'2024'!$A:$A,0))} -> 12 | E59: {=index('Hitter Stats'!K:K,match($A59,'Hitter Stats'!$A:$A,0))-index('2024'!K:K,match($A59,'2024'!$A:$A,0))} -> -7 | F59: {=index('Hitter Stats'!L:L,match($A59,'Hitter Stats'!$A:$A,0))-index('2024'!L:L,match($A59,'2024'!$A:$A,0))} -> -8 | G59: {=index('Hitter Stats'!M:M,match($A59,'Hitter Stats'!$A:$A,0))-index('2024'!M:M,match($A59,'2024'!$A:$A,0))} -> -7
A60: =IFERROR(__xludf.DUMMYFUNCTION("""COMPUTED_VALUE"""),663728.0) -> 663728 | B60: {=index('Hitter Stats'!B:B,match(A60,'Hitter Stats'!A:A,0))} -> Cal Raleigh | C60: {=index('Hitter Stats'!F:F,match($A60,'Hitter Stats'!$A:$A,0))-index('2024'!F:F,match($A60,'2024'!$A:$A,0))} -> 0.000548819 | D60: {=index('Hitter Stats'!H:H,match($A60,'Hitter Stats'!$A:$A,0))-index('2024'!H:H,match($A60,'2024'!$A:$A,0))} -> 5 | E60: {=index('Hitter Stats'!K:K,match($A60,'Hitter Stats'!$A:$A,0))-index('2024'!K:K,match($A60,'2024'!$A:$A,0))} -> -1 | F60: {=index('Hitter Stats'!L:L,match($A60,'Hitter Stats'!$A:$A,0))-index('2024'!L:L,match($A60,'2024'!$A:$A,0))} -> 4 | G60: {=index('Hitter Stats'!M:M,match($A60,'Hitter Stats'!$A:$A,0))-index('2024'!M:M,match($A60,'2024'!$A:$A,0))} -> 7
A61: =IFERROR(__xludf.DUMMYFUNCTION("""COMPUTED_VALUE"""),553993.0) -> 553993 | B61: {=index('Hitter Stats'!B:B,match(A61,'Hitter Stats'!A:A,0))} -> Eugenio Suárez | C61: {=index('Hitter Stats'!F:F,match($A61,'Hitter Stats'!$A:$A,0))-index('2024'!F:F,match($A61,'2024'!$A:$A,0))} -> 0.02614833 | D61: {=index('Hitter Stats'!H:H,match($A61,'Hitter Stats'!$A:$A,0))-index('2024'!H:H,match($A61,'2024'!$A:$A,0))} -> 5 | E61: {=index('Hitter Stats'!K:K,match($A61,'Hitter Stats'!$A:$A,0))-index('2024'!K:K,match($A61,'2024'!$A:$A,0))} -> -6 | F61: {=index('Hitter Stats'!L:L,match($A61,'Hitter Stats'!$A:$A,0))-index('2024'!L:L,match($A61,'2024'!$A:$A,0))} -> 4 | G61: {=index('Hitter Stats'!M:M,match($A61,'Hitter Stats'!$A:$A,0))-index('2024'!M:M,match($A61,'2024'!$A:$A,0))} -> 3
A62: =IFERROR(__xludf.DUMMYFUNCTION("""COMPUTED_VALUE"""),657656.0) -> 657656 | B62: {=index('Hitter Stats'!B:B,match(A62,'Hitter Stats'!A:A,0))} -> Ramón Laureano | C62: {=index('Hitter Stats'!F:F,match($A62,'Hitter Stats'!$A:$A,0))-index('2024'!F:F,match($A62,'2024'!$A:$A,0))} -> -0.10742679 | D62: {=index('Hitter Stats'!H:H,match($A62,'Hitter Stats'!$A:$A,0))-index('2024'!H:H,match($A62,'2024'!$A:$A,0))} -> 16 | E62: {=index('Hitter Stats'!K:K,match($A62,'Hitter Stats'!$A:$A,0))-index('2024'!K:K,match($A62,'2024'!$A:$A,0))} -> 3 | F62: {=index('Hitter Stats'!L:L,match($A62,'Hitter Stats'!$A:$A,0))-index('2024'!L:L,match($A62,'2024'!$A:$A,0))} -> 2 | G62: {=index('Hitter Stats'!M:M,match($A62,'Hitter Stats'!$A:$A,0))-index('2024'!M:M,match($A62,'2024'!$A:$A,0))} -> 14
A63: =IFERROR(__xludf.DUMMYFUNCTION("""COMPUTED_VALUE"""),521692.0) -> 521692 | B63: {=index('Hitter Stats'!B:B,match(A63,'Hitter Stats'!A:A,0))} -> Salvador Perez | C63: {=index('Hitter Stats'!F:F,match($A63,'Hitter Stats'!$A:$A,0))-index('2024'!F:F,match($A63,'2024'!$A:$A,0))} -> -0.015183995 | D63: {=index('Hitter Stats'!H:H,match($A63,'Hitter Stats'!$A:$A,0))-index('2024'!H:H,match($A63,'2024'!$A:$A,0))} -> 0 | E63: {=index('Hitter Stats'!K:K,match($A63,'Hitter Stats'!$A:$A,0))-index('2024'!K:K,match($A63,'2024'!$A:$A,0))} -> 3 | F63: {=index('Hitter Stats'!L:L,match($A63,'Hitter Stats'!$A:$A,0))-index('2024'!L:L,match($A63,'2024'!$A:$A,0))} -> -8 | G63: {=index('Hitter Stats'!M:M,match($A63,'Hitter Stats'!$A:$A,0))-index('2024'!M:M,match($A63,'2024'!$A:$A,0))} -> -3
A64: =IFERROR(__xludf.DUMMYFUNCTION("""COMPUTED_VALUE"""),621493.0) -> 621493 | B64: {=index('Hitter Stats'!B:B,match(A64,'Hitter Stats'!A:A,0))} -> Taylor Ward | C64: {=index('Hitter Stats'!F:F,match($A64,'Hitter Stats'!$A:$A,0))-index('2024'!F:F,match($A64,'2024'!$A:$A,0))} -> -0.065819623 | D64: {=index('Hitter Stats'!H:H,match($A64,'Hitter Stats'!$A:$A,0))-index('2024'!H:H,match($A64,'2024'!$A:$A,0))} -> -5 | E64: {=index('Hitter Stats'!K:K,match($A64,'Hitter Stats'!$A:$A,0))-index('2024'!K:K,match($A64,'2024'!$A:$A,0))} -> 4 | F64: {=index('Hitter Stats'!L:L,match($A64,'Hitter Stats'!$A:$A,0))-index('2024'!L:L,match($A64,'2024'!$A:$A,0))} -> -5 | G64: {=index('Hitter Stats'!M:M,match($A64,'Hitter Stats'!$A:$A,0))-index('2024'!M:M,match($A64,'2024'!$A:$A,0))} -> -6
A65: =IFERROR(__xludf.DUMMYFUNCTION("""COMPUTED_VALUE"""),545341.0) -> 545341 | B65: {=index('Hitter Stats'!B:B,match(A65,'Hitter Stats'!A:A,0))} -> Randal Grichuk | C65: {=index('Hitter Stats'!F:F,match($A65,'Hitter Stats'!$A:$A,0))-index('2024'!F:F,match($A65,'2024'!$A:$A,0))} -> -0.005490317 | D65: {=index('Hitter Stats'!H:H,match($A65,'Hitter Stats'!$A:$A,0))-index('2024'!H:H,match($A65,'2024'!$A:$A,0))} -> -15 | E65: {=index('Hitter Stats'!K:K,match($A65,'Hitter Stats'!$A:$A,0))-index('2024'!K:K,match($A65,'2024'!$A:$A,0))} -> 2 | F65: {=index('Hitter Stats'!L:L,match($A65,'Hitter Stats'!$A:$A,0))-index('2024'!L:L,match($A65,'2024'!$A:$A,0))} -> 3 | G65: {=index('Hitter Stats'!M:M,match($A65,'Hitter Stats'!$A:$A,0))-index('2024'!M:M,match($A65,'2024'!$A:$A,0))} -> 0
A66: =IFERROR(__xludf.DUMMYFUNCTION("""COMPUTED_VALUE"""),642133.0) -> 642133 | B66: {=index('Hitter Stats'!B:B,match(A66,'Hitter Stats'!A:A,0))} -> Rowdy Tellez | C66: {=index('Hitter Stats'!F:F,match($A66,'Hitter Stats'!$A:$A,0))-index('2024'!F:F,match($A66,'2024'!$A:$A,0))} -> 0.009803883 | D66: {=index('Hitter Stats'!H:H,match($A66,'Hitter Stats'!$A:$A,0))-index('2024'!H:H,match($A66,'2024'!$A:$A,0))} -> 1 | E66: {=index('Hitter Stats'!K:K,match($A66,'Hitter Stats'!$A:$A,0))-index('2024'!K:K,match($A66,'2024'!$A:$A,0))} -> -21 | F66: {=index('Hitter Stats'!L:L,match($A66,'Hitter Stats'!$A:$A,0))-index('2024'!L:L,match($A66,'2024'!$A:$A,0))} -> 23 | G66: {=index('Hitter Stats'!M:M,match($A66,'Hitter Stats'!$A:$A,0))-index('2024'!M:M,match($A66,'2024'!$A:$A,0))} -> 14
A67: =IFERROR(__xludf.DUMMYFUNCTION("""COMPUTED_VALUE"""),665833.0) -> 665833 | B67: {=index('Hitter Stats'!B:B,match(A67,'Hitter Stats'!A:A,0))} -> Oneil Cruz | C67: {=index('Hitter Stats'!F:F,match($A67,'Hitter Stats'!$A:$A,0))-index('2024'!F:F,match($A67,'2024'!$A:$A,0))} -> -0.058010277 | D67: {=index('Hitter Stats'!H:H,match($A67,'Hitter Stats'!$A:$A,0))-index('2024'!H:H,match($A67,'2024'!$A:$A,0))} -> 6 | E67: {=index('Hitter Stats'!K:K,match($A67,'Hitter Stats'!$A:$A,0))-index('2024'!K:K,match($A67,'2024'!$A:$A,0))} -> -6 | F67: {=index('Hitter Stats'!L:L,match($A67,'Hitter Stats'!$A:$A,0))-index('2024'!L:L,match($A67,'2024'!$A:$A,0))} -> 1 | G67: {=index('Hitter Stats'!M:M,match($A67,'Hitter Stats'!$A:$A,0))-index('2024'!M:M,match($A67,'2024'!$A:$A,0))} -> -2
A68: =IFERROR(__xludf.DUMMYFUNCTION("""COMPUTED_VALUE"""),665862.0) -> 665862 | B68: {=index('Hitter Stats'!B:B,match(A68,'Hitter Stats'!A:A,0))} -> Jazz Chisholm Jr. | C68: {=index('Hitter Stats'!F:F,match($A68,'Hitter Stats'!$A:$A,0))-index('2024'!F:F,match($A68,'2024'!$A:$A,0))} -> 0.001773804 | D68: {=index('Hitter Stats'!H:H,match($A68,'Hitter Stats'!$A:$A,0))-index('2024'!H:H,match($A68,'2024'!$A:$A,0))} -> 4 | E68: {=index('Hitter Stats'!K:K,match($A68,'Hitter Stats'!$A:$A,0))-index('2024'!K:K,match($A68,'2024'!$A:$A,0))} -> -7 | F68: {=index('Hitter Stats'!L:L,match($A68,'Hitter Stats'!$A:$A,0))-index('2024'!L:L,match($A68,'2024'!$A:$A,0))} -> 17 | G68: {=index('Hitter Stats'!M:M,match($A68,'Hitter Stats'!$A:$A,0))-index('2024'!M:M,match($A68,'2024'!$A:$A,0))} -> 13
A69: =IFERROR(__xludf.DUMMYFUNCTION("""COMPUTED_VALUE"""),668804.0) -> 668804 | B69: {=index('Hitter Stats'!B:B,match(A69,'Hitter Stats'!A:A,0))} -> Bryan Reynolds | C69: {=index('Hitter Stats'!F:F,match($A69,'Hitter Stats'!$A:$A,0))-index('2024'!F:F,match($A69,'2024'!$A:$A,0))} -> -0.032642278 | D69: {=index('Hitter Stats'!H:H,match($A69,'Hitter Stats'!$A:$A,0))-index('2024'!H:H,match($A69,'2024'!$A:$A,0))} -> 11 | E69: {=index('Hitter Stats'!K:K,match($A69,'Hitter Stats'!$A:$A,0))-index('2024'!K:K,match($A69,'2024'!$A:$A,0))} -> -9 | F69: {=index('Hitter Stats'!L:L,match($A69,'Hitter Stats'!$A:$A,0))-index('2024'!L:L,match($A69,'2024'!$A:$A,0))} -> 0 | G69: {=index('Hitter Stats'!M:M,match($A69,'Hitter Stats'!$A:$A,0))-index('2024'!M:M,match($A69,'2024'!$A:$A,0))} -> 0
A70: =IFERROR(__xludf.DUMMYFUNCTION("""COMPUTED_VALUE"""),668939.0) -> 668939 | B70: {=index('Hitter Stats'!B:B,match(A70,'Hitter Stats'!A:A,0))} -> Adley Rutschman | C70: {=index('Hitter Stats'!F:F,match($A70,'Hitter Stats'!$A:$A,0))-index('2024'!F:F,match($A70,'2024'!$A:$A,0))} -> -0.027486621 | D70: {=index('Hitter Stats'!H:H,match($A70,'Hitter Stats'!$A:$A,0))-index('2024'!H:H,match($A70,'2024'!$A:$A,0))} -> 22 | E70: {=index('Hitter Stats'!K:K,match($A70,'Hitter Stats'!$A:$A,0))-index('2024'!K:K,match($A70,'2024'!$A:$A,0))} -> -4 | F70: {=index('Hitter Stats'!L:L,match($A70,'Hitter Stats'!$A:$A,0))-index('2024'!L:L,match($A70,'2024'!$A:$A,0))} -> 2 | G70: {=index('Hitter Stats'!M:M,match($A70,'Hitter Stats'!$A:$A,0))-index('2024'!M:M,match($A70,'2024'!$A:$A,0))} -> 8
A71: =IFERROR(__xludf.DUMMYFUNCTION("""COMPUTED_VALUE"""),664040.0) -> 664040 | B71: {=index('Hitter Stats'!B:B,match(A71,'Hitter Stats'!A:A,0))} -> Brandon Lowe | C71: {=index('Hitter Stats'!F:F,match($A71,'Hitter Stats'!$A:$A,0))-index('2024'!F:F,match($A71,'2024'!$A:$A,0))} -> -0.007862481 | D71: {=index('Hitter Stats'!H:H,match($A71,'Hitter Stats'!$A:$A,0))-index('2024'!H:H,match($A71,'2024'!$A:$A,0))} -> 4 | E71: {=index('Hitter Stats'!K:K,match($A71,'Hitter Stats'!$A:$A,0))-index('2024'!K:K,match($A71,'2024'!$A:$A,0))} -> -7 | F71: {=index('Hitter Stats'!L:L,match($A71,'Hitter Stats'!$A:$A,0))-index('2024'!L:L,match($A71,'2024'!$A:$A,0))} -> -8 | G71: {=index('Hitter Stats'!M:M,match($A71,'Hitter Stats'!$A:$A,0))-index('2024'!M:M,match($A71,'2024'!$A:$A,0))} -> -7
A72: =IFERROR(__xludf.DUMMYFUNCTION("""COMPUTED_VALUE"""),669221.0) -> 669221 | B72: {=index('Hitter Stats'!B:B,match(A72,'Hitter Stats'!A:A,0))} -> Sean Murphy | C72: {=index('Hitter Stats'!F:F,match($A72,'Hitter Stats'!$A:$A,0))-index('2024'!F:F,match($A72,'2024'!$A:$A,0))} -> 0.02732347 | D72: {=index('Hitter Stats'!H:H,match($A72,'Hitter Stats'!$A:$A,0))-index('2024'!H:H,match($A72,'2024'!$A:$A,0))} -> 3 | E72: {=index('Hitter Stats'!K:K,match($A72,'Hitter Stats'!$A:$A,0))-index('2024'!K:K,match($A72,'2024'!$A:$A,0))} -> -17 | F72: {=index('Hitter Stats'!L:L,match($A72,'Hitter Stats'!$A:$A,0))-index('2024'!L:L,match($A72,'2024'!$A:$A,0))} -> 17 | G72: {=index('Hitter Stats'!M:M,match($A72,'Hitter Stats'!$A:$A,0))-index('2024'!M:M,match($A72,'2024'!$A:$A,0))} -> 7
A73: =IFERROR(__xludf.DUMMYFUNCTION("""COMPUTED_VALUE"""),646240.0) -> 646240 | B73: {=index('Hitter Stats'!B:B,match(A73,'Hitter Stats'!A:A,0))} -> Rafael Devers | C73: {=index('Hitter Stats'!F:F,match($A73,'Hitter Stats'!$A:$A,0))-index('2024'!F:F,match($A73,'2024'!$A:$A,0))} -> -0.032838163 | D73: {=index('Hitter Stats'!H:H,match($A73,'Hitter Stats'!$A:$A,0))-index('2024'!H:H,match($A73,'2024'!$A:$A,0))} -> 16 | E73: {=index('Hitter Stats'!K:K,match($A73,'Hitter Stats'!$A:$A,0))-index('2024'!K:K,match($A73,'2024'!$A:$A,0))} -> -8 | F73: {=index('Hitter Stats'!L:L,match($A73,'Hitter Stats'!$A:$A,0))-index('2024'!L:L,match($A73,'2024'!$A:$A,0))} -> -13 | G73: {=index('Hitter Stats'!M:M,match($A73,'Hitter Stats'!$A:$A,0))-index('2024'!M:M,match($A73,'2024'!$A:$A,0))} -> -10
A74: =IFERROR(__xludf.DUMMYFUNCTION("""COMPUTED_VALUE"""),656811.0) -> 656811 | B74: {=index('Hitter Stats'!B:B,match(A74,'Hitter Stats'!A:A,0))} -> Ryan O'Hearn | C74: {=index('Hitter Stats'!F:F,match($A74,'Hitter Stats'!$A:$A,0))-index('2024'!F:F,match($A74,'2024'!$A:$A,0))} -> -0.024252465 | D74: {=index('Hitter Stats'!H:H,match($A74,'Hitter Stats'!$A:$A,0))-index('2024'!H:H,match($A74,'2024'!$A:$A,0))} -> 13 | E74: {=index('Hitter Stats'!K:K,match($A74,'Hitter Stats'!$A:$A,0))-index('2024'!K:K,match($A74,'2024'!$A:$A,0))} -> -17 | F74: {=index('Hitter Stats'!L:L,match($A74,'Hitter Stats'!$A:$A,0))-index('2024'!L:L,match($A74,'2024'!$A:$A,0))} -> 2 | G74: {=index('Hitter Stats'!M:M,match($A74,'Hitter Stats'!$A:$A,0))-index('2024'!M:M,match($A74,'2024'!$A:$A,0))} -> -3
A75: =IFERROR(__xludf.DUMMYFUNCTION("""COMPUTED_VALUE"""),663586.0) -> 663586 | B75: {=index('Hitter Stats'!B:B,match(A75,'Hitter Stats'!A:A,0))} -> Austin Riley | C75: {=index('Hitter Stats'!F:F,match($A75,'Hitter Stats'!$A:$A,0))-index('2024'!F:F,match($A75,'2024'!$A:$A,0))} -> 0.002973676 | D75: {=index('Hitter Stats'!H:H,match($A75,'Hitter Stats'!$A:$A,0))-index('2024'!H:H,match($A75,'2024'!$A:$A,0))} -> -8 | E75: {=index('Hitter Stats'!K:K,match($A75,'Hitter Stats'!$A:$A,0))-index('2024'!K:K,match($A75,'2024'!$A:$A,0))} -> -9 | F75: {=index('Hitter Stats'!L:L,match($A75,'Hitter Stats'!$A:$A,0))-index('2024'!L:L,match($A75,'2024'!$A:$A,0))} -> -2 | G75: {=index('Hitter Stats'!M:M,match($A75,'Hitter Stats'!$A:$A,0))-index('2024'!M:M,match($A75,'2024'!$A:$A,0))} -> -10
A76: =IFERROR(__xludf.DUMMYFUNCTION("""COMPUTED_VALUE"""),668227.0) -> 668227 | B76: {=index('Hitter Stats'!B:B,match(A76,'Hitter Stats'!A:A,0))} -> Randy Arozarena | C76: {=index('Hitter Stats'!F:F,match($A76,'Hitter Stats'!$A:$A,0))-index('2024'!F:F,match($A76,'2024'!$A:$A,0))} -> 0.008616297 | D76: {=index('Hitter Stats'!H:H,match($A76,'Hitter Stats'!$A:$A,0))-index('2024'!H:H,match($A76,'2024'!$A:$A,0))} -> -1 | E76: {=index('Hitter Stats'!K:K,match($A76,'Hitter Stats'!$A:$A,0))-index('2024'!K:K,match($A76,'2024'!$A:$A,0))} -> -6 | F76: {=index('Hitter Stats'!L:L,match($A76,'Hitter Stats'!$A:$A,0))-index('2024'!L:L,match($A76,'2024'!$A:$A,0))} -> 11 | G76: {=index('Hitter Stats'!M:M,match($A76,'Hitter Stats'!$A:$A,0))-index('2024'!M:M,match($A76,'2024'!$A:$A,0))} -> 6
A77: =IFERROR(__xludf.DUMMYFUNCTION("""COMPUTED_VALUE"""),664034.0) -> 664034 | B77: {=index('Hitter Stats'!B:B,match(A77,'Hitter Stats'!A:A,0))} -> Ty France | C77: {=index('Hitter Stats'!F:F,match($A77,'Hitter Stats'!$A:$A,0))-index('2024'!F:F,match($A77,'2024'!$A:$A,0))} -> 0.003372931 | D77: {=index('Hitter Stats'!H:H,match($A77,'Hitter Stats'!$A:$A,0))-index('2024'!H:H,match($A77,'2024'!$A:$A,0))} -> -10 | E77: {=index('Hitter Stats'!K:K,match($A77,'Hitter Stats'!$A:$A,0))-index('2024'!K:K,match($A77,'2024'!$A:$A,0))} -> 8 | F77: {=index('Hitter Stats'!L:L,match($A77,'Hitter Stats'!$A:$A,0))-index('2024'!L:L,match($A77,'2024'!$A:$A,0))} -> 6 | G77: {=index('Hitter Stats'!M:M,match($A77,'Hitter Stats'!$A:$A,0))-index('2024'!M:M,match($A77,'2024'!$A:$A,0))} -> 7
A78: =IFERROR(__xludf.DUMMYFUNCTION("""COMPUTED_VALUE"""),621020.0) -> 621020 | B78: {=index('Hitter Stats'!B:B,match(A78,'Hitter Stats'!A:A,0))} -> Dansby Swanson | C78: {=index('Hitter Stats'!F:F,match($A78,'Hitter Stats'!$A:$A,0))-index('2024'!F:F,match($A78,'2024'!$A:$A,0))} -> 0.02376389 | D78: {=index('Hitter Stats'!H:H,match($A78,'Hitter Stats'!$A:$A,0))-index('2024'!H:H,match($A78,'2024'!$A:$A,0))} -> -6 | E78: {=index('Hitter Stats'!K:K,match($A78,'Hitter Stats'!$A:$A,0))-index('2024'!K:K,match($A78,'2024'!$A:$A,0))} -> -3 | F78: {=index('Hitter Stats'!L:L,match($A78,'Hitter Stats'!$A:$A,0))-index('2024'!L:L,match($A78,'2024'!$A:$A,0))} -> 10 | G78: {=index('Hitter Stats'!M:M,match($A78,'Hitter Stats'!$A:$A,0))-index('2024'!M:M,match($A78,'2024'!$A:$A,0))} -> 5
A79: =IFERROR(__xludf.DUMMYFUNCTION("""COMPUTED_VALUE"""),518692.0) -> 518692 | B79: {=index('Hitter Stats'!B:B,match(A79,'Hitter Stats'!A:A,0))} -> Freddie Freeman | C79: {=index('Hitter Stats'!F:F,match($A79,'Hitter Stats'!$A:$A,0))-index('2024'!F:F,match($A79,'2024'!$A:$A,0))} -> 0.011770048 | D79: {=index('Hitter Stats'!H:H,match($A79,'Hitter Stats'!$A:$A,0))-index('2024'!H:H,match($A79,'2024'!$A:$A,0))} -> -4 | E79: {=index('Hitter Stats'!K:K,match($A79,'Hitter Stats'!$A:$A,0))-index('2024'!K:K,match($A79,'2024'!$A:$A,0))} -> -17 | F79: {=index('Hitter Stats'!L:L,match($A79,'Hitter Stats'!$A:$A,0))-index('2024'!L:L,match($A79,'2024'!$A:$A,0))} -> 1 | G79: {=index('Hitter Stats'!M:M,match($A79,'Hitter Stats'!$A:$A,0))-index('2024'!M:M,match($A79,'2024'!$A:$A,0))} -> -12
A80: =IFERROR(__xludf.DUMMYFUNCTION("""COMPUTED_VALUE"""),682177.0) -> 682177 | B80: {=index('Hitter Stats'!B:B,match(A80,'Hitter Stats'!A:A,0))} -> Daniel Schneemann | C80: {=index('Hitter Stats'!F:F,match($A80,'Hitter Stats'!$A:$A,0))-index('2024'!F:F,match($A80,'2024'!$A:$A,0))} -> -0.016092274 | D80: {=index('Hitter Stats'!H:H,match($A80,'Hitter Stats'!$A:$A,0))-index('2024'!H:H,match($A80,'2024'!$A:$A,0))} -> -13 | E80: {=index('Hitter Stats'!K:K,match($A80,'Hitter Stats'!$A:$A,0))-index('2024'!K:K,match($A80,'2024'!$A:$A,0))} -> 20 | F80: {=index('Hitter Stats'!L:L,match($A80,'Hitter Stats'!$A:$A,0))-index('2024'!L:L,match($A80,'2024'!$A:$A,0))} -> 17 | G80: {=index('Hitter Stats'!M:M,match($A80,'Hitter Stats'!$A:$A,0))-index('2024'!M:M,match($A80,'2024'!$A:$A,0))} -> 21
A81: =IFERROR(__xludf.DUMMYFUNCTION("""COMPUTED_VALUE"""),693304.0) -> 693304 | B81: {=index('Hitter Stats'!B:B,match(A81,'Hitter Stats'!A:A,0))} -> Nick Gonzales | C81: {=index('Hitter Stats'!F:F,match($A81,'Hitter Stats'!$A:$A,0))-index('2024'!F:F,match($A81,'2024'!$A:$A,0))} -> 0.008116494 | D81: {=index('Hitter Stats'!H:H,match($A81,'Hitter Stats'!$A:$A,0))-index('2024'!H:H,match($A81,'2024'!$A:$A,0))} -> 22 | E81: {=index('Hitter Stats'!K:K,match($A81,'Hitter Stats'!$A:$A,0))-index('2024'!K:K,match($A81,'2024'!$A:$A,0))} -> 3 | F81: {=index('Hitter Stats'!L:L,match($A81,'Hitter Stats'!$A:$A,0))-index('2024'!L:L,match($A81,'2024'!$A:$A,0))} -> -5 | G81: {=index('Hitter Stats'!M:M,match($A81,'Hitter Stats'!$A:$A,0))-index('2024'!M:M,match($A81,'2024'!$A:$A,0))} -> 7
A82: =IFERROR(__xludf.DUMMYFUNCTION("""COMPUTED_VALUE"""),672515.0) -> 672515 | B82: {=index('Hitter Stats'!B:B,match(A82,'Hitter Stats'!A:A,0))} -> Gabriel Moreno | C82: {=index('Hitter Stats'!F:F,match($A82,'Hitter Stats'!$A:$A,0))-index('2024'!F:F,match($A82,'2024'!$A:$A,0))} -> 0.038169273 | D82: {=index('Hitter Stats'!H:H,match($A82,'Hitter Stats'!$A:$A,0))-index('2024'!H:H,match($A82,'2024'!$A:$A,0))} -> -18 | E82: {=index('Hitter Stats'!K:K,match($A82,'Hitter Stats'!$A:$A,0))-index('2024'!K:K,match($A82,'2024'!$A:$A,0))} -> -9 | F82: {=index('Hitter Stats'!L:L,match($A82,'Hitter Stats'!$A:$A,0))-index('2024'!L:L,match($A82,'2024'!$A:$A,0))} -> 13 | G82: {=index('Hitter Stats'!M:M,match($A82,'Hitter Stats'!$A:$A,0))-index('2024'!M:M,match($A82,'2024'!$A:$A,0))} -> -1
A83: =IFERROR(__xludf.DUMMYFUNCTION("""COMPUTED_VALUE"""),673237.0) -> 673237 | B83: {=index('Hitter Stats'!B:B,match(A83,'Hitter Stats'!A:A,0))} -> Yainer Diaz | C83: {=index('Hitter Stats'!F:F,match($A83,'Hitter Stats'!$A:$A,0))-index('2024'!F:F,match($A83,'2024'!$A:$A,0))} -> 0.009744441 | D83: {=index('Hitter Stats'!H:H,match($A83,'Hitter Stats'!$A:$A,0))-index('2024'!H:H,match($A83,'2024'!$A:$A,0))} -> -10 | E83: {=index('Hitter Stats'!K:K,match($A83,'Hitter Stats'!$A:$A,0))-index('2024'!K:K,match($A83,'2024'!$A:$A,0))} -> 1 | F83: {=index('Hitter Stats'!L:L,match($A83,'Hitter Stats'!$A:$A,0))-index('2024'!L:L,match($A83,'2024'!$A:$A,0))} -> -6 | G83: {=index('Hitter Stats'!M:M,match($A83,'Hitter Stats'!$A:$A,0))-index('2024'!M:M,match($A83,'2024'!$A:$A,0))} -> -8
A84: =IFERROR(__xludf.DUMMYFUNCTION("""COMPUTED_VALUE"""),683734.0) -> 683734 | B84: {=index('Hitter Stats'!B:B,match(A84,'Hitter Stats'!A:A,0))} -> Andrew Vaughn | C84: {=index('Hitter Stats'!F:F,match($A84,'Hitter Stats'!$A:$A,0))-index('2024'!F:F,match($A84,'2024'!$A:$A,0))} -> 0.015805732 | D84: {=index('Hitter Stats'!H:H,match($A84,'Hitter Stats'!$A:$A,0))-index('2024'!H:H,match($A84,'2024'!$A:$A,0))} -> 2 | E84: {=index('Hitter Stats'!K:K,match($A84,'Hitter Stats'!$A:$A,0))-index('2024'!K:K,match($A84,'2024'!$A:$A,0))} -> -11 | F84: {=index('Hitter Stats'!L:L,match($A84,'Hitter Stats'!$A:$A,0))-index('2024'!L:L,match($A84,'2024'!$A:$A,0))} -> 1 | G84: {=index('Hitter Stats'!M:M,match($A84,'Hitter Stats'!$A:$A,0))-index('2024'!M:M,match($A84,'2024'!$A:$A,0))} -> -3
A85: =IFERROR(__xludf.DUMMYFUNCTION("""COMPUTED_VALUE"""),672580.0) -> 672580 | B85: {=index('Hitter Stats'!B:B,match(A85,'Hitter Stats'!A:A,0))} -> Maikel Garcia | C85: {=index('Hitter Stats'!F:F,match($A85,'Hitter Stats'!$A:$A,0))-index('2024'!F:F,match($A85,'2024'!$A:$A,0))} -> -0.0169873 | D85: {=index('Hitter Stats'!H:H,match($A85,'Hitter Stats'!$A:$A,0))-index('2024'!H:H,match($A85,'2024'!$A:$A,0))} -> 1 | E85: {=index('Hitter Stats'!K:K,match($A85,'Hitter Stats'!$A:$A,0))-index('2024'!K:K,match($A85,'2024'!$A:$A,0))} -> 7 | F85: {=index('Hitter Stats'!L:L,match($A85,'Hitter Stats'!$A:$A,0))-index('2024'!L:L,match($A85,'2024'!$A:$A,0))} -> 5 | G85: {=index('Hitter Stats'!M:M,match($A85,'Hitter Stats'!$A:$A,0))-index('2024'!M:M,match($A85,'2024'!$A:$A,0))} -> 7
A86: =IFERROR(__xludf.DUMMYFUNCTION("""COMPUTED_VALUE"""),676475.0) -> 676475 | B86: {=index('Hitter Stats'!B:B,match(A86,'Hitter Stats'!A:A,0))} -> Alec Burleson | C86: {=index('Hitter Stats'!F:F,match($A86,'Hitter Stats'!$A:$A,0))-index('2024'!F:F,match($A86,'2024'!$A:$A,0))} -> -0.092047807 | D86: {=index('Hitter Stats'!H:H,match($A86,'Hitter Stats'!$A:$A,0))-index('2024'!H:H,match($A86,'2024'!$A:$A,0))} -> 5 | E86: {=index('Hitter Stats'!K:K,match($A86,'Hitter Stats'!$A:$A,0))-index('2024'!K:K,match($A86,'2024'!$A:$A,0))} -> -1 | F86: {=index('Hitter Stats'!L:L,match($A86,'Hitter Stats'!$A:$A,0))-index('2024'!L:L,match($A86,'2024'!$A:$A,0))} -> 1 | G86: {=index('Hitter Stats'!M:M,match($A86,'Hitter Stats'!$A:$A,0))-index('2024'!M:M,match($A86,'2024'!$A:$A,0))} -> 4
A87: =IFERROR(__xludf.DUMMYFUNCTION("""COMPUTED_VALUE"""),606192.0) -> 606192 | B87: {=index('Hitter Stats'!B:B,match(A87,'Hitter Stats'!A:A,0))} -> Teoscar Hernández | C87: {=index('Hitter Stats'!F:F,match($A87,'Hitter Stats'!$A:$A,0))-index('2024'!F:F,match($A87,'2024'!$A:$A,0))} -> -0.029033483 | D87: {=index('Hitter Stats'!H:H,match($A87,'Hitter Stats'!$A:$A,0))-index('2024'!H:H,match($A87,'2024'!$A:$A,0))} -> 2 | E87: {=index('Hitter Stats'!K:K,match($A87,'Hitter Stats'!$A:$A,0))-index('2024'!K:K,match($A87,'2024'!$A:$A,0))} -> 7 | F87: {=index('Hitter Stats'!L:L,match($A87,'Hitter Stats'!$A:$A,0))-index('2024'!L:L,match($A87,'2024'!$A:$A,0))} -> -12 | G87: {=index('Hitter Stats'!M:M,match($A87,'Hitter Stats'!$A:$A,0))-index('2024'!M:M,match($A87,'2024'!$A:$A,0))} -> -3
A88: =IFERROR(__xludf.DUMMYFUNCTION("""COMPUTED_VALUE"""),681351.0) -> 681351 | B88: {=index('Hitter Stats'!B:B,match(A88,'Hitter Stats'!A:A,0))} -> Logan O'Hoppe | C88: {=index('Hitter Stats'!F:F,match($A88,'Hitter Stats'!$A:$A,0))-index('2024'!F:F,match($A88,'2024'!$A:$A,0))} -> -0.017113236 | D88: {=index('Hitter Stats'!H:H,match($A88,'Hitter Stats'!$A:$A,0))-index('2024'!H:H,match($A88,'2024'!$A:$A,0))} -> 3 | E88: {=index('Hitter Stats'!K:K,match($A88,'Hitter Stats'!$A:$A,0))-index('2024'!K:K,match($A88,'2024'!$A:$A,0))} -> -6 | F88: {=index('Hitter Stats'!L:L,match($A88,'Hitter Stats'!$A:$A,0))-index('2024'!L:L,match($A88,'2024'!$A:$A,0))} -> -3 | G88: {=index('Hitter Stats'!M:M,match($A88,'Hitter Stats'!$A:$A,0))-index('2024'!M:M,match($A88,'2024'!$A:$A,0))} -> -4
A89: =IFERROR(__xludf.DUMMYFUNCTION("""COMPUTED_VALUE"""),666397.0) -> 666397 | B89: {=index('Hitter Stats'!B:B,match(A89,'Hitter Stats'!A:A,0))} -> Edouard Julien | C89: {=index('Hitter Stats'!F:F,match($A89,'Hitter Stats'!$A:$A,0))-index('2024'!F:F,match($A89,'2024'!$A:$A,0))} -> 0.02955039 | D89: {=index('Hitter Stats'!H:H,match($A89,'Hitter Stats'!$A:$A,0))-index('2024'!H:H,match($A89,'2024'!$A:$A,0))} -> -4 | E89: {=index('Hitter Stats'!K:K,match($A89,'Hitter Stats'!$A:$A,0))-index('2024'!K:K,match($A89,'2024'!$A:$A,0))} -> 3 | F89: {=index('Hitter Stats'!L:L,match($A89,'Hitter Stats'!$A:$A,0))-index('2024'!L:L,match($A89,'2024'!$A:$A,0))} -> 6 | G89: {=index('Hitter Stats'!M:M,match($A89,'Hitter Stats'!$A:$A,0))-index('2024'!M:M,match($A89,'2024'!$A:$A,0))} -> 5
A90: =IFERROR(__xludf.DUMMYFUNCTION("""COMPUTED_VALUE"""),681481.0) -> 681481 | B90: {=index('Hitter Stats'!B:B,match(A90,'Hitter Stats'!A:A,0))} -> Kerry Carpenter | C90: {=index('Hitter Stats'!F:F,match($A90,'Hitter Stats'!$A:$A,0))-index('2024'!F:F,match($A90,'2024'!$A:$A,0))} -> 0.039186253 | D90: {=index('Hitter Stats'!H:H,match($A90,'Hitter Stats'!$A:$A,0))-index('2024'!H:H,match($A90,'2024'!$A:$A,0))} -> -10 | E90: {=index('Hitter Stats'!K:K,match($A90,'Hitter Stats'!$A:$A,0))-index('2024'!K:K,match($A90,'2024'!$A:$A,0))} -> 6 | F90: {=index('Hitter Stats'!L:L,match($A90,'Hitter Stats'!$A:$A,0))-index('2024'!L:L,match($A90,'2024'!$A:$A,0))} -> -20 | G90: {=index('Hitter Stats'!M:M,match($A90,'Hitter Stats'!$A:$A,0))-index('2024'!M:M,match($A90,'2024'!$A:$A,0))} -> -16
A91: =IFERROR(__xludf.DUMMYFUNCTION("""COMPUTED_VALUE"""),671277.0) -> 671277 | B91: {=index('Hitter Stats'!B:B,match(A91,'Hitter Stats'!A:A,0))} -> Luis García Jr. | C91: {=index('Hitter Stats'!F:F,match($A91,'Hitter Stats'!$A:$A,0))-index('2024'!F:F,match($A91,'2024'!$A:$A,0))} -> 0.016823993 | D91: {=index('Hitter Stats'!H:H,match($A91,'Hitter Stats'!$A:$A,0))-index('2024'!H:H,match($A91,'2024'!$A:$A,0))} -> -4 | E91: {=index('Hitter Stats'!K:K,match($A91,'Hitter Stats'!$A:$A,0))-index('2024'!K:K,match($A91,'2024'!$A:$A,0))} -> 6 | F91: {=index('Hitter Stats'!L:L,match($A91,'Hitter Stats'!$A:$A,0))-index('2024'!L:L,match($A91,'2024'!$A:$A,0))} -> -2 | G91: {=index('Hitter Stats'!M:M,match($A91,'Hitter Stats'!$A:$A,0))-index('2024'!M:M,match($A91,'2024'!$A:$A,0))} -> 1
A92: =IFERROR(__xludf.DUMMYFUNCTION("""COMPUTED_VALUE"""),593871.0) -> 593871 | B92: {=index('Hitter Stats'!B:B,match(A92,'Hitter Stats'!A:A,0))} -> Jorge Polanco | C92: {=index('Hitter Stats'!F:F,match($A92,'Hitter Stats'!$A:$A,0))-index('2024'!F:F,match($A92,'2024'!$A:$A,0))} -> 0.03069148 | D92: {=index('Hitter Stats'!H:H,match($A92,'Hitter Stats'!$A:$A,0))-index('2024'!H:H,match($A92,'2024'!$A:$A,0))} -> -5 | E92: {=index('Hitter Stats'!K:K,match($A92,'Hitter Stats'!$A:$A,0))-index('2024'!K:K,match($A92,'2024'!$A:$A,0))} -> 35 | F92: {=index('Hitter Stats'!L:L,match($A92,'Hitter Stats'!$A:$A,0))-index('2024'!L:L,match($A92,'2024'!$A:$A,0))} -> -6 | G92: {=index('Hitter Stats'!M:M,match($A92,'Hitter Stats'!$A:$A,0))-index('2024'!M:M,match($A92,'2024'!$A:$A,0))} -> 10
A93: =IFERROR(__xludf.DUMMYFUNCTION("""COMPUTED_VALUE"""),672695.0) -> 672695 | B93: {=index('Hitter Stats'!B:B,match(A93,'Hitter Stats'!A:A,0))} -> Geraldo Perdomo | C93: {=index('Hitter Stats'!F:F,match($A93,'Hitter Stats'!$A:$A,0))-index('2024'!F:F,match($A93,'2024'!$A:$A,0))} -> -0.020583883 | D93: {=index('Hitter Stats'!H:H,match($A93,'Hitter Stats'!$A:$A,0))-index('2024'!H:H,match($A93,'2024'!$A:$A,0))} -> 6 | E93: {=index('Hitter Stats'!K:K,match($A93,'Hitter Stats'!$A:$A,0))-index('2024'!K:K,match($A93,'2024'!$A:$A,0))} -> 2 | F93: {=index('Hitter Stats'!L:L,match($A93,'Hitter Stats'!$A:$A,0))-index('2024'!L:L,match($A93,'2024'!$A:$A,0))} -> 10 | G93: {=index('Hitter Stats'!M:M,match($A93,'Hitter Stats'!$A:$A,0))-index('2024'!M:M,match($A93,'2024'!$A:$A,0))} -> 12
A94: =IFERROR(__xludf.DUMMYFUNCTION("""COMPUTED_VALUE"""),605141.0) -> 605141 | B94: {=index('Hitter Stats'!B:B,match(A94,'Hitter Stats'!A:A,0))} -> Mookie Betts | C94: {=index('Hitter Stats'!F:F,match($A94,'Hitter Stats'!$A:$A,0))-index('2024'!F:F,match($A94,'2024'!$A:$A,0))} -> 0.017938874 | D94: {=index('Hitter Stats'!H:H,match($A94,'Hitter Stats'!$A:$A,0))-index('2024'!H:H,match($A94,'2024'!$A:$A,0))} -> -4 | E94: {=index('Hitter Stats'!K:K,match($A94,'Hitter Stats'!$A:$A,0))-index('2024'!K:K,match($A94,'2024'!$A:$A,0))} -> 5 | F94: {=index('Hitter Stats'!L:L,match($A94,'Hitter Stats'!$A:$A,0))-index('2024'!L:L,match($A94,'2024'!$A:$A,0))} -> -11 | G94: {=index('Hitter Stats'!M:M,match($A94,'Hitter Stats'!$A:$A,0))-index('2024'!M:M,match($A94,'2024'!$A:$A,0))} -> -16
A95: =IFERROR(__xludf.DUMMYFUNCTION("""COMPUTED_VALUE"""),671218.0) -> 671218 | B95: {=index('Hitter Stats'!B:B,match(A95,'Hitter Stats'!A:A,0))} -> Heliot Ramos | C95: {=index('Hitter Stats'!F:F,match($A95,'Hitter Stats'!$A:$A,0))-index('2024'!F:F,match($A95,'2024'!$A:$A,0))} -> -0.037398429 | D95: {=index('Hitter Stats'!H:H,match($A95,'Hitter Stats'!$A:$A,0))-index('2024'!H:H,match($A95,'2024'!$A:$A,0))} -> 1 | E95: {=index('Hitter Stats'!K:K,match($A95,'Hitter Stats'!$A:$A,0))-index('2024'!K:K,match($A95,'2024'!$A:$A,0))} -> 6 | F95: {=index('Hitter Stats'!L:L,match($A95,'Hitter Stats'!$A:$A,0))-index('2024'!L:L,match($A95,'2024'!$A:$A,0))} -> -12 | G95: {=index('Hitter Stats'!M:M,match($A95,'Hitter Stats'!$A:$A,0))-index('2024'!M:M,match($A95,'2024'!$A:$A,0))} -> -6
A96: =IFERROR(__xludf.DUMMYFUNCTION("""COMPUTED_VALUE"""),457705.0) -> 457705 | B96: {=index('Hitter Stats'!B:B,match(A96,'Hitter Stats'!A:A,0))} -> Andrew McCutchen | C96: {=index('Hitter Stats'!F:F,match($A96,'Hitter Stats'!$A:$A,0))-index('2024'!F:F,match($A96,'2024'!$A:$A,0))} -> 0.047384572 | D96: {=index('Hitter Stats'!H:H,match($A96,'Hitter Stats'!$A:$A,0))-index('2024'!H:H,match($A96,'2024'!$A:$A,0))} -> -10 | E96: {=index('Hitter Stats'!K:K,match($A96,'Hitter Stats'!$A:$A,0))-index('2024'!K:K,match($A96,'2024'!$A:$A,0))} -> 3 | F96: {=index('Hitter Stats'!L:L,match($A96,'Hitter Stats'!$A:$A,0))-index('2024'!L:L,match($A96,'2024'!$A:$A,0))} -> -3 | G96: {=index('Hitter Stats'!M:M,match($A96,'Hitter Stats'!$A:$A,0))-index('2024'!M:M,match($A96,'2024'!$A:$A,0))} -> -8
A97: =IFERROR(__xludf.DUMMYFUNCTION("""COMPUTED_VALUE"""),691016.0) -> 691016 | B97: {=index('Hitter Stats'!B:B,match(A97,'Hitter Stats'!A:A,0))} -> Tyler Soderstrom | C97: {=index('Hitter Stats'!F:F,match($A97,'Hitter Stats'!$A:$A,0))-index('2024'!F:F,match($A97,'2024'!$A:$A,0))} -> -0.00599563 | D97: {=index('Hitter Stats'!H:H,match($A97,'Hitter Stats'!$A:$A,0))-index('2024'!H:H,match($A97,'2024'!$A:$A,0))} -> 6 | E97: {=index('Hitter Stats'!K:K,match($A97,'Hitter Stats'!$A:$A,0))-index('2024'!K:K,match($A97,'2024'!$A:$A,0))} -> -7 | F97: {=index('Hitter Stats'!L:L,match($A97,'Hitter Stats'!$A:$A,0))-index('2024'!L:L,match($A97,'2024'!$A:$A,0))} -> -9 | G97: {=index('Hitter Stats'!M:M,match($A97,'Hitter Stats'!$A:$A,0))-index('2024'!M:M,match($A97,'2024'!$A:$A,0))} -> -9
A98: =IFERROR(__xludf.DUMMYFUNCTION("""COMPUTED_VALUE"""),686469.0) -> 686469 | B98: {=index('Hitter Stats'!B:B,match(A98,'Hitter Stats'!A:A,0))} -> Vinnie Pasquantino | C98: {=index('Hitter Stats'!F:F,match($A98,'Hitter Stats'!$A:$A,0))-index('2024'!F:F,match($A98,'2024'!$A:$A,0))} -> 0.000441967 | D98: {=index('Hitter Stats'!H:H,match($A98,'Hitter Stats'!$A:$A,0))-index('2024'!H:H,match($A98,'2024'!$A:$A,0))} -> -1 | E98: {=index('Hitter Stats'!K:K,match($A98,'Hitter Stats'!$A:$A,0))-index('2024'!K:K,match($A98,'2024'!$A:$A,0))} -> -7 | F98: {=index('Hitter Stats'!L:L,match($A98,'Hitter Stats'!$A:$A,0))-index('2024'!L:L,match($A98,'2024'!$A:$A,0))} -> 4 | G98: {=index('Hitter Stats'!M:M,match($A98,'Hitter Stats'!$A:$A,0))-index('2024'!M:M,match($A98,'2024'!$A:$A,0))} -> 0
A99: =IFERROR(__xludf.DUMMYFUNCTION("""COMPUTED_VALUE"""),607043.0) -> 607043 | B99: {=index('Hitter Stats'!B:B,match(A99,'Hitter Stats'!A:A,0))} -> Brandon Nimmo | C99: {=index('Hitter Stats'!F:F,match($A99,'Hitter Stats'!$A:$A,0))-index('2024'!F:F,match($A99,'2024'!$A:$A,0))} -> 0.007793794 | D99: {=index('Hitter Stats'!H:H,match($A99,'Hitter Stats'!$A:$A,0))-index('2024'!H:H,match($A99,'2024'!$A:$A,0))} -> -5 | E99: {=index('Hitter Stats'!K:K,match($A99,'Hitter Stats'!$A:$A,0))-index('2024'!K:K,match($A99,'2024'!$A:$A,0))} -> 10 | F99: {=index('Hitter Stats'!L:L,match($A99,'Hitter Stats'!$A:$A,0))-index('2024'!L:L,match($A99,'2024'!$A:$A,0))} -> -3 | G99: {=index('Hitter Stats'!M:M,match($A99,'Hitter Stats'!$A:$A,0))-index('2024'!M:M,match($A99,'2024'!$A:$A,0))} -> -1
A100: =IFERROR(__xludf.DUMMYFUNCTION("""COMPUTED_VALUE"""),681624.0) -> 681624 | B100: {=index('Hitter Stats'!B:B,match(A100,'Hitter Stats'!A:A,0))} -> Andy Pages | C100: {=index('Hitter Stats'!F:F,match($A100,'Hitter Stats'!$A:$A,0))-index('2024'!F:F,match($A100,'2024'!$A:$A,0))} -> 0.034354907 | D100: {=index('Hitter Stats'!H:H,match($A100,'Hitter Stats'!$A:$A,0))-index('2024'!H:H,match($A100,'2024'!$A:$A,0))} -> -13 | E100: {=index('Hitter Stats'!K:K,match($A100,'Hitter Stats'!$A:$A,0))-index('2024'!K:K,match($A100,'2024'!$A:$A,0))} -> 9 | F100: {=index('Hitter Stats'!L:L,match($A100,'Hitter Stats'!$A:$A,0))-index('2024'!L:L,match($A100,'2024'!$A:$A,0))} -> 0 | G100: {=index('Hitter Stats'!M:M,match($A100,'Hitter Stats'!$A:$A,0))-index('2024'!M:M,match($A100,'2024'!$A:$A,0))} -> 1
...

Sheet Last 400 Pitch Changes
A1: MLBAMID | B1: Hitter | C1: Δ Swing Aggression | D1: Δ Decision Value+ | E1: Δ Contact Ability+ | F1: Δ Power+ | G1: Δ Process+
A2: 665862 | B2: Jazz Chisholm Jr. | C2: 0.039011951 | D2: 0.69167762 | E2: 0.66365742 | F2: 6.1232198 | G2: 2.5237233
A3: 621439 | B3: Byron Buxton | C3: -0.016161588 | D3: 0.71030288 | E3: 0.94314506 | F3: 3.9314705 | G3: 2.2483222
A4: 642715 | B4: Willy Adames | C4: -0.038219045 | D4: 1.222993 | E4: -0.71436617 | F4: 5.8239405 | G4: 1.9167814
A5: 676475 | B5: Alec Burleson | C5: -0.001414363 | D5: 0.051700981 | E5: 0.16027145 | F5: 3.8664828 | G5: 1.7759936
A6: 669065 | B6: Kyle Stowers | C6: -0.009933872 | D6: 0.56192525 | E6: 1.3265479 | F6: 4.046312 | G6: 1.7391794
A7: 608369 | B7: Corey Seager | C7: 0.015870617 | D7: 0.88589325 | E7: -1.3931193 | F7: 5.2523913 | G7: 1.6164642
A8: 521692 | B8: Salvador Perez | C8: -0.034180662 | D8: 1.9126543 | E8: 1.0436733 | F8: 1.2741042 | G8: 1.6057551
A9: 669016 | B9: Brandon Marsh | C9: 0.038510319 | D9: -0.61763878 | E9: 1.3728907 | F9: 3.6792411 | G9: 1.5060284
A10: 592885 | B10: Christian Yelich | C10: 0.000666629 | D10: 1.156905 | E10: -0.31602918 | F10: 3.4673417 | G10: 1.5029329
A11: 683737 | B11: Michael Busch | C11: 0.02921451 | D11: -0.011768446 | E11: 1.5589964 | F11: 2.1439827 | G11: 1.5024463
A12: 666176 | B12: Jo Adell | C12: -0.01667348 | D12: 1.0857937 | E12: 0.22065719 | F12: 3.3293456 | G12: 1.3857485
A13: 672695 | B13: Geraldo Perdomo | C13: -0.002999329 | D13: 0.23407965 | E13: -0.85728978 | F13: 3.9699122 | G13: 1.3106515
... A242: 518692 | B242: Freddie Freeman | C242: 0.003659365 | D242: -1.1915433 | E242: -2.3264577 | F242: -4.9009028 | G242: -2.7973694

Sheet Team Stats
A1: Team | B1: Pitches Faced | C1: Swings | D1: BBE | E1: Swing Aggression | F1: Strikezone Judgement | G1: Decision Value+ | H1: zDV+ | I1: oDV+ | J1: Contact+ | K1: Power+ | L1: Process+ | M1: Performance+
A2: Arizona Diamondbacks | B2: 14385 | C2: 6752 | D2: 2573 | E2: -0.012341183 | F2: 84 | G2: 98 | H2: 99 | I2: 98 | J2: 114 | K2: 104 | L2: 110 | M2: 119
A3: Atlanta Braves | B3: 14180 | C3: 6813 | D3: 2428 | E3: -0.008661524 | F3: 110 | G3: 107 | H3: 112 | I3: 103 | J3: 90 | K3: 108 | L3: 104 | M3: 95
A4: Baltimore Orioles | B4: 13723 | C4: 6640 | D4: 2355 | E4: -0.008337468 | F4: 111 | G4: 109 | H4: 116 | I4: 104 | J4: 88 | K4: 106 | L4: 102 | M4: 99
A5: Boston Red Sox | B5: 14553 | C5: 7128 | D5: 2520 | E5: 0.00619049 | F5: 102 | G5: 87 | H5: 103 | I5: 87 | J5: 98 | K5: 110 | L5: 103 | M5: 112
A6: Chicago Cubs | B6: 14346 | C6: 6873 | D6: 2598 | E6: -0.007487922 | F6: 131 | G6: 119 | H6: 106 | I6: 116 | J6: 97 | K6: 116 | L6: 119 | M6: 121
A7: Chicago White Sox | B7: 13827 | C7: 6547 | D7: 2362 | E7: -0.015368482 | F7: 110 | G7: 114 | H7: 96 | I7: 115 | J7: 83 | K7: 86 | L7: 86 | M7: 72
A8: Cincinnati Reds | B8: 13881 | C8: 6331 | D8: 2375 | E8: -0.031158655 | F8: 89 | G8: 100 | H8: 62 | I8: 112 | J8: 87 | K8: 80 | L8: 78 | M8: 100
A9: Cleveland Guardians | B9: 13635 | C9: 6591 | D9: 2364 | E9: 0.007344467 | F9: 88 | G9: 86 | H9: 119 | I9: 81 | J9: 97 | K9: 76 | L9: 74 | M9: 77
A10: Colorado Rockies | B10: 13388 | C10: 6747 | D10: 2304 | E10: 0.017012118 | F10: 99 | G10: 65 | H10: 91 | I10: 69 | J10: 68 | K10: 93 | L10: 66 | M10: 71
A11: Detroit Tigers | B11: 14289 | C11: 6842 | D11: 2456 | E11: -0.009116739 | F11: 120 | G11: 119 | H11: 121 | I11: 112 | J11: 84 | K11: 123 | L11: 117 | M11: 115
A12: Houston Astros | B12: 13484 | C12: 6567 | D12: 2520 | E12: 0.010246712 | F12: 93 | G12: 85 | H12: 101 | I12: 85 | J12: 108 | K12: 98 | L12: 98 | M12: 112
A13: Kansas City Royals | B13: 13386 | C13: 6495 | D13: 2611 | E13: -0.00201981 | F13: 78 | G13: 80 | H13: 99 | I13: 80 | J13: 132 | K13: 85 | L13: 96 | M13: 82
... A31: Washington Nationals | B31: 13476 | C31: 6376 | D31: 2515 | E31: -0.010798731 | F31: 73 | G31: 83 | H31: 84 | I31: 88 | J31: 109 | K31: 96 | L31: 95 | M31: 89

Sheet Stat Glossary
A1: Stat | B1: Description
A2: Swing Aggression | B2: How much more often a hitter swings at pitches, given the swing likelihoods of the pitches they face.
A3: Strikezone Judgement | B3: The "correctness" of a hitter's swings and takes, using the likelihood of a pitch being a called strike (for swings) or a ball/HBP (for takes). Value is + scale, and League Average is 100.
A4: Decision Value | B4: Value of a hitter's decision to swing or take, minus the value of the alternative. Value is + scale, and League Average is 100.
A5: zDV | B5: Decision Value on pitches in the Strike Zone
A6: oDV | B6: Decision Value on pitches out of the Strike Zone
A7: Contact Ability | B7: A hitter's ability to make contact (foul strike or BIP), above the contact expectation of each pitch. Value is + scale, and League Average is 100.
A8: Power | B8: A hitter's ability to add extra bases to the expectation of the pitches they hit into play. Value is + scale, and League Average is 100.
A9: Hitter Performance | B9: Value added by the hitter (including swing/take decisions), after accounting for pitch quality. Value is + scale, and League Average is 100.
A10: wCON | B10: EXPERIMENTAL: Contact Ability * zDV. A proxy for how much contact a hitter would add over a league average pitch
A11: wPOW | B11: EXPERIMENTAL: Power * zDV: A proxy for how much power a hitter would add over a league average pitch.

Sheet Roster Rate
A1: =IFERROR(__xludf.DUMMYFUNCTION("IMPORTHTML(""https://www.fantasypros.com/mlb/projections/ros-hitters.php"",""table"",1)"),"VBR") -> VBR | B1: =IFERROR(__xludf.DUMMYFUNCTION("""COMPUTED_VALUE"""),"Player") -> Player | C1: =IFERROR(__xludf.DUMMYFUNCTION("""COMPUTED_VALUE"""),"AB") -> AB | D1: =IFERROR(__xludf.DUMMYFUNCTION("""COMPUTED_VALUE"""),"R") -> R | E1: =IFERROR(__xludf.DUMMYFUNCTION("""COMPUTED_VALUE"""),"HR") -> HR | F1: =IFERROR(__xludf.DUMMYFUNCTION("""COMPUTED_VALUE"""),"RBI") -> RBI | G1: =IFERROR(__xludf.DUMMYFUNCTION("""COMPUTED_VALUE"""),"SB") -> SB | H1: =IFERROR(__xludf.DUMMYFUNCTION("""COMPUTED_VALUE"""),"AVG") -> AVG | I1: =IFERROR(__xludf.DUMMYFUNCTION("""COMPUTED_VALUE"""),"OBP") -> OBP | J1: =IFERROR(__xludf.DUMMYFUNCTION("""COMPUTED_VALUE"""),"H") -> H | K1: =IFERROR(__xludf.DUMMYFUNCTION("""COMPUTED_VALUE"""),"2B") -> 2B | L1: =IFERROR(__xludf.DUMMYFUNCTION("""COMPUTED_VALUE"""),"3B") -> 3B | M1: =IFERROR(__xludf.DUMMYFUNCTION("""COMPUTED_VALUE"""),"BB") -> BB | N1: =IFERROR(__xludf.DUMMYFUNCTION("""COMPUTED_VALUE"""),"SO") -> SO | O1: =IFERROR(__xludf.DUMMYFUNCTION("""COMPUTED_VALUE"""),"SLG") -> SLG | P1: =IFERROR(__xludf.DUMMYFUNCTION("""COMPUTED_VALUE"""),"OPS") -> OPS | Q1: =IFERROR(__xludf.DUMMYFUNCTION("""COMPUTED_VALUE"""),"Rost%") -> Rost%
A2: =IFERROR(__xludf.DUMMYFUNCTION("""COMPUTED_VALUE"""),1.0) -> 1 | B2: =IFERROR(__xludf.DUMMYFUNCTION("""COMPUTED_VALUE"""),"Shohei Ohtani (LAD - SP,DH)") -> Shohei Ohtani (LAD - SP,DH) | C2: =IFERROR(__xludf.DUMMYFUNCTION("""COMPUTED_VALUE"""),464.0) -> 464 | D2: =IFERROR(__xludf.DUMMYFUNCTION("""COMPUTED_VALUE"""),102.0) -> 102 | E2: =IFERROR(__xludf.DUMMYFUNCTION("""COMPUTED_VALUE"""),37.0) -> 37 | F2: =IFERROR(__xludf.DUMMYFUNCTION("""COMPUTED_VALUE"""),91.0) -> 91 | G2: =IFERROR(__xludf.DUMMYFUNCTION("""COMPUTED_VALUE"""),19.0) -> 19 | H2: =IFERROR(__xludf.DUMMYFUNCTION("""COMPUTED_VALUE"""),0.28) -> 0.28 | I2: =IFERROR(__xludf.DUMMYFUNCTION("""COMPUTED_VALUE"""),0.401) -> 0.401 | J2: =IFERROR(__xludf.DUMMYFUNCTION("""COMPUTED_VALUE"""),130.0) -> 130 | K2: =IFERROR(__xludf.DUMMYFUNCTION("""COMPUTED_VALUE"""),23.0) -> 23 | L2: =IFERROR(__xludf.DUMMYFUNCTION("""COMPUTED_VALUE"""),4.0) -> 4 | M2: =IFERROR(__xludf.DUMMYFUNCTION("""COMPUTED_VALUE"""),80.0) -> 80 | N2: =IFERROR(__xludf.DUMMYFUNCTION("""COMPUTED_VALUE"""),133.0) -> 133 | O2: =IFERROR(__xludf.DUMMYFUNCTION("""COMPUTED_VALUE"""),0.583) -> 0.583 | P2: =IFERROR(__xludf.DUMMYFUNCTION("""COMPUTED_VALUE"""),0.983) -> 0.983 | Q2: =IFERROR(__xludf.DUMMYFUNCTION("""COMPUTED_VALUE"""),1.0) -> 1 | S2: =IFERROR(__xludf.DUMMYFUNCTION("""COMPUTED_VALUE"""),1.0) -> 1 | T2: =trim(left(B2,find("(",B2)-1)) -> Shohei Ohtani
A3: =IFERROR(__xludf.DUMMYFUNCTION("""COMPUTED_VALUE"""),2.0) -> 2 | B3: =IFERROR(__xludf.DUMMYFUNCTION("""COMPUTED_VALUE"""),"Aaron Judge (NYY - LF,CF,RF,DH)") -> Aaron Judge (NYY - LF,CF,RF,DH) | C3: =IFERROR(__xludf.DUMMYFUNCTION("""COMPUTED_VALUE"""),422.0) -> 422 | D3: =IFERROR(__xludf.DUMMYFUNCTION("""COMPUTED_VALUE"""),91.0) -> 91 | E3: =IFERROR(__xludf.DUMMYFUNCTION("""COMPUTED_VALUE"""),38.0) -> 38 | F3: =IFERROR(__xludf.DUMMYFUNCTION("""COMPUTED_VALUE"""),94.0) -> 94 | G3: =IFERROR(__xludf.DUMMYFUNCTION("""COMPUTED_VALUE"""),9.0) -> 9 | H3: =IFERROR(__xludf.DUMMYFUNCTION("""COMPUTED_VALUE"""),0.285) -> 0.285 | I3: =IFERROR(__xludf.DUMMYFUNCTION("""COMPUTED_VALUE"""),0.437) -> 0.437 | J3: =IFERROR(__xludf.DUMMYFUNCTION("""COMPUTED_VALUE"""),120.0) -> 120 | K3: =IFERROR(__xludf.DUMMYFUNCTION("""COMPUTED_VALUE"""),20.0) -> 20 | L3: =IFERROR(__xludf.DUMMYFUNCTION("""COMPUTED_VALUE"""),1.0) -> 1 | M3: =IFERROR(__xludf.DUMMYFUNCTION("""COMPUTED_VALUE"""),95.0) -> 95 | N3: =IFERROR(__xludf.DUMMYFUNCTION("""COMPUTED_VALUE"""),131.0) -> 131 | O3: =IFERROR(__xludf.DUMMYFUNCTION("""COMPUTED_VALUE"""),0.608) -> 0.608 | P3: =IFERROR(__xludf.DUMMYFUNCTION("""COMPUTED_VALUE"""),1.045) -> 1.045 | Q3: =IFERROR(__xludf.DUMMYFUNCTION("""COMPUTED_VALUE"""),0.99) -> 0.99 | R3: =IFERROR(__xludf.DUMMYFUNCTION("""COMPUTED_VALUE"""),0.99) -> 0.99 | S3: =IFERROR(__xludf.DUMMYFUNCTION("""COMPUTED_VALUE"""),1.0) -> 1 | T3: =trim(left(B3,find("(",B3)-1)) -> Aaron Judge
A4: =IFERROR(__xludf.DUMMYFUNCTION("""COMPUTED_VALUE"""),3.0) -> 3 | B4: =IFERROR(__xludf.DUMMYFUNCTION("""COMPUTED_VALUE"""),"Bobby Witt Jr. (KC - SS)") -> Bobby Witt Jr. (KC - SS) | C4: =IFERROR(__xludf.DUMMYFUNCTION("""COMPUTED_VALUE"""),496.0) -> 496 | D4: =IFERROR(__xludf.DUMMYFUNCTION("""COMPUTED_VALUE"""),84.0) -> 84 | E4: =IFERROR(__xludf.DUMMYFUNCTION("""COMPUTED_VALUE"""),23.0) -> 23 | F4: =IFERROR(__xludf.DUMMYFUNCTION("""COMPUTED_VALUE"""),77.0) -> 77 | G4: =IFERROR(__xludf.DUMMYFUNCTION("""COMPUTED_VALUE"""),29.0) -> 29 | H4: =IFERROR(__xludf.DUMMYFUNCTION("""COMPUTED_VALUE"""),0.291) -> 0.291 | I4: =IFERROR(__xludf.DUMMYFUNCTION("""COMPUTED_VALUE"""),0.357) -> 0.357 | J4: =IFERROR(__xludf.DUMMYFUNCTION("""COMPUTED_VALUE"""),144.0) -> 144 | K4: =IFERROR(__xludf.DUMMYFUNCTION("""COMPUTED_VALUE"""),31.0) -> 31 | L4: =IFERROR(__xludf.DUMMYFUNCTION("""COMPUTED_VALUE"""),5.0) -> 5 | M4: =IFERROR(__xludf.DUMMYFUNCTION("""COMPUTED_VALUE"""),44.0) -> 44 | N4: =IFERROR(__xludf.DUMMYFUNCTION("""COMPUTED_VALUE"""),93.0) -> 93 | O4: =IFERROR(__xludf.DUMMYFUNCTION("""COMPUTED_VALUE"""),0.512) -> 0.512 | P4: =IFERROR(__xludf.DUMMYFUNCTION("""COMPUTED_VALUE"""),0.869) -> 0.869 | Q4: =IFERROR(__xludf.DUMMYFUNCTION("""COMPUTED_VALUE"""),0.99) -> 0.99 | R4: =IFERROR(__xludf.DUMMYFUNCTION("""COMPUTED_VALUE"""),0.99) -> 0.99 | S4: =IFERROR(__xludf.DUMMYFUNCTION("""COMPUTED_VALUE"""),1.0) -> 1 | T4: =trim(left(B4,find("(",B4)-1)) -> Bobby Witt Jr. | W4: =IFERROR(__xludf.DUMMYFUNCTION("arrayformula(substitute(substitute(substitute(substitute(substitute(substitute(substitute(substitute(substitute(substitute(substitute(substitute(substitute(substitute(substitute(substitute(substitute(substitute(substitute(substitute(substitute(substitute("&"substitute(substitute(substitute(substitute(substitute(substitute(substitute(substitute(SUBSTITUTE(IMPORTXML(""https://baseballsavant.mlb.com/probable-pitchers/?date=""&text(today()+1,""yyyy-mm-dd""),""//*[@id='homepage-new_probable-pitchers']/div[2]/div["&"1]""),char(10),""""),""Arizona Diamondbacks"",""ARI""),""Atlanta Braves"",""ATL""),""Baltimore Orioles"",""BAL""),""Boston Red Sox"",""BOS""),""Chicago Cubs"",""CHC""),""Chicago White Sox"",""CHW""),""Cincinnati Reds"",""CIN""),""Cleveland Guardians"",""C"&"LE""),""Colorado Rockies"",""COL""),""Detroit Tigers"",""DET""),""Houston Astros"",""HOU""),""Kansas City Royals"",""KCR""),""Los Angeles Angels"",""LAA""),""Los Angeles Dodgers"",""LAD""),""Miami Marlins"",""MIA""),""Milwaukee Brewers"",""MIL""),""Minnes"&"ota Twins"",""MIN""),""New York Mets"",""NYM""),""New York Yankees"",""NYY""),""Oakland Athletics"",""OAK""),""Philadelphia Phillies"",""PHI""),""Pittsburgh Pirates"",""PIT""),""San Diego Padres"",""SDP""),""San Francisco Giants"",""SFG""),""Seattle Marin"&"ers"",""SEA""),""St. Louis Cardinals"",""STL""),""Tampa Bay Rays"",""TBR""),""Texas Rangers"",""TEX""),""Toronto Blue Jays"",""TOR""),""Washington Nationals"",""WSN""))")," Daily matchups for ") -> Daily matchups for | X4: =IFERROR(__xludf.DUMMYFUNCTION("""COMPUTED_VALUE""")," BAL @ NYY Saturday, May 2nd 2026 1:35 PM ET | Yankee Stadium Preview Matchup To be announced. Ryan Weathers #40 Throws: Left @import url('https://fonts.googleapis.com/css?family=Rajdhani:500,700'); .pitcher-stats { font-family: 'Rajdhani'; color: #000;"&" width: 100%; text-align: center; /* Hack to fix FF bug/discrepancy with left border */ margin-left: 1px; } .block { width: 20%; margin: 0; font-family: 'Rajdhani'; font-weight: 700; padding: 5px; text-align: center; } .header { border-bottom: solid 3px #"&"000; } .data { width: 20%; border: solid 1px #000; font-family: 'Rajdhani'; font-weight: 500; padding: 5px; } .hide-mobile { display: inline-block; } @media (max-width: 450px) { .hide-mobile { display: none; } } Career vs Current BAL Roster PA K% BB% AVG "&"wOBA 13 46.2 7.7 .333 .352 Exit Velo Launch Angle xBA xSLG xwOBA 88.4 MPH -0.7 .265 .501 .352 * Statcast data only available back to 2015 ") -> BAL @ NYY Saturday, May 2nd 2026 1:35 PM ET | Yankee Stadium Preview Matchup To be announced. Ryan Weathers #40 Throws: Left @import url('https://fonts.googleapis.com/css?family=Rajdhani:500,700'); .pitcher-stats { font-family: 'Rajdhani'; color: #000; width: 100%; text-align: center; /* Hack to fix FF bug/discrepancy with left border */ margin-left: 1px; } .block { width: 20%; margin: 0; font-family: 'Rajdhani'; font-weight: 700; padding: 5px; text-align: center; } .header { border-bottom: solid 3px #000; } .data { width: 20%; border: solid 1px #000; font-family: 'Rajdhani'; font-weight: 500; padding: 5px; } .hide-mobile { display: inline-block; } @media (max-width: 450px) { .hide-mobile { display: none; } } Career vs Current BAL Roster PA K% BB% AVG wOBA 13 46.2 7.7 .333 .352 Exit Velo Launch Angle xBA xSLG xwOBA 88.4 MPH -0.7 .265 .501 .352 * Statcast data only available back to 2015 | Y4: =IFERROR(__xludf.DUMMYFUNCTION("""COMPUTED_VALUE"""),"") | Z4: =IFERROR(__xludf.DUMMYFUNCTION("""COMPUTED_VALUE""")," TOR @ MIN Saturday, May 2nd 2026 2:10 PM ET | Target Field Preview Matchup Dylan Cease #84 Throws: Right @import url('https://fonts.googleapis.com/css?family=Rajdhani:500,700'); .pitcher-stats { font-family: 'Rajdhani'; color: #000; width: 100%; text-al"&"ign: center; /* Hack to fix FF bug/discrepancy with left border */ margin-left: 1px; } .block { width: 20%; margin: 0; font-family: 'Rajdhani'; font-weight: 700; padding: 5px; text-align: center; } .header { border-bottom: solid 3px #000; } .data { width:"&" 20%; border: solid 1px #000; font-family: 'Rajdhani'; font-weight: 500; padding: 5px; } .hide-mobile { display: inline-block; } @media (max-width: 450px) { .hide-mobile { display: none; } } Career vs Current MIN Roster PA K% BB% AVG wOBA 73 37.0 11.0 .19"&"0 .246 Exit Velo Launch Angle xBA xSLG xwOBA 88.4 MPH 9.7 .157 .227 .230 * Statcast data only available back to 2015 Connor Prielipp #61 Throws: Left Never Faced Any Players on this Team. ") -> TOR @ MIN Saturday, May 2nd 2026 2:10 PM ET | Target Field Preview Matchup Dylan Cease #84 Throws: Right @import url('https://fonts.googleapis.com/css?family=Rajdhani:500,700'); .pitcher-stats { font-family: 'Rajdhani'; color: #000; width: 100%; text-align: center; /* Hack to fix FF bug/discrepancy with left border */ margin-left: 1px; } .block { width: 20%; margin: 0; font-family: 'Rajdhani'; font-weight: 700; padding: 5px; text-align: center; } .header { border-bottom: solid 3px #000; } .data { width: 20%; border: solid 1px #000; font-family: 'Rajdhani'; font-weight: 500; padding: 5px; } .hide-mobile { display: inline-block; } @media (max-width: 450px) { .hide-mobile { display: none; } } Career vs Current MIN Roster PA K% BB% AVG wOBA 73 37.0 11.0 .190 .246 Exit Velo Launch Angle xBA xSLG xwOBA 88.4 MPH 9.7 .157 .227 .230 * Statcast data only available back to 2015 Connor Prielipp #61 Throws: Left Never Faced Any Players on this Team. | AA4: =IFERROR(__xludf.DUMMYFUNCTION("""COMPUTED_VALUE"""),"") | AB4: =IFERROR(__xludf.DUMMYFUNCTION("""COMPUTED_VALUE""")," ARI @ CHC Saturday, May 2nd 2026 2:20 PM ET | Wrigley Field Preview Matchup Ryne Nelson #19 Throws: Right @import url('https://fonts.googleapis.com/css?family=Rajdhani:500,700'); .pitcher-stats { font-family: 'Rajdhani'; color: #000; width: 100%; text-a"&"lign: center; /* Hack to fix FF bug/discrepancy with left border */ margin-left: 1px; } .block { width: 20%; margin: 0; font-family: 'Rajdhani'; font-weight: 700; padding: 5px; text-align: center; } .header { border-bottom: solid 3px #000; } .data { width"&": 20%; border: solid 1px #000; font-family: 'Rajdhani'; font-weight: 500; padding: 5px; } .hide-mobile { display: inline-block; } @media (max-width: 450px) { .hide-mobile { display: none; } } Career vs Current CHC Roster PA K% BB% AVG wOBA 75 21.3 9.3 .33"&"8 .420 Exit Velo Launch Angle xBA xSLG xwOBA 90.8 MPH 14.1 .283 .494 .363 * Statcast data only available back to 2015 Shota Imanaga #18 Throws: Left @import url('https://fonts.googleapis.com/css?family=Rajdhani:500,700'); .pitcher-stats { font-family: 'R"&"ajdhani'; color: #000; width: 100%; text-align: center; /* Hack to fix FF bug/discrepancy with left border */ margin-left: 1px; } .block { width: 20%; margin: 0; font-family: 'Rajdhani'; font-weight: 700; padding: 5px; text-align: center; } .header { bord"&"er-bottom: solid 3px #000; } .data { width: 20%; border: solid 1px #000; font-family: 'Rajdhani'; font-weight: 500; padding: 5px; } .hide-mobile { display: inline-block; } @media (max-width: 450px) { .hide-mobile { display: none; } } Career vs Current ARI"&" Roster PA K% BB% AVG wOBA 34 20.6 2.9 .129 .156 Exit Velo Launch Angle xBA xSLG xwOBA 87.8 MPH 32.2 .133 .189 .171 * Statcast data only available back to 2015 ") -> ARI @ CHC Saturday, May 2nd 2026 2:20 PM ET | Wrigley Field Preview Matchup Ryne Nelson #19 Throws: Right @import url('https://fonts.googleapis.com/css?family=Rajdhani:500,700'); .pitcher-stats { font-family: 'Rajdhani'; color: #000; width: 100%; text-align: center; /* Hack to fix FF bug/discrepancy with left border */ margin-left: 1px; } .block { width: 20%; margin: 0; font-family: 'Rajdhani'; font-weight: 700; padding: 5px; text-align: center; } .header { border-bottom: solid 3px #000; } .data { width: 20%; border: solid 1px #000; font-family: 'Rajdhani'; font-weight: 500; padding: 5px; } .hide-mobile { display: inline-block; } @media (max-width: 450px) { .hide-mobile { display: none; } } Career vs Current CHC Roster PA K% BB% AVG wOBA 75 21.3 9.3 .338 .420 Exit Velo Launch Angle xBA xSLG xwOBA 90.8 MPH 14.1 .283 .494 .363 * Statcast data only available back to 2015 Shota Imanaga #18 Throws: Left @import url('https://fonts.googleapis.com/css?family=Rajdhani:500,700'); .pitcher-stats { font-family: 'Rajdhani'; color: #000; width: 100%; text-align: center; /* Hack to fix FF bug/discrepancy with left border */ margin-left: 1px; } .block { width: 20%; margin: 0; font-family: 'Rajdhani'; font-weight: 700; padding: 5px; text-align: center; } .header { border-bottom: solid 3px #000; } .data { width: 20%; border: solid 1px #000; font-family: 'Rajdhani'; font-weight: 500; padding: 5px; } .hide-mobile { display: inline-block; } @media (max-width: 450px) { .hide-mobile { display: none; } } Career vs Current ARI Roster PA K% BB% AVG wOBA 34 20.6 2.9 .129 .156 Exit Velo Launch Angle xBA xSLG xwOBA 87.8 MPH 32.2 .133 .189 .171 * Statcast data only available back to 2015 | AC4: =IFERROR(__xludf.DUMMYFUNCTION("""COMPUTED_VALUE"""),"") | AD4: =IFERROR(__xludf.DUMMYFUNCTION("""COMPUTED_VALUE""")," CLE @ Athletics Saturday, May 2nd 2026 4:05 PM ET | Sutter Health Park Preview Matchup Slade Cecconi #44 Throws: Right @import url('https://fonts.googleapis.com/css?family=Rajdhani:500,700'); .pitcher-stats { font-family: 'Rajdhani'; color: #000; width:"&" 100%; text-align: center; /* Hack to fix FF bug/discrepancy with left border */ margin-left: 1px; } .block { width: 20%; margin: 0; font-family: 'Rajdhani'; font-weight: 700; padding: 5px; text-align: center; } .header { border-bottom: solid 3px #000; } "&".data { width: 20%; border: solid 1px #000; font-family: 'Rajdhani'; font-weight: 500; padding: 5px; } .hide-mobile { display: inline-block; } @media (max-width: 450px) { .hide-mobile { display: none; } } Career vs Current Athletics Roster PA K% BB% AVG w"&"OBA 54 13.0 1.9 .283 .333 Exit Velo Launch Angle xBA xSLG xwOBA 91.6 MPH 17.6 .268 .486 .326 * Statcast data only available back to 2015 Jacob Lopez #57 Throws: Left @import url('https://fonts.googleapis.com/css?family=Rajdhani:500,700'); .pitcher-stats "&"{ font-family: 'Rajdhani'; color: #000; width: 100%; text-align: center; /* Hack to fix FF bug/discrepancy with left border */ margin-left: 1px; } .block { width: 20%; margin: 0; font-family: 'Rajdhani'; font-weight: 700; padding: 5px; text-align: center;"&" } .header { border-bottom: solid 3px #000; } .data { width: 20%; border: solid 1px #000; font-family: 'Rajdhani'; font-weight: 500; padding: 5px; } .hide-mobile { display: inline-block; } @media (max-width: 450px) { .hide-mobile { display: none; } } Care"&"er vs Current CLE Roster PA K% BB% AVG wOBA 3 0.0 0.0 .000 .240 Exit Velo Launch Angle xBA xSLG xwOBA 95.1 MPH 67.0 .007 .010 .245 * Statcast data only available back to 2015 ") -> CLE @ Athletics Saturday, May 2nd 2026 4:05 PM ET | Sutter Health Park Preview Matchup Slade Cecconi #44 Throws: Right @import url('https://fonts.googleapis.com/css?family=Rajdhani:500,700'); .pitcher-stats { font-family: 'Rajdhani'; color: #000; width: 100%; text-align: center; /* Hack to fix FF bug/discrepancy with left border */ margin-left: 1px; } .block { width: 20%; margin: 0; font-family: 'Rajdhani'; font-weight: 700; padding: 5px; text-align: center; } .header { border-bottom: solid 3px #000; } .data { width: 20%; border: solid 1px #000; font-family: 'Rajdhani'; font-weight: 500; padding: 5px; } .hide-mobile { display: inline-block; } @media (max-width: 450px) { .hide-mobile { display: none; } } Career vs Current Athletics Roster PA K% BB% AVG wOBA 54 13.0 1.9 .283 .333 Exit Velo Launch Angle xBA xSLG xwOBA 91.6 MPH 17.6 .268 .486 .326 * Statcast data only available back to 2015 Jacob Lopez #57 Throws: Left @import url('https://fonts.googleapis.com/css?family=Rajdhani:500,700'); .pitcher-stats { font-family: 'Rajdhani'; color: #000; width: 100%; text-align: center; /* Hack to fix FF bug/discrepancy with left border */ margin-left: 1px; } .block { width: 20%; margin: 0; font-family: 'Rajdhani'; font-weight: 700; padding: 5px; text-align: center; } .header { border-bottom: solid 3px #000; } .data { width: 20%; border: solid 1px #000; font-family: 'Rajdhani'; font-weight: 500; padding: 5px; } .hide-mobile { display: inline-block; } @media (max-width: 450px) { .hide-mobile { display: none; } } Career vs Current CLE Roster PA K% BB% AVG wOBA 3 0.0 0.0 .000 .240 Exit Velo Launch Angle xBA xSLG xwOBA 95.1 MPH 67.0 .007 .010 .245 * Statcast data only available back to 2015 | AE4: =IFERROR(__xludf.DUMMYFUNCTION("""COMPUTED_VALUE"""),"") | AF4: =IFERROR(__xludf.DUMMYFUNCTION("""COMPUTED_VALUE""")," CIN @ PIT Saturday, May 2nd 2026 4:05 PM ET | PNC Park Preview Matchup Rhett Lowder #25 Throws: Right @import url('https://fonts.googleapis.com/css?family=Rajdhani:500,700'); .pitcher-stats { font-family: 'Rajdhani'; color: #000; width: 100%; text-align"&": center; /* Hack to fix FF bug/discrepancy with left border */ margin-left: 1px; } .block { width: 20%; margin: 0; font-family: 'Rajdhani'; font-weight: 700; padding: 5px; text-align: center; } .header { border-bottom: solid 3px #000; } .data { width: 20"&"%; border: solid 1px #000; font-family: 'Rajdhani'; font-weight: 500; padding: 5px; } .hide-mobile { display: inline-block; } @media (max-width: 450px) { .hide-mobile { display: none; } } Career vs Current PIT Roster PA K% BB% AVG wOBA 13 7.7 15.4 .182 .2"&"42 Exit Velo Launch Angle xBA xSLG xwOBA 93.0 MPH 26.3 .339 .439 .390 * Statcast data only available back to 2015 Carmen Mlodzinski #50 Throws: Right @import url('https://fonts.googleapis.com/css?family=Rajdhani:500,700'); .pitcher-stats { font-family: '"&"Rajdhani'; color: #000; width: 100%; text-align: center; /* Hack to fix FF bug/discrepancy with left border */ margin-left: 1px; } .block { width: 20%; margin: 0; font-family: 'Rajdhani'; font-weight: 700; padding: 5px; text-align: center; } .header { bor"&"der-bottom: solid 3px #000; } .data { width: 20%; border: solid 1px #000; font-family: 'Rajdhani'; font-weight: 500; padding: 5px; } .hide-mobile { display: inline-block; } @media (max-width: 450px) { .hide-mobile { display: none; } } Career vs Current CI"&"N Roster PA K% BB% AVG wOBA 28 35.7 3.6 .111 .145 Exit Velo Launch Angle xBA xSLG xwOBA 84.3 MPH -5.9 .110 .121 .123 * Statcast data only available back to 2015 ") -> CIN @ PIT Saturday, May 2nd 2026 4:05 PM ET | PNC Park Preview Matchup Rhett Lowder #25 Throws: Right @import url('https://fonts.googleapis.com/css?family=Rajdhani:500,700'); .pitcher-stats { font-family: 'Rajdhani'; color: #000; width: 100%; text-align: center; /* Hack to fix FF bug/discrepancy with left border */ margin-left: 1px; } .block { width: 20%; margin: 0; font-family: 'Rajdhani'; font-weight: 700; padding: 5px; text-align: center; } .header { border-bottom: solid 3px #000; } .data { width: 20%; border: solid 1px #000; font-family: 'Rajdhani'; font-weight: 500; padding: 5px; } .hide-mobile { display: inline-block; } @media (max-width: 450px) { .hide-mobile { display: none; } } Career vs Current PIT Roster PA K% BB% AVG wOBA 13 7.7 15.4 .182 .242 Exit Velo Launch Angle xBA xSLG xwOBA 93.0 MPH 26.3 .339 .439 .390 * Statcast data only available back to 2015 Carmen Mlodzinski #50 Throws: Right @import url('https://fonts.googleapis.com/css?family=Rajdhani:500,700'); .pitcher-stats { font-family: 'Rajdhani'; color: #000; width: 100%; text-align: center; /* Hack to fix FF bug/discrepancy with left border */ margin-left: 1px; } .block { width: 20%; margin: 0; font-family: 'Rajdhani'; font-weight: 700; padding: 5px; text-align: center; } .header { border-bottom: solid 3px #000; } .data { width: 20%; border: solid 1px #000; font-family: 'Rajdhani'; font-weight: 500; padding: 5px; } .hide-mobile { display: inline-block; } @media (max-width: 450px) { .hide-mobile { display: none; } } Career vs Current CIN Roster PA K% BB% AVG wOBA 28 35.7 3.6 .111 .145 Exit Velo Launch Angle xBA xSLG xwOBA 84.3 MPH -5.9 .110 .121 .123 * Statcast data only available back to 2015 | AG4: =IFERROR(__xludf.DUMMYFUNCTION("""COMPUTED_VALUE"""),"") | AH4: =IFERROR(__xludf.DUMMYFUNCTION("""COMPUTED_VALUE""")," MIL @ WSN Saturday, May 2nd 2026 4:05 PM ET | Nationals Park Preview Matchup Kyle Harrison #52 Throws: Left @import url('https://fonts.googleapis.com/css?family=Rajdhani:500,700'); .pitcher-stats { font-family: 'Rajdhani'; color: #000; width: 100%; text"&"-align: center; /* Hack to fix FF bug/discrepancy with left border */ margin-left: 1px; } .block { width: 20%; margin: 0; font-family: 'Rajdhani'; font-weight: 700; padding: 5px; text-align: center; } .header { border-bottom: solid 3px #000; } .data { wid"&"th: 20%; border: solid 1px #000; font-family: 'Rajdhani'; font-weight: 500; padding: 5px; } .hide-mobile { display: inline-block; } @media (max-width: 450px) { .hide-mobile { display: none; } } Career vs Current WSN Roster PA K% BB% AVG wOBA 45 11.1 2.2 ."&"366 .406 Exit Velo Launch Angle xBA xSLG xwOBA 84.7 MPH 8.2 .371 .547 .404 * Statcast data only available back to 2015 Foster Griffin #22 Throws: Left @import url('https://fonts.googleapis.com/css?family=Rajdhani:500,700'); .pitcher-stats { font-family: "&"'Rajdhani'; color: #000; width: 100%; text-align: center; /* Hack to fix FF bug/discrepancy with left border */ margin-left: 1px; } .block { width: 20%; margin: 0; font-family: 'Rajdhani'; font-weight: 700; padding: 5px; text-align: center; } .header { bo"&"rder-bottom: solid 3px #000; } .data { width: 20%; border: solid 1px #000; font-family: 'Rajdhani'; font-weight: 500; padding: 5px; } .hide-mobile { display: inline-block; } @media (max-width: 450px) { .hide-mobile { display: none; } } Career vs Current M"&"IL Roster PA K% BB% AVG wOBA 18 5.6 11.1 .063 .129 Exit Velo Launch Angle xBA xSLG xwOBA 85.4 MPH 16.1 .170 .336 .269 * Statcast data only available back to 2015 ") -> MIL @ WSN Saturday, May 2nd 2026 4:05 PM ET | Nationals Park Preview Matchup Kyle Harrison #52 Throws: Left @import url('https://fonts.googleapis.com/css?family=Rajdhani:500,700'); .pitcher-stats { font-family: 'Rajdhani'; color: #000; width: 100%; text-align: center; /* Hack to fix FF bug/discrepancy with left border */ margin-left: 1px; } .block { width: 20%; margin: 0; font-family: 'Rajdhani'; font-weight: 700; padding: 5px; text-align: center; } .header { border-bottom: solid 3px #000; } .data { width: 20%; border: solid 1px #000; font-family: 'Rajdhani'; font-weight: 500; padding: 5px; } .hide-mobile { display: inline-block; } @media (max-width: 450px) { .hide-mobile { display: none; } } Career vs Current WSN Roster PA K% BB% AVG wOBA 45 11.1 2.2 .366 .406 Exit Velo Launch Angle xBA xSLG xwOBA 84.7 MPH 8.2 .371 .547 .404 * Statcast data only available back to 2015 Foster Griffin #22 Throws: Left @import url('https://fonts.googleapis.com/css?family=Rajdhani:500,700'); .pitcher-stats { font-family: 'Rajdhani'; color: #000; width: 100%; text-align: center; /* Hack to fix FF bug/discrepancy with left border */ margin-left: 1px; } .block { width: 20%; margin: 0; font-family: 'Rajdhani'; font-weight: 700; padding: 5px; text-align: center; } .header { border-bottom: solid 3px #000; } .data { width: 20%; border: solid 1px #000; font-family: 'Rajdhani'; font-weight: 500; padding: 5px; } .hide-mobile { display: inline-block; } @media (max-width: 450px) { .hide-mobile { display: none; } } Career vs Current MIL Roster PA K% BB% AVG wOBA 18 5.6 11.1 .063 .129 Exit Velo Launch Angle xBA xSLG xwOBA 85.4 MPH 16.1 .170 .336 .269 * Statcast data only available back to 2015 | AI4: =IFERROR(__xludf.DUMMYFUNCTION("""COMPUTED_VALUE"""),"") | AJ4: =IFERROR(__xludf.DUMMYFUNCTION("""COMPUTED_VALUE""")," HOU @ BOS Saturday, May 2nd 2026 4:10 PM ET | Fenway Park Preview Matchup Spencer Arrighetti #41 Throws: Right @import url('https://fonts.googleapis.com/css?family=Rajdhani:500,700'); .pitcher-stats { font-family: 'Rajdhani'; color: #000; width: 100%; t"&"ext-align: center; /* Hack to fix FF bug/discrepancy with left border */ margin-left: 1px; } .block { width: 20%; margin: 0; font-family: 'Rajdhani'; font-weight: 700; padding: 5px; text-align: center; } .header { border-bottom: solid 3px #000; } .data { "&"width: 20%; border: solid 1px #000; font-family: 'Rajdhani'; font-weight: 500; padding: 5px; } .hide-mobile { display: inline-block; } @media (max-width: 450px) { .hide-mobile { display: none; } } Career vs Current BOS Roster PA K% BB% AVG wOBA 28 32.1 14"&".3 .091 .229 Exit Velo Launch Angle xBA xSLG xwOBA 89.8 MPH 30.3 .186 .380 .357 * Statcast data only available back to 2015 Connelly Early #71 Throws: Left Never Faced Any Players on this Team. ") -> HOU @ BOS Saturday, May 2nd 2026 4:10 PM ET | Fenway Park Preview Matchup Spencer Arrighetti #41 Throws: Right @import url('https://fonts.googleapis.com/css?family=Rajdhani:500,700'); .pitcher-stats { font-family: 'Rajdhani'; color: #000; width: 100%; text-align: center; /* Hack to fix FF bug/discrepancy with left border */ margin-left: 1px; } .block { width: 20%; margin: 0; font-family: 'Rajdhani'; font-weight: 700; padding: 5px; text-align: center; } .header { border-bottom: solid 3px #000; } .data { width: 20%; border: solid 1px #000; font-family: 'Rajdhani'; font-weight: 500; padding: 5px; } .hide-mobile { display: inline-block; } @media (max-width: 450px) { .hide-mobile { display: none; } } Career vs Current BOS Roster PA K% BB% AVG wOBA 28 32.1 14.3 .091 .229 Exit Velo Launch Angle xBA xSLG xwOBA 89.8 MPH 30.3 .186 .380 .357 * Statcast data only available back to 2015 Connelly Early #71 Throws: Left Never Faced Any Players on this Team. | AK4: =IFERROR(__xludf.DUMMYFUNCTION("""COMPUTED_VALUE"""),"") | AL4: =IFERROR(__xludf.DUMMYFUNCTION("""COMPUTED_VALUE""")," PHI @ MIA Saturday, May 2nd 2026 4:10 PM ET | loanDepot park Preview Matchup To be announced. Max Meyer #23 Throws: Right @import url('https://fonts.googleapis.com/css?family=Rajdhani:500,700'); .pitcher-stats { font-family: 'Rajdhani'; color: #000; wi"&"dth: 100%; text-align: center; /* Hack to fix FF bug/discrepancy with left border */ margin-left: 1px; } .block { width: 20%; margin: 0; font-family: 'Rajdhani'; font-weight: 700; padding: 5px; text-align: center; } .header { border-bottom: solid 3px #000"&"; } .data { width: 20%; border: solid 1px #000; font-family: 'Rajdhani'; font-weight: 500; padding: 5px; } .hide-mobile { display: inline-block; } @media (max-width: 450px) { .hide-mobile { display: none; } } Career vs Current PHI Roster PA K% BB% AVG wOB"&"A 7 14.3 0.0 .143 .180 Exit Velo Launch Angle xBA xSLG xwOBA 92.2 MPH 13.2 .115 .282 .169 * Statcast data only available back to 2015 ") -> PHI @ MIA Saturday, May 2nd 2026 4:10 PM ET | loanDepot park Preview Matchup To be announced. Max Meyer #23 Throws: Right @import url('https://fonts.googleapis.com/css?family=Rajdhani:500,700'); .pitcher-stats { font-family: 'Rajdhani'; color: #000; width: 100%; text-align: center; /* Hack to fix FF bug/discrepancy with left border */ margin-left: 1px; } .block { width: 20%; margin: 0; font-family: 'Rajdhani'; font-weight: 700; padding: 5px; text-align: center; } .header { border-bottom: solid 3px #000; } .data { width: 20%; border: solid 1px #000; font-family: 'Rajdhani'; font-weight: 500; padding: 5px; } .hide-mobile { display: inline-block; } @media (max-width: 450px) { .hide-mobile { display: none; } } Career vs Current PHI Roster PA K% BB% AVG wOBA 7 14.3 0.0 .143 .180 Exit Velo Launch Angle xBA xSLG xwOBA 92.2 MPH 13.2 .115 .282 .169 * Statcast data only available back to 2015 | AM4: =IFERROR(__xludf.DUMMYFUNCTION("""COMPUTED_VALUE"""),"") | AN4: =IFERROR(__xludf.DUMMYFUNCTION("""COMPUTED_VALUE""")," SFG @ TBR Saturday, May 2nd 2026 6:10 PM ET | Tropicana Field Preview Matchup Landen Roupp #65 Throws: Right @import url('https://fonts.googleapis.com/css?family=Rajdhani:500,700'); .pitcher-stats { font-family: 'Rajdhani'; color: #000; width: 100%; tex"&"t-align: center; /* Hack to fix FF bug/discrepancy with left border */ margin-left: 1px; } .block { width: 20%; margin: 0; font-family: 'Rajdhani'; font-weight: 700; padding: 5px; text-align: center; } .header { border-bottom: solid 3px #000; } .data { wi"&"dth: 20%; border: solid 1px #000; font-family: 'Rajdhani'; font-weight: 500; padding: 5px; } .hide-mobile { display: inline-block; } @media (max-width: 450px) { .hide-mobile { display: none; } } Career vs Current TBR Roster PA K% BB% AVG wOBA 12 0.0 8.3 ."&"545 .626 Exit Velo Launch Angle xBA xSLG xwOBA 84.0 MPH 1.6 .380 .592 .442 * Statcast data only available back to 2015 To be announced. ") -> SFG @ TBR Saturday, May 2nd 2026 6:10 PM ET | Tropicana Field Preview Matchup Landen Roupp #65 Throws: Right @import url('https://fonts.googleapis.com/css?family=Rajdhani:500,700'); .pitcher-stats { font-family: 'Rajdhani'; color: #000; width: 100%; text-align: center; /* Hack to fix FF bug/discrepancy with left border */ margin-left: 1px; } .block { width: 20%; margin: 0; font-family: 'Rajdhani'; font-weight: 700; padding: 5px; text-align: center; } .header { border-bottom: solid 3px #000; } .data { width: 20%; border: solid 1px #000; font-family: 'Rajdhani'; font-weight: 500; padding: 5px; } .hide-mobile { display: inline-block; } @media (max-width: 450px) { .hide-mobile { display: none; } } Career vs Current TBR Roster PA K% BB% AVG wOBA 12 0.0 8.3 .545 .626 Exit Velo Launch Angle xBA xSLG xwOBA 84.0 MPH 1.6 .380 .592 .442 * Statcast data only available back to 2015 To be announced. | AO4: =IFERROR(__xludf.DUMMYFUNCTION("""COMPUTED_VALUE"""),"") | AP4: =IFERROR(__xludf.DUMMYFUNCTION("""COMPUTED_VALUE""")," LAD @ STL Saturday, May 2nd 2026 7:15 PM ET | Busch Stadium Preview Matchup Roki Sasaki #11 Throws: Right Never Faced Any Players on this Team. Michael McGreevy #36 Throws: Right @import url('https://fonts.googleapis.com/css?family=Rajdhani:500,700'); "&".pitcher-stats { font-family: 'Rajdhani'; color: #000; width: 100%; text-align: center; /* Hack to fix FF bug/discrepancy with left border */ margin-left: 1px; } .block { width: 20%; margin: 0; font-family: 'Rajdhani'; font-weight: 700; padding: 5px; text"&"-align: center; } .header { border-bottom: solid 3px #000; } .data { width: 20%; border: solid 1px #000; font-family: 'Rajdhani'; font-weight: 500; padding: 5px; } .hide-mobile { display: inline-block; } @media (max-width: 450px) { .hide-mobile { display:"&" none; } } Career vs Current LAD Roster PA K% BB% AVG wOBA 25 12.0 0.0 .320 .353 Exit Velo Launch Angle xBA xSLG xwOBA 92.4 MPH 18.0 .343 .499 .362 * Statcast data only available back to 2015 ") -> LAD @ STL Saturday, May 2nd 2026 7:15 PM ET | Busch Stadium Preview Matchup Roki Sasaki #11 Throws: Right Never Faced Any Players on this Team. Michael McGreevy #36 Throws: Right @import url('https://fonts.googleapis.com/css?family=Rajdhani:500,700'); .pitcher-stats { font-family: 'Rajdhani'; color: #000; width: 100%; text-align: center; /* Hack to fix FF bug/discrepancy with left border */ margin-left: 1px; } .block { width: 20%; margin: 0; font-family: 'Rajdhani'; font-weight: 700; padding: 5px; text-align: center; } .header { border-bottom: solid 3px #000; } .data { width: 20%; border: solid 1px #000; font-family: 'Rajdhani'; font-weight: 500; padding: 5px; } .hide-mobile { display: inline-block; } @media (max-width: 450px) { .hide-mobile { display: none; } } Career vs Current LAD Roster PA K% BB% AVG wOBA 25 12.0 0.0 .320 .353 Exit Velo Launch Angle xBA xSLG xwOBA 92.4 MPH 18.0 .343 .499 .362 * Statcast data only available back to 2015 | AQ4: =IFERROR(__xludf.DUMMYFUNCTION("""COMPUTED_VALUE"""),"") | AR4: =IFERROR(__xludf.DUMMYFUNCTION("""COMPUTED_VALUE""")," TEX @ DET Saturday, May 2nd 2026 7:15 PM ET | Comerica Park Preview Matchup Kumar Rocker #80 Throws: Right @import url('https://fonts.googleapis.com/css?family=Rajdhani:500,700'); .pitcher-stats { font-family: 'Rajdhani'; color: #000; width: 100%; text-"&"align: center; /* Hack to fix FF bug/discrepancy with left border */ margin-left: 1px; } .block { width: 20%; margin: 0; font-family: 'Rajdhani'; font-weight: 700; padding: 5px; text-align: center; } .header { border-bottom: solid 3px #000; } .data { widt"&"h: 20%; border: solid 1px #000; font-family: 'Rajdhani'; font-weight: 500; padding: 5px; } .hide-mobile { display: inline-block; } @media (max-width: 450px) { .hide-mobile { display: none; } } Career vs Current DET Roster PA K% BB% AVG wOBA 17 23.5 17.6 ."&"071 .174 Exit Velo Launch Angle xBA xSLG xwOBA 84.5 MPH 13.3 .196 .275 .290 * Statcast data only available back to 2015 Keider Montero #54 Throws: Right @import url('https://fonts.googleapis.com/css?family=Rajdhani:500,700'); .pitcher-stats { font-family"&": 'Rajdhani'; color: #000; width: 100%; text-align: center; /* Hack to fix FF bug/discrepancy with left border */ margin-left: 1px; } .block { width: 20%; margin: 0; font-family: 'Rajdhani'; font-weight: 700; padding: 5px; text-align: center; } .header { "&"border-bottom: solid 3px #000; } .data { width: 20%; border: solid 1px #000; font-family: 'Rajdhani'; font-weight: 500; padding: 5px; } .hide-mobile { display: inline-block; } @media (max-width: 450px) { .hide-mobile { display: none; } } Career vs Current"&" TEX Roster PA K% BB% AVG wOBA 22 13.6 13.6 .263 .400 Exit Velo Launch Angle xBA xSLG xwOBA 93.0 MPH 17.4 .329 .579 .426 * Statcast data only available back to 2015 ") -> TEX @ DET Saturday, May 2nd 2026 7:15 PM ET | Comerica Park Preview Matchup Kumar Rocker #80 Throws: Right @import url('https://fonts.googleapis.com/css?family=Rajdhani:500,700'); .pitcher-stats { font-family: 'Rajdhani'; color: #000; width: 100%; text-align: center; /* Hack to fix FF bug/discrepancy with left border */ margin-left: 1px; } .block { width: 20%; margin: 0; font-family: 'Rajdhani'; font-weight: 700; padding: 5px; text-align: center; } .header { border-bottom: solid 3px #000; } .data { width: 20%; border: solid 1px #000; font-family: 'Rajdhani'; font-weight: 500; padding: 5px; } .hide-mobile { display: inline-block; } @media (max-width: 450px) { .hide-mobile { display: none; } } Career vs Current DET Roster PA K% BB% AVG wOBA 17 23.5 17.6 .071 .174 Exit Velo Launch Angle xBA xSLG xwOBA 84.5 MPH 13.3 .196 .275 .290 * Statcast data only available back to 2015 Keider Montero #54 Throws: Right @import url('https://fonts.googleapis.com/css?family=Rajdhani:500,700'); .pitcher-stats { font-family: 'Rajdhani'; color: #000; width: 100%; text-align: center; /* Hack to fix FF bug/discrepancy with left border */ margin-left: 1px; } .block { width: 20%; margin: 0; font-family: 'Rajdhani'; font-weight: 700; padding: 5px; text-align: center; } .header { border-bottom: solid 3px #000; } .data { width: 20%; border: solid 1px #000; font-family: 'Rajdhani'; font-weight: 500; padding: 5px; } .hide-mobile { display: inline-block; } @media (max-width: 450px) { .hide-mobile { display: none; } } Career vs Current TEX Roster PA K% BB% AVG wOBA 22 13.6 13.6 .263 .400 Exit Velo Launch Angle xBA xSLG xwOBA 93.0 MPH 17.4 .329 .579 .426 * Statcast data only available back to 2015 | AS4: =IFERROR(__xludf.DUMMYFUNCTION("""COMPUTED_VALUE"""),"") | AT4: =IFERROR(__xludf.DUMMYFUNCTION("""COMPUTED_VALUE""")," ATL @ COL Saturday, May 2nd 2026 8:10 PM ET | Coors Field Preview Matchup Chris Sale #51 Throws: Left @import url('https://fonts.googleapis.com/css?family=Rajdhani:500,700'); .pitcher-stats { font-family: 'Rajdhani'; color: #000; width: 100%; text-align"&": center; /* Hack to fix FF bug/discrepancy with left border */ margin-left: 1px; } .block { width: 20%; margin: 0; font-family: 'Rajdhani'; font-weight: 700; padding: 5px; text-align: center; } .header { border-bottom: solid 3px #000; } .data { width: 20"&"%; border: solid 1px #000; font-family: 'Rajdhani'; font-weight: 500; padding: 5px; } .hide-mobile { display: inline-block; } @media (max-width: 450px) { .hide-mobile { display: none; } } Career vs Current COL Roster PA K% BB% AVG wOBA 36 41.7 2.8 .257 .3"&"22 Exit Velo Launch Angle xBA xSLG xwOBA 89.7 MPH 17.4 .213 .403 .273 * Statcast data only available back to 2015 To be announced. ") -> ATL @ COL Saturday, May 2nd 2026 8:10 PM ET | Coors Field Preview Matchup Chris Sale #51 Throws: Left @import url('https://fonts.googleapis.com/css?family=Rajdhani:500,700'); .pitcher-stats { font-family: 'Rajdhani'; color: #000; width: 100%; text-align: center; /* Hack to fix FF bug/discrepancy with left border */ margin-left: 1px; } .block { width: 20%; margin: 0; font-family: 'Rajdhani'; font-weight: 700; padding: 5px; text-align: center; } .header { border-bottom: solid 3px #000; } .data { width: 20%; border: solid 1px #000; font-family: 'Rajdhani'; font-weight: 500; padding: 5px; } .hide-mobile { display: inline-block; } @media (max-width: 450px) { .hide-mobile { display: none; } } Career vs Current COL Roster PA K% BB% AVG wOBA 36 41.7 2.8 .257 .322 Exit Velo Launch Angle xBA xSLG xwOBA 89.7 MPH 17.4 .213 .403 .273 * Statcast data only available back to 2015 To be announced. | AU4: =IFERROR(__xludf.DUMMYFUNCTION("""COMPUTED_VALUE"""),"") | AV4: =IFERROR(__xludf.DUMMYFUNCTION("""COMPUTED_VALUE""")," CHW @ SDP Saturday, May 2nd 2026 8:40 PM ET | Petco Park Preview Matchup Sean Burke #59 Throws: Right @import url('https://fonts.googleapis.com/css?family=Rajdhani:500,700'); .pitcher-stats { font-family: 'Rajdhani'; color: #000; width: 100%; text-align"&": center; /* Hack to fix FF bug/discrepancy with left border */ margin-left: 1px; } .block { width: 20%; margin: 0; font-family: 'Rajdhani'; font-weight: 700; padding: 5px; text-align: center; } .header { border-bottom: solid 3px #000; } .data { width: 20"&"%; border: solid 1px #000; font-family: 'Rajdhani'; font-weight: 500; padding: 5px; } .hide-mobile { display: inline-block; } @media (max-width: 450px) { .hide-mobile { display: none; } } Career vs Current SDP Roster PA K% BB% AVG wOBA 30 26.7 3.3 .207 .2"&"38 Exit Velo Launch Angle xBA xSLG xwOBA 82.6 MPH 7.4 .289 .523 .354 * Statcast data only available back to 2015 Michael King #34 Throws: Right @import url('https://fonts.googleapis.com/css?family=Rajdhani:500,700'); .pitcher-stats { font-family: 'Rajdha"&"ni'; color: #000; width: 100%; text-align: center; /* Hack to fix FF bug/discrepancy with left border */ margin-left: 1px; } .block { width: 20%; margin: 0; font-family: 'Rajdhani'; font-weight: 700; padding: 5px; text-align: center; } .header { border-bo"&"ttom: solid 3px #000; } .data { width: 20%; border: solid 1px #000; font-family: 'Rajdhani'; font-weight: 500; padding: 5px; } .hide-mobile { display: inline-block; } @media (max-width: 450px) { .hide-mobile { display: none; } } Career vs Current CHW Rost"&"er PA K% BB% AVG wOBA 28 21.4 14.3 .174 .251 Exit Velo Launch Angle xBA xSLG xwOBA 81.7 MPH 3.6 .260 .332 .336 * Statcast data only available back to 2015 ") -> CHW @ SDP Saturday, May 2nd 2026 8:40 PM ET | Petco Park Preview Matchup Sean Burke #59 Throws: Right @import url('https://fonts.googleapis.com/css?family=Rajdhani:500,700'); .pitcher-stats { font-family: 'Rajdhani'; color: #000; width: 100%; text-align: center; /* Hack to fix FF bug/discrepancy with left border */ margin-left: 1px; } .block { width: 20%; margin: 0; font-family: 'Rajdhani'; font-weight: 700; padding: 5px; text-align: center; } .header { border-bottom: solid 3px #000; } .data { width: 20%; border: solid 1px #000; font-family: 'Rajdhani'; font-weight: 500; padding: 5px; } .hide-mobile { display: inline-block; } @media (max-width: 450px) { .hide-mobile { display: none; } } Career vs Current SDP Roster PA K% BB% AVG wOBA 30 26.7 3.3 .207 .238 Exit Velo Launch Angle xBA xSLG xwOBA 82.6 MPH 7.4 .289 .523 .354 * Statcast data only available back to 2015 Michael King #34 Throws: Right @import url('https://fonts.googleapis.com/css?family=Rajdhani:500,700'); .pitcher-stats { font-family: 'Rajdhani'; color: #000; width: 100%; text-align: center; /* Hack to fix FF bug/discrepancy with left border */ margin-left: 1px; } .block { width: 20%; margin: 0; font-family: 'Rajdhani'; font-weight: 700; padding: 5px; text-align: center; } .header { border-bottom: solid 3px #000; } .data { width: 20%; border: solid 1px #000; font-family: 'Rajdhani'; font-weight: 500; padding: 5px; } .hide-mobile { display: inline-block; } @media (max-width: 450px) { .hide-mobile { display: none; } } Career vs Current CHW Roster PA K% BB% AVG wOBA 28 21.4 14.3 .174 .251 Exit Velo Launch Angle xBA xSLG xwOBA 81.7 MPH 3.6 .260 .332 .336 * Statcast data only available back to 2015 | AW4: =IFERROR(__xludf.DUMMYFUNCTION("""COMPUTED_VALUE"""),"") | AX4: =IFERROR(__xludf.DUMMYFUNCTION("""COMPUTED_VALUE""")," NYM @ LAA Saturday, May 2nd 2026 9:38 PM ET | Angel Stadium Preview Matchup Nolan McLean #26 Throws: Right Never Faced Any Players on this Team. Reid Detmers #48 Throws: Left @import url('https://fonts.googleapis.com/css?family=Rajdhani:500,700'); .pit"&"cher-stats { font-family: 'Rajdhani'; color: #000; width: 100%; text-align: center; /* Hack to fix FF bug/discrepancy with left border */ margin-left: 1px; } .block { width: 20%; margin: 0; font-family: 'Rajdhani'; font-weight: 700; padding: 5px; text-ali"&"gn: center; } .header { border-bottom: solid 3px #000; } .data { width: 20%; border: solid 1px #000; font-family: 'Rajdhani'; font-weight: 500; padding: 5px; } .hide-mobile { display: inline-block; } @media (max-width: 450px) { .hide-mobile { display: non"&"e; } } Career vs Current NYM Roster PA K% BB% AVG wOBA 50 16.0 6.0 .426 .500 Exit Velo Launch Angle xBA xSLG xwOBA 89.4 MPH 17.9 .296 .532 .372 * Statcast data only available back to 2015 ") -> NYM @ LAA Saturday, May 2nd 2026 9:38 PM ET | Angel Stadium Preview Matchup Nolan McLean #26 Throws: Right Never Faced Any Players on this Team. Reid Detmers #48 Throws: Left @import url('https://fonts.googleapis.com/css?family=Rajdhani:500,700'); .pitcher-stats { font-family: 'Rajdhani'; color: #000; width: 100%; text-align: center; /* Hack to fix FF bug/discrepancy with left border */ margin-left: 1px; } .block { width: 20%; margin: 0; font-family: 'Rajdhani'; font-weight: 700; padding: 5px; text-align: center; } .header { border-bottom: solid 3px #000; } .data { width: 20%; border: solid 1px #000; font-family: 'Rajdhani'; font-weight: 500; padding: 5px; } .hide-mobile { display: inline-block; } @media (max-width: 450px) { .hide-mobile { display: none; } } Career vs Current NYM Roster PA K% BB% AVG wOBA 50 16.0 6.0 .426 .500 Exit Velo Launch Angle xBA xSLG xwOBA 89.4 MPH 17.9 .296 .532 .372 * Statcast data only available back to 2015 | AY4: =IFERROR(__xludf.DUMMYFUNCTION("""COMPUTED_VALUE"""),"") | AZ4: =IFERROR(__xludf.DUMMYFUNCTION("""COMPUTED_VALUE""")," KCR @ SEA Saturday, May 2nd 2026 9:40 PM ET | T-Mobile Park Preview Matchup Seth Lugo #67 Throws: Right @import url('https://fonts.googleapis.com/css?family=Rajdhani:500,700'); .pitcher-stats { font-family: 'Rajdhani'; color: #000; width: 100%; text-ali"&"gn: center; /* Hack to fix FF bug/discrepancy with left border */ margin-left: 1px; } .block { width: 20%; margin: 0; font-family: 'Rajdhani'; font-weight: 700; padding: 5px; text-align: center; } .header { border-bottom: solid 3px #000; } .data { width: "&"20%; border: solid 1px #000; font-family: 'Rajdhani'; font-weight: 500; padding: 5px; } .hide-mobile { display: inline-block; } @media (max-width: 450px) { .hide-mobile { display: none; } } Career vs Current SEA Roster PA K% BB% AVG wOBA 43 25.6 4.7 .171 "&".211 Exit Velo Launch Angle xBA xSLG xwOBA 90.5 MPH 15.5 .207 .422 .284 * Statcast data only available back to 2015 Emerson Hancock #26 Throws: Right @import url('https://fonts.googleapis.com/css?family=Rajdhani:500,700'); .pitcher-stats { font-family: '"&"Rajdhani'; color: #000; width: 100%; text-align: center; /* Hack to fix FF bug/discrepancy with left border */ margin-left: 1px; } .block { width: 20%; margin: 0; font-family: 'Rajdhani'; font-weight: 700; padding: 5px; text-align: center; } .header { bor"&"der-bottom: solid 3px #000; } .data { width: 20%; border: solid 1px #000; font-family: 'Rajdhani'; font-weight: 500; padding: 5px; } .hide-mobile { display: inline-block; } @media (max-width: 450px) { .hide-mobile { display: none; } } Career vs Current KC"&"R Roster PA K% BB% AVG wOBA 45 6.7 6.7 .310 .359 Exit Velo Launch Angle xBA xSLG xwOBA 86.7 MPH 7.6 .318 .562 .394 * Statcast data only available back to 2015 ") -> KCR @ SEA Saturday, May 2nd 2026 9:40 PM ET | T-Mobile Park Preview Matchup Seth Lugo #67 Throws: Right @import url('https://fonts.googleapis.com/css?family=Rajdhani:500,700'); .pitcher-stats { font-family: 'Rajdhani'; color: #000; width: 100%; text-align: center; /* Hack to fix FF bug/discrepancy with left border */ margin-left: 1px; } .block { width: 20%; margin: 0; font-family: 'Rajdhani'; font-weight: 700; padding: 5px; text-align: center; } .header { border-bottom: solid 3px #000; } .data { width: 20%; border: solid 1px #000; font-family: 'Rajdhani'; font-weight: 500; padding: 5px; } .hide-mobile { display: inline-block; } @media (max-width: 450px) { .hide-mobile { display: none; } } Career vs Current SEA Roster PA K% BB% AVG wOBA 43 25.6 4.7 .171 .211 Exit Velo Launch Angle xBA xSLG xwOBA 90.5 MPH 15.5 .207 .422 .284 * Statcast data only available back to 2015 Emerson Hancock #26 Throws: Right @import url('https://fonts.googleapis.com/css?family=Rajdhani:500,700'); .pitcher-stats { font-family: 'Rajdhani'; color: #000; width: 100%; text-align: center; /* Hack to fix FF bug/discrepancy with left border */ margin-left: 1px; } .block { width: 20%; margin: 0; font-family: 'Rajdhani'; font-weight: 700; padding: 5px; text-align: center; } .header { border-bottom: solid 3px #000; } .data { width: 20%; border: solid 1px #000; font-family: 'Rajdhani'; font-weight: 500; padding: 5px; } .hide-mobile { display: inline-block; } @media (max-width: 450px) { .hide-mobile { display: none; } } Career vs Current KCR Roster PA K% BB% AVG wOBA 45 6.7 6.7 .310 .359 Exit Velo Launch Angle xBA xSLG xwOBA 86.7 MPH 7.6 .318 .562 .394 * Statcast data only available back to 2015 | BA4: =IFERROR(__xludf.DUMMYFUNCTION("""COMPUTED_VALUE"""),"")
A5: =IFERROR(__xludf.DUMMYFUNCTION("""COMPUTED_VALUE"""),4.0) -> 4 | B5: =IFERROR(__xludf.DUMMYFUNCTION("""COMPUTED_VALUE"""),"Juan Soto (NYM - LF,RF,DH)") -> Juan Soto (NYM - LF,RF,DH) | C5: =IFERROR(__xludf.DUMMYFUNCTION("""COMPUTED_VALUE"""),433.0) -> 433 | D5: =IFERROR(__xludf.DUMMYFUNCTION("""COMPUTED_VALUE"""),88.0) -> 88 | E5: =IFERROR(__xludf.DUMMYFUNCTION("""COMPUTED_VALUE"""),29.0) -> 29 | F5: =IFERROR(__xludf.DUMMYFUNCTION("""COMPUTED_VALUE"""),79.0) -> 79 | G5: =IFERROR(__xludf.DUMMYFUNCTION("""COMPUTED_VALUE"""),16.0) -> 16 | H5: =IFERROR(__xludf.DUMMYFUNCTION("""COMPUTED_VALUE"""),0.272) -> 0.272 | I5: =IFERROR(__xludf.DUMMYFUNCTION("""COMPUTED_VALUE"""),0.421) -> 0.421 | J5: =IFERROR(__xludf.DUMMYFUNCTION("""COMPUTED_VALUE"""),118.0) -> 118 | K5: =IFERROR(__xludf.DUMMYFUNCTION("""COMPUTED_VALUE"""),20.0) -> 20 | L5: =IFERROR(__xludf.DUMMYFUNCTION("""COMPUTED_VALUE"""),1.0) -> 1 | M5: =IFERROR(__xludf.DUMMYFUNCTION("""COMPUTED_VALUE"""),104.0) -> 104 | N5: =IFERROR(__xludf.DUMMYFUNCTION("""COMPUTED_VALUE"""),95.0) -> 95 | O5: =IFERROR(__xludf.DUMMYFUNCTION("""COMPUTED_VALUE"""),0.526) -> 0.526 | P5: =IFERROR(__xludf.DUMMYFUNCTION("""COMPUTED_VALUE"""),0.947) -> 0.947 | Q5: =IFERROR(__xludf.DUMMYFUNCTION("""COMPUTED_VALUE"""),0.99) -> 0.99 | R5: =IFERROR(__xludf.DUMMYFUNCTION("""COMPUTED_VALUE"""),0.99) -> 0.99 | S5: =IFERROR(__xludf.DUMMYFUNCTION("""COMPUTED_VALUE"""),1.0) -> 1 | T5: =trim(left(B5,find("(",B5)-1)) -> Juan Soto | X5: Starter | Y5: Opponent
A6: =IFERROR(__xludf.DUMMYFUNCTION("""COMPUTED_VALUE"""),5.0) -> 5 | B6: =IFERROR(__xludf.DUMMYFUNCTION("""COMPUTED_VALUE"""),"Jose Ramirez (CLE - 3B,DH)") -> Jose Ramirez (CLE - 3B,DH) | C6: =IFERROR(__xludf.DUMMYFUNCTION("""COMPUTED_VALUE"""),475.0) -> 475 | D6: =IFERROR(__xludf.DUMMYFUNCTION("""COMPUTED_VALUE"""),77.0) -> 77 | E6: =IFERROR(__xludf.DUMMYFUNCTION("""COMPUTED_VALUE"""),24.0) -> 24 | F6: =IFERROR(__xludf.DUMMYFUNCTION("""COMPUTED_VALUE"""),77.0) -> 77 | G6: =IFERROR(__xludf.DUMMYFUNCTION("""COMPUTED_VALUE"""),28.0) -> 28 | H6: =IFERROR(__xludf.DUMMYFUNCTION("""COMPUTED_VALUE"""),0.272) -> 0.272 | I6: =IFERROR(__xludf.DUMMYFUNCTION("""COMPUTED_VALUE"""),0.366) -> 0.366 | J6: =IFERROR(__xludf.DUMMYFUNCTION("""COMPUTED_VALUE"""),129.0) -> 129 | K6: =IFERROR(__xludf.DUMMYFUNCTION("""COMPUTED_VALUE"""),28.0) -> 28 | L6: =IFERROR(__xludf.DUMMYFUNCTION("""COMPUTED_VALUE"""),2.0) -> 2 | M6: =IFERROR(__xludf.DUMMYFUNCTION("""COMPUTED_VALUE"""),56.0) -> 56 | N6: =IFERROR(__xludf.DUMMYFUNCTION("""COMPUTED_VALUE"""),64.0) -> 64 | O6: =IFERROR(__xludf.DUMMYFUNCTION("""COMPUTED_VALUE"""),0.49) -> 0.49 | P6: =IFERROR(__xludf.DUMMYFUNCTION("""COMPUTED_VALUE"""),0.856) -> 0.856 | Q6: =IFERROR(__xludf.DUMMYFUNCTION("""COMPUTED_VALUE"""),0.99) -> 0.99 | R6: =IFERROR(__xludf.DUMMYFUNCTION("""COMPUTED_VALUE"""),0.99) -> 0.99 | S6: =IFERROR(__xludf.DUMMYFUNCTION("""COMPUTED_VALUE"""),1.0) -> 1 | T6: =trim(left(B6,find("(",B6)-1)) -> Jose Ramirez | W6: =IFERROR(__xludf.DUMMYFUNCTION("MAKEARRAY((COLUMNS(IMPORTXML(""https://baseballsavant.mlb.com/probable-pitchers/?date=""&text(today()+1,""yyyy-mm-dd""),""//*[@id='homepage-new_probable-pitchers']/div[2]/div[1]""))-1),1,lambda(row,col,rounddown((row-1)/2)*2+1*col))"),1.0) -> 1 | X6: =IFERROR(__xludf.DUMMYFUNCTION("if(left(trim(MID(indirect(""R4C""&W6-1+column($W$4)+1,False),find(""Matchup"",indirect(""R4C""&W6-1+column($W$4)+1,False))+9,find(""Throws"",indirect(""R4C""&W6-1+column($W$4)+1,False))-find(""Matchup"",indirect(""R4C""&W6-1+column($W$4)+1,False))-13)),15"&")=""To be announced"",""TBD ""&index(split(trim(left(indirect(""R4C""&W7-1+column($W$4)+1,False),find(text(today()+1,""DDDD""),indirect(""R4C""&W7-1+column($W$4)+1,False))-1)),""@""),,1),trim(MID(indirect(""R4C""&W6-1+column($W$4)+1,False),find(""Matchup"&""",indirect(""R4C""&W6-1+column($W$4)+1,False))+9,find(""Throws"",indirect(""R4C""&W6-1+column($W$4)+1,False))-find(""Matchup"",indirect(""R4C""&W6-1+column($W$4)+1,False))-13)))"),"TBD BAL ") -> TBD BAL | Y6: =IFERROR(__xludf.DUMMYFUNCTION("""@""&index(split(trim(left(indirect(""R4C""&W6-1+column($W$4)+1,False),find(text(today()+1,""DDDD""),indirect(""R4C""&W6-1+column($W$4)+1,False))-1)),""@""),,2)"),"@ NYY") -> @ NYY
A7: =IFERROR(__xludf.DUMMYFUNCTION("""COMPUTED_VALUE"""),6.0) -> 6 | B7: =IFERROR(__xludf.DUMMYFUNCTION("""COMPUTED_VALUE"""),"Elly De La Cruz (CIN - SS)") -> Elly De La Cruz (CIN - SS) | C7: =IFERROR(__xludf.DUMMYFUNCTION("""COMPUTED_VALUE"""),483.0) -> 483 | D7: =IFERROR(__xludf.DUMMYFUNCTION("""COMPUTED_VALUE"""),81.0) -> 81 | E7: =IFERROR(__xludf.DUMMYFUNCTION("""COMPUTED_VALUE"""),22.0) -> 22 | F7: =IFERROR(__xludf.DUMMYFUNCTION("""COMPUTED_VALUE"""),74.0) -> 74 | G7: =IFERROR(__xludf.DUMMYFUNCTION("""COMPUTED_VALUE"""),33.0) -> 33 | H7: =IFERROR(__xludf.DUMMYFUNCTION("""COMPUTED_VALUE"""),0.265) -> 0.265 | I7: =IFERROR(__xludf.DUMMYFUNCTION("""COMPUTED_VALUE"""),0.345) -> 0.345 | J7: =IFERROR(__xludf.DUMMYFUNCTION("""COMPUTED_VALUE"""),128.0) -> 128 | K7: =IFERROR(__xludf.DUMMYFUNCTION("""COMPUTED_VALUE"""),25.0) -> 25 | L7: =IFERROR(__xludf.DUMMYFUNCTION("""COMPUTED_VALUE"""),4.0) -> 4 | M7: =IFERROR(__xludf.DUMMYFUNCTION("""COMPUTED_VALUE"""),54.0) -> 54 | N7: =IFERROR(__xludf.DUMMYFUNCTION("""COMPUTED_VALUE"""),144.0) -> 144 | O7: =IFERROR(__xludf.DUMMYFUNCTION("""COMPUTED_VALUE"""),0.475) -> 0.475 | P7: =IFERROR(__xludf.DUMMYFUNCTION("""COMPUTED_VALUE"""),0.819) -> 0.819 | Q7: =IFERROR(__xludf.DUMMYFUNCTION("""COMPUTED_VALUE"""),0.99) -> 0.99 | R7: =IFERROR(__xludf.DUMMYFUNCTION("""COMPUTED_VALUE"""),0.99) -> 0.99 | S7: =IFERROR(__xludf.DUMMYFUNCTION("""COMPUTED_VALUE"""),1.0) -> 1 | T7: =trim(left(B7,find("(",B7)-1)) -> Elly De La Cruz | W7: =IFERROR(__xludf.DUMMYFUNCTION("""COMPUTED_VALUE"""),1.0) -> 1 | X7: {=iferror(trim(MID(indirect("R4C"&W6-1+column($W$4)+1,False),find("to 2015",indirect("R4C"&W6-1+column($W$4)+1,False))+9,find("Throws",indirect("R4C"&W6-1+column($W$4)+1,False),find("to 2015",indirect("R4C"&W6-1+column($W$4)+1,False)))-find("to 2015",indirect("R4C"&W6-1+column($W$4)+1,False))-13)),iferror(trim(MID(indirect("R4C"&W6-1+column($W$4)+1,False),find("Team.",indirect("R4C"&W6-1+column($W$4)+1,False))+7,find("Throws",indirect("R4C"&W6-1+column($W$4)+1,False),find("Team.",indirect("R4C"&W6-1+column($W$4)+1,False)))-find("Team.",indirect("R4C"&W6-1+column($W$4)+1,False))-11)),trim(MID(indirect("R4C"&W6-1+column($W$4)+1,False),find("nced.",indirect("R4C"&W6-1+column($W$4)+1,False))+7,find("Throws",indirect("R4C"&W6-1+column($W$4)+1,False),find("nced.",indirect("R4C"&W6-1+column($W$4)+1,False)))-find("nced.",indirect("R4C"&W6-1+column($W$4)+1,False))-11))))} -> Ryan Weathers | Y7: =IFERROR(__xludf.DUMMYFUNCTION("""vs. ""&index(split(trim(left(indirect(""R4C""&W7-1+column($W$4)+1,False),find(text(today()+1,""DDDD""),indirect(""R4C""&W7-1+column($W$4)+1,False))-1)),""@""),,1)"),"vs. BAL ") -> vs. BAL
A8: =IFERROR(__xludf.DUMMYFUNCTION("""COMPUTED_VALUE"""),7.0) -> 7 | B8: =IFERROR(__xludf.DUMMYFUNCTION("""COMPUTED_VALUE"""),"Ronald Acuna Jr. (ATL - RF)") -> Ronald Acuna Jr. (ATL - RF) | C8: =IFERROR(__xludf.DUMMYFUNCTION("""COMPUTED_VALUE"""),446.0) -> 446 | D8: =IFERROR(__xludf.DUMMYFUNCTION("""COMPUTED_VALUE"""),89.0) -> 89 | E8: =IFERROR(__xludf.DUMMYFUNCTION("""COMPUTED_VALUE"""),23.0) -> 23 | F8: =IFERROR(__xludf.DUMMYFUNCTION("""COMPUTED_VALUE"""),65.0) -> 65 | G8: =IFERROR(__xludf.DUMMYFUNCTION("""COMPUTED_VALUE"""),23.0) -> 23 | H8: =IFERROR(__xludf.DUMMYFUNCTION("""COMPUTED_VALUE"""),0.279) -> 0.279 | I8: =IFERROR(__xludf.DUMMYFUNCTION("""COMPUTED_VALUE"""),0.392) -> 0.392 | J8: =IFERROR(__xludf.DUMMYFUNCTION("""COMPUTED_VALUE"""),124.0) -> 124 | K8: =IFERROR(__xludf.DUMMYFUNCTION("""COMPUTED_VALUE"""),21.0) -> 21 | L8: =IFERROR(__xludf.DUMMYFUNCTION("""COMPUTED_VALUE"""),2.0) -> 2 | M8: =IFERROR(__xludf.DUMMYFUNCTION("""COMPUTED_VALUE"""),75.0) -> 75 | N8: =IFERROR(__xludf.DUMMYFUNCTION("""COMPUTED_VALUE"""),109.0) -> 109 | O8: =IFERROR(__xludf.DUMMYFUNCTION("""COMPUTED_VALUE"""),0.488) -> 0.488 | P8: =IFERROR(__xludf.DUMMYFUNCTION("""COMPUTED_VALUE"""),0.88) -> 0.88 | Q8: =IFERROR(__xludf.DUMMYFUNCTION("""COMPUTED_VALUE"""),0.99) -> 0.99 | R8: =IFERROR(__xludf.DUMMYFUNCTION("""COMPUTED_VALUE"""),0.99) -> 0.99 | S8: =IFERROR(__xludf.DUMMYFUNCTION("""COMPUTED_VALUE"""),1.0) -> 1 | T8: =trim(left(B8,find("(",B8)-1)) -> Ronald Acuna Jr. | W8: =IFERROR(__xludf.DUMMYFUNCTION("""COMPUTED_VALUE"""),3.0) -> 3 | X8: =IFERROR(__xludf.DUMMYFUNCTION("if(left(trim(MID(indirect(""R4C""&W8-1+column($W$4)+1,False),find(""Matchup"",indirect(""R4C""&W8-1+column($W$4)+1,False))+9,find(""Throws"",indirect(""R4C""&W8-1+column($W$4)+1,False))-find(""Matchup"",indirect(""R4C""&W8-1+column($W$4)+1,False))-13)),15"&")=""To be announced"",""TBD ""&index(split(trim(left(indirect(""R4C""&W9-1+column($W$4)+1,False),find(text(today()+1,""DDDD""),indirect(""R4C""&W9-1+column($W$4)+1,False))-1)),""@""),,1),trim(MID(indirect(""R4C""&W8-1+column($W$4)+1,False),find(""Matchup"&""",indirect(""R4C""&W8-1+column($W$4)+1,False))+9,find(""Throws"",indirect(""R4C""&W8-1+column($W$4)+1,False))-find(""Matchup"",indirect(""R4C""&W8-1+column($W$4)+1,False))-13)))"),"Dylan Cease") -> Dylan Cease | Y8: =IFERROR(__xludf.DUMMYFUNCTION("""@""&index(split(trim(left(indirect(""R4C""&W8-1+column($W$4)+1,False),find(text(today()+1,""DDDD""),indirect(""R4C""&W8-1+column($W$4)+1,False))-1)),""@""),,2)"),"@ MIN") -> @ MIN
A9: =IFERROR(__xludf.DUMMYFUNCTION("""COMPUTED_VALUE"""),8.0) -> 8 | B9: =IFERROR(__xludf.DUMMYFUNCTION("""COMPUTED_VALUE"""),"Junior Caminero (TB - 3B)") -> Junior Caminero (TB - 3B) | C9: =IFERROR(__xludf.DUMMYFUNCTION("""COMPUTED_VALUE"""),496.0) -> 496 | D9: =IFERROR(__xludf.DUMMYFUNCTION("""COMPUTED_VALUE"""),74.0) -> 74 | E9: =IFERROR(__xludf.DUMMYFUNCTION("""COMPUTED_VALUE"""),32.0) -> 32 | F9: =IFERROR(__xludf.DUMMYFUNCTION("""COMPUTED_VALUE"""),92.0) -> 92 | G9: =IFERROR(__xludf.DUMMYFUNCTION("""COMPUTED_VALUE"""),5.0) -> 5 | H9: =IFERROR(__xludf.DUMMYFUNCTION("""COMPUTED_VALUE"""),0.27) -> 0.27 | I9: =IFERROR(__xludf.DUMMYFUNCTION("""COMPUTED_VALUE"""),0.328) -> 0.328 | J9: =IFERROR(__xludf.DUMMYFUNCTION("""COMPUTED_VALUE"""),134.0) -> 134 | K9: =IFERROR(__xludf.DUMMYFUNCTION("""COMPUTED_VALUE"""),23.0) -> 23 | L9: =IFERROR(__xludf.DUMMYFUNCTION("""COMPUTED_VALUE"""),1.0) -> 1 | M9: =IFERROR(__xludf.DUMMYFUNCTION("""COMPUTED_VALUE"""),40.0) -> 40 | N9: =IFERROR(__xludf.DUMMYFUNCTION("""COMPUTED_VALUE"""),102.0) -> 102 | O9: =IFERROR(__xludf.DUMMYFUNCTION("""COMPUTED_VALUE"""),0.515) -> 0.515 | P9: =IFERROR(__xludf.DUMMYFUNCTION("""COMPUTED_VALUE"""),0.843) -> 0.843 | Q9: =IFERROR(__xludf.DUMMYFUNCTION("""COMPUTED_VALUE"""),0.99) -> 0.99 | R9: =IFERROR(__xludf.DUMMYFUNCTION("""COMPUTED_VALUE"""),0.99) -> 0.99 | S9: =IFERROR(__xludf.DUMMYFUNCTION("""COMPUTED_VALUE"""),1.0) -> 1 | T9: =trim(left(B9,find("(",B9)-1)) -> Junior Caminero | W9: =IFERROR(__xludf.DUMMYFUNCTION("""COMPUTED_VALUE"""),3.0) -> 3 | X9: {=iferror(trim(MID(indirect("R4C"&W8-1+column($W$4)+1,False),find("to 2015",indirect("R4C"&W8-1+column($W$4)+1,False))+9,find("Throws",indirect("R4C"&W8-1+column($W$4)+1,False),find("to 2015",indirect("R4C"&W8-1+column($W$4)+1,False)))-find("to 2015",indirect("R4C"&W8-1+column($W$4)+1,False))-13)),iferror(trim(MID(indirect("R4C"&W8-1+column($W$4)+1,False),find("Team.",indirect("R4C"&W8-1+column($W$4)+1,False))+7,find("Throws",indirect("R4C"&W8-1+column($W$4)+1,False),find("Team.",indirect("R4C"&W8-1+column($W$4)+1,False)))-find("Team.",indirect("R4C"&W8-1+column($W$4)+1,False))-11)),trim(MID(indirect("R4C"&W8-1+column($W$4)+1,False),find("nced.",indirect("R4C"&W8-1+column($W$4)+1,False))+7,find("Throws",indirect("R4C"&W8-1+column($W$4)+1,False),find("nced.",indirect("R4C"&W8-1+column($W$4)+1,False)))-find("nced.",indirect("R4C"&W8-1+column($W$4)+1,False))-11))))} -> Connor Prielipp | Y9: =IFERROR(__xludf.DUMMYFUNCTION("""vs. ""&index(split(trim(left(indirect(""R4C""&W9-1+column($W$4)+1,False),find(text(today()+1,""DDDD""),indirect(""R4C""&W9-1+column($W$4)+1,False))-1)),""@""),,1)"),"vs. TOR ") -> vs. TOR
A10: =IFERROR(__xludf.DUMMYFUNCTION("""COMPUTED_VALUE"""),9.0) -> 9 | B10: =IFERROR(__xludf.DUMMYFUNCTION("""COMPUTED_VALUE"""),"Vladimir Guerrero Jr. (TOR - 1B,DH)") -> Vladimir Guerrero Jr. (TOR - 1B,DH) | C10: =IFERROR(__xludf.DUMMYFUNCTION("""COMPUTED_VALUE"""),476.0) -> 476 | D10: =IFERROR(__xludf.DUMMYFUNCTION("""COMPUTED_VALUE"""),78.0) -> 78 | E10: =IFERROR(__xludf.DUMMYFUNCTION("""COMPUTED_VALUE"""),24.0) -> 24 | F10: =IFERROR(__xludf.DUMMYFUNCTION("""COMPUTED_VALUE"""),81.0) -> 81 | G10: =IFERROR(__xludf.DUMMYFUNCTION("""COMPUTED_VALUE"""),5.0) -> 5 | H10: =IFERROR(__xludf.DUMMYFUNCTION("""COMPUTED_VALUE"""),0.296) -> 0.296 | I10: =IFERROR(__xludf.DUMMYFUNCTION("""COMPUTED_VALUE"""),0.393) -> 0.393 | J10: =IFERROR(__xludf.DUMMYFUNCTION("""COMPUTED_VALUE"""),141.0) -> 141 | K10: =IFERROR(__xludf.DUMMYFUNCTION("""COMPUTED_VALUE"""),27.0) -> 27 | L10: =IFERROR(__xludf.DUMMYFUNCTION("""COMPUTED_VALUE"""),0.0) -> 0 | M10: =IFERROR(__xludf.DUMMYFUNCTION("""COMPUTED_VALUE"""),65.0) -> 65 | N10: =IFERROR(__xludf.DUMMYFUNCTION("""COMPUTED_VALUE"""),73.0) -> 73 | O10: =IFERROR(__xludf.DUMMYFUNCTION("""COMPUTED_VALUE"""),0.505) -> 0.505 | P10: =IFERROR(__xludf.DUMMYFUNCTION("""COMPUTED_VALUE"""),0.898) -> 0.898 | Q10: =IFERROR(__xludf.DUMMYFUNCTION("""COMPUTED_VALUE"""),0.99) -> 0.99 | R10: =IFERROR(__xludf.DUMMYFUNCTION("""COMPUTED_VALUE"""),0.99) -> 0.99 | S10: =IFERROR(__xludf.DUMMYFUNCTION("""COMPUTED_VALUE"""),1.0) -> 1 | T10: =trim(left(B10,find("(",B10)-1)) -> Vladimir Guerrero Jr. | W10: =IFERROR(__xludf.DUMMYFUNCTION("""COMPUTED_VALUE"""),5.0) -> 5 | X10: =IFERROR(__xludf.DUMMYFUNCTION("if(left(trim(MID(indirect(""R4C""&W10-1+column($W$4)+1,False),find(""Matchup"",indirect(""R4C""&W10-1+column($W$4)+1,False))+9,find(""Throws"",indirect(""R4C""&W10-1+column($W$4)+1,False))-find(""Matchup"",indirect(""R4C""&W10-1+column($W$4)+1,False))-13)"&"),15)=""To be announced"",""TBD ""&index(split(trim(left(indirect(""R4C""&W11-1+column($W$4)+1,False),find(text(today()+1,""DDDD""),indirect(""R4C""&W11-1+column($W$4)+1,False))-1)),""@""),,1),trim(MID(indirect(""R4C""&W10-1+column($W$4)+1,False),find(""M"&"atchup"",indirect(""R4C""&W10-1+column($W$4)+1,False))+9,find(""Throws"",indirect(""R4C""&W10-1+column($W$4)+1,False))-find(""Matchup"",indirect(""R4C""&W10-1+column($W$4)+1,False))-13)))"),"Ryne Nelson") -> Ryne Nelson | Y10: =IFERROR(__xludf.DUMMYFUNCTION("""@""&index(split(trim(left(indirect(""R4C""&W10-1+column($W$4)+1,False),find(text(today()+1,""DDDD""),indirect(""R4C""&W10-1+column($W$4)+1,False))-1)),""@""),,2)"),"@ CHC") -> @ CHC
A11: =IFERROR(__xludf.DUMMYFUNCTION("""COMPUTED_VALUE"""),10.0) -> 10 | B11: =IFERROR(__xludf.DUMMYFUNCTION("""COMPUTED_VALUE"""),"Julio Rodriguez (SEA - CF)") -> Julio Rodriguez (SEA - CF) | C11: =IFERROR(__xludf.DUMMYFUNCTION("""COMPUTED_VALUE"""),495.0) -> 495 | D11: =IFERROR(__xludf.DUMMYFUNCTION("""COMPUTED_VALUE"""),76.0) -> 76 | E11: =IFERROR(__xludf.DUMMYFUNCTION("""COMPUTED_VALUE"""),23.0) -> 23 | F11: =IFERROR(__xludf.DUMMYFUNCTION("""COMPUTED_VALUE"""),77.0) -> 77 | G11: =IFERROR(__xludf.DUMMYFUNCTION("""COMPUTED_VALUE"""),20.0) -> 20 | H11: =IFERROR(__xludf.DUMMYFUNCTION("""COMPUTED_VALUE"""),0.273) -> 0.273 | I11: =IFERROR(__xludf.DUMMYFUNCTION("""COMPUTED_VALUE"""),0.341) -> 0.341 | J11: =IFERROR(__xludf.DUMMYFUNCTION("""COMPUTED_VALUE"""),135.0) -> 135 | K11: =IFERROR(__xludf.DUMMYFUNCTION("""COMPUTED_VALUE"""),24.0) -> 24 | L11: =IFERROR(__xludf.DUMMYFUNCTION("""COMPUTED_VALUE"""),2.0) -> 2 | M11: =IFERROR(__xludf.DUMMYFUNCTION("""COMPUTED_VALUE"""),42.0) -> 42 | N11: =IFERROR(__xludf.DUMMYFUNCTION("""COMPUTED_VALUE"""),120.0) -> 120 | O11: =IFERROR(__xludf.DUMMYFUNCTION("""COMPUTED_VALUE"""),0.471) -> 0.471 | P11: =IFERROR(__xludf.DUMMYFUNCTION("""COMPUTED_VALUE"""),0.812) -> 0.812 | Q11: =IFERROR(__xludf.DUMMYFUNCTION("""COMPUTED_VALUE"""),0.99) -> 0.99 | R11: =IFERROR(__xludf.DUMMYFUNCTION("""COMPUTED_VALUE"""),0.99) -> 0.99 | S11: =IFERROR(__xludf.DUMMYFUNCTION("""COMPUTED_VALUE"""),0.99) -> 0.99 | T11: =trim(left(B11,find("(",B11)-1)) -> Julio Rodriguez | W11: =IFERROR(__xludf.DUMMYFUNCTION("""COMPUTED_VALUE"""),5.0) -> 5 | X11: {=iferror(trim(MID(indirect("R4C"&W10-1+column($W$4)+1,False),find("to 2015",indirect("R4C"&W10-1+column($W$4)+1,False))+9,find("Throws",indirect("R4C"&W10-1+column($W$4)+1,False),find("to 2015",indirect("R4C"&W10-1+column($W$4)+1,False)))-find("to 2015",indirect("R4C"&W10-1+column($W$4)+1,False))-13)),iferror(trim(MID(indirect("R4C"&W10-1+column($W$4)+1,False),find("Team.",indirect("R4C"&W10-1+column($W$4)+1,False))+7,find("Throws",indirect("R4C"&W10-1+column($W$4)+1,False),find("Team.",indirect("R4C"&W10-1+column($W$4)+1,False)))-find("Team.",indirect("R4C"&W10-1+column($W$4)+1,False))-11)),trim(MID(indirect("R4C"&W10-1+column($W$4)+1,False),find("nced.",indirect("R4C"&W10-1+column($W$4)+1,False))+7,find("Throws",indirect("R4C"&W10-1+column($W$4)+1,False),find("nced.",indirect("R4C"&W10-1+column($W$4)+1,False)))-find("nced.",indirect("R4C"&W10-1+column($W$4)+1,False))-11))))} -> Shota Imanaga | Y11: =IFERROR(__xludf.DUMMYFUNCTION("""vs. ""&index(split(trim(left(indirect(""R4C""&W11-1+column($W$4)+1,False),find(text(today()+1,""DDDD""),indirect(""R4C""&W11-1+column($W$4)+1,False))-1)),""@""),,1)"),"vs. ARI ") -> vs. ARI
A12: =IFERROR(__xludf.DUMMYFUNCTION("""COMPUTED_VALUE"""),11.0) -> 11 | B12: =IFERROR(__xludf.DUMMYFUNCTION("""COMPUTED_VALUE"""),"Gunnar Henderson (BAL - SS)") -> Gunnar Henderson (BAL - SS) | C12: =IFERROR(__xludf.DUMMYFUNCTION("""COMPUTED_VALUE"""),485.0) -> 485 | D12: =IFERROR(__xludf.DUMMYFUNCTION("""COMPUTED_VALUE"""),83.0) -> 83 | E12: =IFERROR(__xludf.DUMMYFUNCTION("""COMPUTED_VALUE"""),24.0) -> 24 | F12: =IFERROR(__xludf.DUMMYFUNCTION("""COMPUTED_VALUE"""),71.0) -> 71 | G12: =IFERROR(__xludf.DUMMYFUNCTION("""COMPUTED_VALUE"""),19.0) -> 19 | H12: =IFERROR(__xludf.DUMMYFUNCTION("""COMPUTED_VALUE"""),0.267) -> 0.267 | I12: =IFERROR(__xludf.DUMMYFUNCTION("""COMPUTED_VALUE"""),0.351) -> 0.351 | J12: =IFERROR(__xludf.DUMMYFUNCTION("""COMPUTED_VALUE"""),130.0) -> 130 | K12: =IFERROR(__xludf.DUMMYFUNCTION("""COMPUTED_VALUE"""),26.0) -> 26 | L12: =IFERROR(__xludf.DUMMYFUNCTION("""COMPUTED_VALUE"""),4.0) -> 4 | M12: =IFERROR(__xludf.DUMMYFUNCTION("""COMPUTED_VALUE"""),57.0) -> 57 | N12: =IFERROR(__xludf.DUMMYFUNCTION("""COMPUTED_VALUE"""),121.0) -> 121 | O12: =IFERROR(__xludf.DUMMYFUNCTION("""COMPUTED_VALUE"""),0.484) -> 0.484 | P12: =IFERROR(__xludf.DUMMYFUNCTION("""COMPUTED_VALUE"""),0.834) -> 0.834 | Q12: =IFERROR(__xludf.DUMMYFUNCTION("""COMPUTED_VALUE"""),0.99) -> 0.99 | R12: =IFERROR(__xludf.DUMMYFUNCTION("""COMPUTED_VALUE"""),0.99) -> 0.99 | S12: =IFERROR(__xludf.DUMMYFUNCTION("""COMPUTED_VALUE"""),0.99) -> 0.99 | T12: =trim(left(B12,find("(",B12)-1)) -> Gunnar Henderson | W12: =IFERROR(__xludf.DUMMYFUNCTION("""COMPUTED_VALUE"""),7.0) -> 7 | X12: =IFERROR(__xludf.DUMMYFUNCTION("if(left(trim(MID(indirect(""R4C""&W12-1+column($W$4)+1,False),find(""Matchup"",indirect(""R4C""&W12-1+column($W$4)+1,False))+9,find(""Throws"",indirect(""R4C""&W12-1+column($W$4)+1,False))-find(""Matchup"",indirect(""R4C""&W12-1+column($W$4)+1,False))-13)"&"),15)=""To be announced"",""TBD ""&index(split(trim(left(indirect(""R4C""&W13-1+column($W$4)+1,False),find(text(today()+1,""DDDD""),indirect(""R4C""&W13-1+column($W$4)+1,False))-1)),""@""),,1),trim(MID(indirect(""R4C""&W12-1+column($W$4)+1,False),find(""M"&"atchup"",indirect(""R4C""&W12-1+column($W$4)+1,False))+9,find(""Throws"",indirect(""R4C""&W12-1+column($W$4)+1,False))-find(""Matchup"",indirect(""R4C""&W12-1+column($W$4)+1,False))-13)))"),"Slade Cecconi") -> Slade Cecconi | Y12: =IFERROR(__xludf.DUMMYFUNCTION("""@""&index(split(trim(left(indirect(""R4C""&W12-1+column($W$4)+1,False),find(text(today()+1,""DDDD""),indirect(""R4C""&W12-1+column($W$4)+1,False))-1)),""@""),,2)"),"@ Athletics") -> @ Athletics
A13: =IFERROR(__xludf.DUMMYFUNCTION("""COMPUTED_VALUE"""),12.0) -> 12 | B13: =IFERROR(__xludf.DUMMYFUNCTION("""COMPUTED_VALUE"""),"Fernando Tatis Jr. (SD - 2B,RF)") -> Fernando Tatis Jr. (SD - 2B,RF) | C13: =IFERROR(__xludf.DUMMYFUNCTION("""COMPUTED_VALUE"""),476.0) -> 476 | D13: =IFERROR(__xludf.DUMMYFUNCTION("""COMPUTED_VALUE"""),82.0) -> 82 | E13: =IFERROR(__xludf.DUMMYFUNCTION("""COMPUTED_VALUE"""),23.0) -> 23 | F13: =IFERROR(__xludf.DUMMYFUNCTION("""COMPUTED_VALUE"""),69.0) -> 69 | G13: =IFERROR(__xludf.DUMMYFUNCTION("""COMPUTED_VALUE"""),21.0) -> 21 | H13: =IFERROR(__xludf.DUMMYFUNCTION("""COMPUTED_VALUE"""),0.269) -> 0.269 | I13: =IFERROR(__xludf.DUMMYFUNCTION("""COMPUTED_VALUE"""),0.361) -> 0.361 | J13: =IFERROR(__xludf.DUMMYFUNCTION("""COMPUTED_VALUE"""),128.0) -> 128 | K13: =IFERROR(__xludf.DUMMYFUNCTION("""COMPUTED_VALUE"""),24.0) -> 24 | L13: =IFERROR(__xludf.DUMMYFUNCTION("""COMPUTED_VALUE"""),2.0) -> 2 | M13: =IFERROR(__xludf.DUMMYFUNCTION("""COMPUTED_VALUE"""),62.0) -> 62 | N13: =IFERROR(__xludf.DUMMYFUNCTION("""COMPUTED_VALUE"""),110.0) -> 110 | O13: =IFERROR(__xludf.DUMMYFUNCTION("""COMPUTED_VALUE"""),0.469) -> 0.469 | P13: =IFERROR(__xludf.DUMMYFUNCTION("""COMPUTED_VALUE"""),0.83) -> 0.83 | Q13: =IFERROR(__xludf.DUMMYFUNCTION("""COMPUTED_VALUE"""),0.99) -> 0.99 | R13: =IFERROR(__xludf.DUMMYFUNCTION("""COMPUTED_VALUE"""),0.99) -> 0.99 | S13: =IFERROR(__xludf.DUMMYFUNCTION("""COMPUTED_VALUE"""),1.0) -> 1 | T13: =trim(left(B13,find("(",B13)-1)) -> Fernando Tatis Jr. | W13: =IFERROR(__xludf.DUMMYFUNCTION("""COMPUTED_VALUE"""),7.0) -> 7 | X13: {=iferror(trim(MID(indirect("R4C"&W12-1+column($W$4)+1,False),find("to 2015",indirect("R4C"&W12-1+column($W$4)+1,False))+9,find("Throws",indirect("R4C"&W12-1+column($W$4)+1,False),find("to 2015",indirect("R4C"&W12-1+column($W$4)+1,False)))-find("to 2015",indirect("R4C"&W12-1+column($W$4)+1,False))-13)),iferror(trim(MID(indirect("R4C"&W12-1+column($W$4)+1,False),find("Team.",indirect("R4C"&W12-1+column($W$4)+1,False))+7,find("Throws",indirect("R4C"&W12-1+column($W$4)+1,False),find("Team.",indirect("R4C"&W12-1+column($W$4)+1,False)))-find("Team.",indirect("R4C"&W12-1+column($W$4)+1,False))-11)),trim(MID(indirect("R4C"&W12-1+column($W$4)+1,False),find("nced.",indirect("R4C"&W12-1+column($W$4)+1,False))+7,find("Throws",indirect("R4C"&W12-1+column($W$4)+1,False),find("nced.",indirect("R4C"&W12-1+column($W$4)+1,False)))-find("nced.",indirect("R4C"&W12-1+column($W$4)+1,False))-11))))} -> Jacob Lopez | Y13: =IFERROR(__xludf.DUMMYFUNCTION("""vs. ""&index(split(trim(left(indirect(""R4C""&W13-1+column($W$4)+1,False),find(text(today()+1,""DDDD""),indirect(""R4C""&W13-1+column($W$4)+1,False))-1)),""@""),,1)"),"vs. CLE ") -> vs. CLE
A14: =IFERROR(__xludf.DUMMYFUNCTION("""COMPUTED_VALUE"""),13.0) -> 13 | B14: =IFERROR(__xludf.DUMMYFUNCTION("""COMPUTED_VALUE"""),"Corbin Carroll (ARI - CF,RF)") -> Corbin Carroll (ARI - CF,RF) | C14: =IFERROR(__xludf.DUMMYFUNCTION("""COMPUTED_VALUE"""),455.0) -> 455 | D14: =IFERROR(__xludf.DUMMYFUNCTION("""COMPUTED_VALUE"""),83.0) -> 83 | E14: =IFERROR(__xludf.DUMMYFUNCTION("""COMPUTED_VALUE"""),21.0) -> 21 | F14: =IFERROR(__xludf.DUMMYFUNCTION("""COMPUTED_VALUE"""),69.0) -> 69 | G14: =IFERROR(__xludf.DUMMYFUNCTION("""COMPUTED_VALUE"""),27.0) -> 27 | H14: =IFERROR(__xludf.DUMMYFUNCTION("""COMPUTED_VALUE"""),0.257) -> 0.257 | I14: =IFERROR(__xludf.DUMMYFUNCTION("""COMPUTED_VALUE"""),0.351) -> 0.351 | J14: =IFERROR(__xludf.DUMMYFUNCTION("""COMPUTED_VALUE"""),117.0) -> 117 | K14: =IFERROR(__xludf.DUMMYFUNCTION("""COMPUTED_VALUE"""),22.0) -> 22 | L14: =IFERROR(__xludf.DUMMYFUNCTION("""COMPUTED_VALUE"""),9.0) -> 9 | M14: =IFERROR(__xludf.DUMMYFUNCTION("""COMPUTED_VALUE"""),60.0) -> 60 | N14: =IFERROR(__xludf.DUMMYFUNCTION("""COMPUTED_VALUE"""),113.0) -> 113 | O14: =IFERROR(__xludf.DUMMYFUNCTION("""COMPUTED_VALUE"""),0.485) -> 0.485 | P14: =IFERROR(__xludf.DUMMYFUNCTION("""COMPUTED_VALUE"""),0.836) -> 0.836 | Q14: =IFERROR(__xludf.DUMMYFUNCTION("""COMPUTED_VALUE"""),0.99) -> 0.99 | R14: =IFERROR(__xludf.DUMMYFUNCTION("""COMPUTED_VALUE"""),0.99) -> 0.99 | S14: =IFERROR(__xludf.DUMMYFUNCTION("""COMPUTED_VALUE"""),1.0) -> 1 | T14: =trim(left(B14,find("(",B14)-1)) -> Corbin Carroll | W14: =IFERROR(__xludf.DUMMYFUNCTION("""COMPUTED_VALUE"""),9.0) -> 9 | X14: =IFERROR(__xludf.DUMMYFUNCTION("if(left(trim(MID(indirect(""R4C""&W14-1+column($W$4)+1,False),find(""Matchup"",indirect(""R4C""&W14-1+column($W$4)+1,False))+9,find(""Throws"",indirect(""R4C""&W14-1+column($W$4)+1,False))-find(""Matchup"",indirect(""R4C""&W14-1+column($W$4)+1,False))-13)"&"),15)=""To be announced"",""TBD ""&index(split(trim(left(indirect(""R4C""&W15-1+column($W$4)+1,False),find(text(today()+1,""DDDD""),indirect(""R4C""&W15-1+column($W$4)+1,False))-1)),""@""),,1),trim(MID(indirect(""R4C""&W14-1+column($W$4)+1,False),find(""M"&"atchup"",indirect(""R4C""&W14-1+column($W$4)+1,False))+9,find(""Throws"",indirect(""R4C""&W14-1+column($W$4)+1,False))-find(""Matchup"",indirect(""R4C""&W14-1+column($W$4)+1,False))-13)))"),"Rhett Lowder") -> Rhett Lowder | Y14: =IFERROR(__xludf.DUMMYFUNCTION("""@""&index(split(trim(left(indirect(""R4C""&W14-1+column($W$4)+1,False),find(text(today()+1,""DDDD""),indirect(""R4C""&W14-1+column($W$4)+1,False))-1)),""@""),,2)"),"@ PIT") -> @ PIT
A15: =IFERROR(__xludf.DUMMYFUNCTION("""COMPUTED_VALUE"""),14.0) -> 14 | B15: =IFERROR(__xludf.DUMMYFUNCTION("""COMPUTED_VALUE"""),"Kyle Tucker (LAD - RF,DH)") -> Kyle Tucker (LAD - RF,DH) | C15: =IFERROR(__xludf.DUMMYFUNCTION("""COMPUTED_VALUE"""),446.0) -> 446 | D15: =IFERROR(__xludf.DUMMYFUNCTION("""COMPUTED_VALUE"""),79.0) -> 79 | E15: =IFERROR(__xludf.DUMMYFUNCTION("""COMPUTED_VALUE"""),24.0) -> 24 | F15: =IFERROR(__xludf.DUMMYFUNCTION("""COMPUTED_VALUE"""),75.0) -> 75 | G15: =IFERROR(__xludf.DUMMYFUNCTION("""COMPUTED_VALUE"""),16.0) -> 16 | H15: =IFERROR(__xludf.DUMMYFUNCTION("""COMPUTED_VALUE"""),0.263) -> 0.263 | I15: =IFERROR(__xludf.DUMMYFUNCTION("""COMPUTED_VALUE"""),0.371) -> 0.371 | J15: =IFERROR(__xludf.DUMMYFUNCTION("""COMPUTED_VALUE"""),117.0) -> 117 | K15: =IFERROR(__xludf.DUMMYFUNCTION("""COMPUTED_VALUE"""),23.0) -> 23 | L15: =IFERROR(__xludf.DUMMYFUNCTION("""COMPUTED_VALUE"""),2.0) -> 2 | M15: =IFERROR(__xludf.DUMMYFUNCTION("""COMPUTED_VALUE"""),72.0) -> 72 | N15: =IFERROR(__xludf.DUMMYFUNCTION("""COMPUTED_VALUE"""),82.0) -> 82 | O15: =IFERROR(__xludf.DUMMYFUNCTION("""COMPUTED_VALUE"""),0.481) -> 0.481 | P15: =IFERROR(__xludf.DUMMYFUNCTION("""COMPUTED_VALUE"""),0.851) -> 0.851 | Q15: =IFERROR(__xludf.DUMMYFUNCTION("""COMPUTED_VALUE"""),0.99) -> 0.99 | R15: =IFERROR(__xludf.DUMMYFUNCTION("""COMPUTED_VALUE"""),0.99) -> 0.99 | S15: =IFERROR(__xludf.DUMMYFUNCTION("""COMPUTED_VALUE"""),1.0) -> 1 | T15: =trim(left(B15,find("(",B15)-1)) -> Kyle Tucker | W15: =IFERROR(__xludf.DUMMYFUNCTION("""COMPUTED_VALUE"""),9.0) -> 9 | X15: {=iferror(trim(MID(indirect("R4C"&W14-1+column($W$4)+1,False),find("to 2015",indirect("R4C"&W14-1+column($W$4)+1,False))+9,find("Throws",indirect("R4C"&W14-1+column($W$4)+1,False),find("to 2015",indirect("R4C"&W14-1+column($W$4)+1,False)))-find("to 2015",indirect("R4C"&W14-1+column($W$4)+1,False))-13)),iferror(trim(MID(indirect("R4C"&W14-1+column($W$4)+1,False),find("Team.",indirect("R4C"&W14-1+column($W$4)+1,False))+7,find("Throws",indirect("R4C"&W14-1+column($W$4)+1,False),find("Team.",indirect("R4C"&W14-1+column($W$4)+1,False)))-find("Team.",indirect("R4C"&W14-1+column($W$4)+1,False))-11)),trim(MID(indirect("R4C"&W14-1+column($W$4)+1,False),find("nced.",indirect("R4C"&W14-1+column($W$4)+1,False))+7,find("Throws",indirect("R4C"&W14-1+column($W$4)+1,False),find("nced.",indirect("R4C"&W14-1+column($W$4)+1,False)))-find("nced.",indirect("R4C"&W14-1+column($W$4)+1,False))-11))))} -> Carmen Mlodzinski | Y15: =IFERROR(__xludf.DUMMYFUNCTION("""vs. ""&index(split(trim(left(indirect(""R4C""&W15-1+column($W$4)+1,False),find(text(today()+1,""DDDD""),indirect(""R4C""&W15-1+column($W$4)+1,False))-1)),""@""),,1)"),"vs. CIN ") -> vs. CIN
A16: =IFERROR(__xludf.DUMMYFUNCTION("""COMPUTED_VALUE"""),15.0) -> 15 | B16: =IFERROR(__xludf.DUMMYFUNCTION("""COMPUTED_VALUE"""),"Nick Kurtz (ATH - 1B)") -> Nick Kurtz (ATH - 1B) | C16: =IFERROR(__xludf.DUMMYFUNCTION("""COMPUTED_VALUE"""),442.0) -> 442 | D16: =IFERROR(__xludf.DUMMYFUNCTION("""COMPUTED_VALUE"""),83.0) -> 83 | E16: =IFERROR(__xludf.DUMMYFUNCTION("""COMPUTED_VALUE"""),30.0) -> 30 | F16: =IFERROR(__xludf.DUMMYFUNCTION("""COMPUTED_VALUE"""),81.0) -> 81 | G16: =IFERROR(__xludf.DUMMYFUNCTION("""COMPUTED_VALUE"""),4.0) -> 4 | H16: =IFERROR(__xludf.DUMMYFUNCTION("""COMPUTED_VALUE"""),0.257) -> 0.257 | I16: =IFERROR(__xludf.DUMMYFUNCTION("""COMPUTED_VALUE"""),0.366) -> 0.366 | J16: =IFERROR(__xludf.DUMMYFUNCTION("""COMPUTED_VALUE"""),114.0) -> 114 | K16: =IFERROR(__xludf.DUMMYFUNCTION("""COMPUTED_VALUE"""),22.0) -> 22 | L16: =IFERROR(__xludf.DUMMYFUNCTION("""COMPUTED_VALUE"""),1.0) -> 1 | M16: =IFERROR(__xludf.DUMMYFUNCTION("""COMPUTED_VALUE"""),71.0) -> 71 | N16: =IFERROR(__xludf.DUMMYFUNCTION("""COMPUTED_VALUE"""),152.0) -> 152 | O16: =IFERROR(__xludf.DUMMYFUNCTION("""COMPUTED_VALUE"""),0.519) -> 0.519 | P16: =IFERROR(__xludf.DUMMYFUNCTION("""COMPUTED_VALUE"""),0.885) -> 0.885 | Q16: =IFERROR(__xludf.DUMMYFUNCTION("""COMPUTED_VALUE"""),0.98) -> 0.98 | R16: =IFERROR(__xludf.DUMMYFUNCTION("""COMPUTED_VALUE"""),0.99) -> 0.99 | S16: =IFERROR(__xludf.DUMMYFUNCTION("""COMPUTED_VALUE"""),0.97) -> 0.97 | T16: =trim(left(B16,find("(",B16)-1)) -> Nick Kurtz | W16: =IFERROR(__xludf.DUMMYFUNCTION("""COMPUTED_VALUE"""),11.0) -> 11 | X16: =IFERROR(__xludf.DUMMYFUNCTION("if(left(trim(MID(indirect(""R4C""&W16-1+column($W$4)+1,False),find(""Matchup"",indirect(""R4C""&W16-1+column($W$4)+1,False))+9,find(""Throws"",indirect(""R4C""&W16-1+column($W$4)+1,False))-find(""Matchup"",indirect(""R4C""&W16-1+column($W$4)+1,False))-13)"&"),15)=""To be announced"",""TBD ""&index(split(trim(left(indirect(""R4C""&W17-1+column($W$4)+1,False),find(text(today()+1,""DDDD""),indirect(""R4C""&W17-1+column($W$4)+1,False))-1)),""@""),,1),trim(MID(indirect(""R4C""&W16-1+column($W$4)+1,False),find(""M"&"atchup"",indirect(""R4C""&W16-1+column($W$4)+1,False))+9,find(""Throws"",indirect(""R4C""&W16-1+column($W$4)+1,False))-find(""Matchup"",indirect(""R4C""&W16-1+column($W$4)+1,False))-13)))"),"Kyle Harrison") -> Kyle Harrison | Y16: =IFERROR(__xludf.DUMMYFUNCTION("""@""&index(split(trim(left(indirect(""R4C""&W16-1+column($W$4)+1,False),find(text(today()+1,""DDDD""),indirect(""R4C""&W16-1+column($W$4)+1,False))-1)),""@""),,2)"),"@ WSN") -> @ WSN
A17: =IFERROR(__xludf.DUMMYFUNCTION("""COMPUTED_VALUE"""),16.0) -> 16 | B17: =IFERROR(__xludf.DUMMYFUNCTION("""COMPUTED_VALUE"""),"Bryce Harper (PHI - 1B)") -> Bryce Harper (PHI - 1B) | C17: =IFERROR(__xludf.DUMMYFUNCTION("""COMPUTED_VALUE"""),461.0) -> 461 | D17: =IFERROR(__xludf.DUMMYFUNCTION("""COMPUTED_VALUE"""),74.0) -> 74 | E17: =IFERROR(__xludf.DUMMYFUNCTION("""COMPUTED_VALUE"""),23.0) -> 23 | F17: =IFERROR(__xludf.DUMMYFUNCTION("""COMPUTED_VALUE"""),77.0) -> 77 | G17: =IFERROR(__xludf.DUMMYFUNCTION("""COMPUTED_VALUE"""),8.0) -> 8 | H17: =IFERROR(__xludf.DUMMYFUNCTION("""COMPUTED_VALUE"""),0.273) -> 0.273 | I17: =IFERROR(__xludf.DUMMYFUNCTION("""COMPUTED_VALUE"""),0.374) -> 0.374 | J17: =IFERROR(__xludf.DUMMYFUNCTION("""COMPUTED_VALUE"""),126.0) -> 126 | K17: =IFERROR(__xludf.DUMMYFUNCTION("""COMPUTED_VALUE"""),28.0) -> 28 | L17: =IFERROR(__xludf.DUMMYFUNCTION("""COMPUTED_VALUE"""),1.0) -> 1 | M17: =IFERROR(__xludf.DUMMYFUNCTION("""COMPUTED_VALUE"""),67.0) -> 67 | N17: =IFERROR(__xludf.DUMMYFUNCTION("""COMPUTED_VALUE"""),111.0) -> 111 | O17: =IFERROR(__xludf.DUMMYFUNCTION("""COMPUTED_VALUE"""),0.489) -> 0.489 | P17: =IFERROR(__xludf.DUMMYFUNCTION("""COMPUTED_VALUE"""),0.864) -> 0.864 | Q17: =IFERROR(__xludf.DUMMYFUNCTION("""COMPUTED_VALUE"""),0.97) -> 0.97 | R17: =IFERROR(__xludf.DUMMYFUNCTION("""COMPUTED_VALUE"""),0.99) -> 0.99 | S17: =IFERROR(__xludf.DUMMYFUNCTION("""COMPUTED_VALUE"""),0.96) -> 0.96 | T17: =trim(left(B17,find("(",B17)-1)) -> Bryce Harper | W17: =IFERROR(__xludf.DUMMYFUNCTION("""COMPUTED_VALUE"""),11.0) -> 11 | X17: {=iferror(trim(MID(indirect("R4C"&W16-1+column($W$4)+1,False),find("to 2015",indirect("R4C"&W16-1+column($W$4)+1,False))+9,find("Throws",indirect("R4C"&W16-1+column($W$4)+1,False),find("to 2015",indirect("R4C"&W16-1+column($W$4)+1,False)))-find("to 2015",indirect("R4C"&W16-1+column($W$4)+1,False))-13)),iferror(trim(MID(indirect("R4C"&W16-1+column($W$4)+1,False),find("Team.",indirect("R4C"&W16-1+column($W$4)+1,False))+7,find("Throws",indirect("R4C"&W16-1+column($W$4)+1,False),find("Team.",indirect("R4C"&W16-1+column($W$4)+1,False)))-find("Team.",indirect("R4C"&W16-1+column($W$4)+1,False))-11)),trim(MID(indirect("R4C"&W16-1+column($W$4)+1,False),find("nced.",indirect("R4C"&W16-1+column($W$4)+1,False))+7,find("Throws",indirect("R4C"&W16-1+column($W$4)+1,False),find("nced.",indirect("R4C"&W16-1+column($W$4)+1,False)))-find("nced.",indirect("R4C"&W16-1+column($W$4)+1,False))-11))))} -> Foster Griffin | Y17: =IFERROR(__xludf.DUMMYFUNCTION("""vs. ""&index(split(trim(left(indirect(""R4C""&W17-1+column($W$4)+1,False),find(text(today()+1,""DDDD""),indirect(""R4C""&W17-1+column($W$4)+1,False))-1)),""@""),,1)"),"vs. MIL ") -> vs. MIL
A18: =IFERROR(__xludf.DUMMYFUNCTION("""COMPUTED_VALUE"""),17.0) -> 17 | B18: =IFERROR(__xludf.DUMMYFUNCTION("""COMPUTED_VALUE"""),"Yordan Alvarez (HOU - LF,DH)") -> Yordan Alvarez (HOU - LF,DH) | C18: =IFERROR(__xludf.DUMMYFUNCTION("""COMPUTED_VALUE"""),369.0) -> 369 | D18: =IFERROR(__xludf.DUMMYFUNCTION("""COMPUTED_VALUE"""),68.0) -> 68 | E18: =IFERROR(__xludf.DUMMYFUNCTION("""COMPUTED_VALUE"""),25.0) -> 25 | F18: =IFERROR(__xludf.DUMMYFUNCTION("""COMPUTED_VALUE"""),71.0) -> 71 | G18: =IFERROR(__xludf.DUMMYFUNCTION("""COMPUTED_VALUE"""),3.0) -> 3 | H18: =IFERROR(__xludf.DUMMYFUNCTION("""COMPUTED_VALUE"""),0.301) -> 0.301 | I18: =IFERROR(__xludf.DUMMYFUNCTION("""COMPUTED_VALUE"""),0.413) -> 0.413 | J18: =IFERROR(__xludf.DUMMYFUNCTION("""COMPUTED_VALUE"""),111.0) -> 111 | K18: =IFERROR(__xludf.DUMMYFUNCTION("""COMPUTED_VALUE"""),22.0) -> 22 | L18: =IFERROR(__xludf.DUMMYFUNCTION("""COMPUTED_VALUE"""),1.0) -> 1 | M18: =IFERROR(__xludf.DUMMYFUNCTION("""COMPUTED_VALUE"""),58.0) -> 58 | N18: =IFERROR(__xludf.DUMMYFUNCTION("""COMPUTED_VALUE"""),68.0) -> 68 | O18: =IFERROR(__xludf.DUMMYFUNCTION("""COMPUTED_VALUE"""),0.574) -> 0.574 | P18: =IFERROR(__xludf.DUMMYFUNCTION("""COMPUTED_VALUE"""),0.987) -> 0.987 | Q18: =IFERROR(__xludf.DUMMYFUNCTION("""COMPUTED_VALUE"""),0.99) -> 0.99 | R18: =IFERROR(__xludf.DUMMYFUNCTION("""COMPUTED_VALUE"""),0.99) -> 0.99 | S18: =IFERROR(__xludf.DUMMYFUNCTION("""COMPUTED_VALUE"""),1.0) -> 1 | T18: =trim(left(B18,find("(",B18)-1)) -> Yordan Alvarez | W18: =IFERROR(__xludf.DUMMYFUNCTION("""COMPUTED_VALUE"""),13.0) -> 13 | X18: =IFERROR(__xludf.DUMMYFUNCTION("if(left(trim(MID(indirect(""R4C""&W18-1+column($W$4)+1,False),find(""Matchup"",indirect(""R4C""&W18-1+column($W$4)+1,False))+9,find(""Throws"",indirect(""R4C""&W18-1+column($W$4)+1,False))-find(""Matchup"",indirect(""R4C""&W18-1+column($W$4)+1,False))-13)"&"),15)=""To be announced"",""TBD ""&index(split(trim(left(indirect(""R4C""&W19-1+column($W$4)+1,False),find(text(today()+1,""DDDD""),indirect(""R4C""&W19-1+column($W$4)+1,False))-1)),""@""),,1),trim(MID(indirect(""R4C""&W18-1+column($W$4)+1,False),find(""M"&"atchup"",indirect(""R4C""&W18-1+column($W$4)+1,False))+9,find(""Throws"",indirect(""R4C""&W18-1+column($W$4)+1,False))-find(""Matchup"",indirect(""R4C""&W18-1+column($W$4)+1,False))-13)))"),"Spencer Arrighetti") -> Spencer Arrighetti | Y18: =IFERROR(__xludf.DUMMYFUNCTION("""@""&index(split(trim(left(indirect(""R4C""&W18-1+column($W$4)+1,False),find(text(today()+1,""DDDD""),indirect(""R4C""&W18-1+column($W$4)+1,False))-1)),""@""),,2)"),"@ BOS") -> @ BOS
A19: =IFERROR(__xludf.DUMMYFUNCTION("""COMPUTED_VALUE"""),18.0) -> 18 | B19: =IFERROR(__xludf.DUMMYFUNCTION("""COMPUTED_VALUE"""),"Brent Rooker (ATH - LF,RF,DH)") -> Brent Rooker (ATH - LF,RF,DH) | C19: =IFERROR(__xludf.DUMMYFUNCTION("""COMPUTED_VALUE"""),454.0) -> 454 | D19: =IFERROR(__xludf.DUMMYFUNCTION("""COMPUTED_VALUE"""),71.0) -> 71 | E19: =IFERROR(__xludf.DUMMYFUNCTION("""COMPUTED_VALUE"""),27.0) -> 27 | F19: =IFERROR(__xludf.DUMMYFUNCTION("""COMPUTED_VALUE"""),81.0) -> 81 | G19: =IFERROR(__xludf.DUMMYFUNCTION("""COMPUTED_VALUE"""),6.0) -> 6 | H19: =IFERROR(__xludf.DUMMYFUNCTION("""COMPUTED_VALUE"""),0.263) -> 0.263 | I19: =IFERROR(__xludf.DUMMYFUNCTION("""COMPUTED_VALUE"""),0.346) -> 0.346 | J19: =IFERROR(__xludf.DUMMYFUNCTION("""COMPUTED_VALUE"""),120.0) -> 120 | K19: =IFERROR(__xludf.DUMMYFUNCTION("""COMPUTED_VALUE"""),24.0) -> 24 | L19: =IFERROR(__xludf.DUMMYFUNCTION("""COMPUTED_VALUE"""),2.0) -> 2 | M19: =IFERROR(__xludf.DUMMYFUNCTION("""COMPUTED_VALUE"""),52.0) -> 52 | N19: =IFERROR(__xludf.DUMMYFUNCTION("""COMPUTED_VALUE"""),131.0) -> 131 | O19: =IFERROR(__xludf.DUMMYFUNCTION("""COMPUTED_VALUE"""),0.5) -> 0.5 | P19: =IFERROR(__xludf.DUMMYFUNCTION("""COMPUTED_VALUE"""),0.847) -> 0.847 | Q19: =IFERROR(__xludf.DUMMYFUNCTION("""COMPUTED_VALUE"""),0.87) -> 0.87 | R19: =IFERROR(__xludf.DUMMYFUNCTION("""COMPUTED_VALUE"""),0.94) -> 0.94 | S19: =IFERROR(__xludf.DUMMYFUNCTION("""COMPUTED_VALUE"""),0.8) -> 0.8 | T19: =trim(left(B19,find("(",B19)-1)) -> Brent Rooker | W19: =IFERROR(__xludf.DUMMYFUNCTION("""COMPUTED_VALUE"""),13.0) -> 13 | X19: {=iferror(trim(MID(indirect("R4C"&W18-1+column($W$4)+1,False),find("to 2015",indirect("R4C"&W18-1+column($W$4)+1,False))+9,find("Throws",indirect("R4C"&W18-1+column($W$4)+1,False),find("to 2015",indirect("R4C"&W18-1+column($W$4)+1,False)))-find("to 2015",indirect("R4C"&W18-1+column($W$4)+1,False))-13)),iferror(trim(MID(indirect("R4C"&W18-1+column($W$4)+1,False),find("Team.",indirect("R4C"&W18-1+column($W$4)+1,False))+7,find("Throws",indirect("R4C"&W18-1+column($W$4)+1,False),find("Team.",indirect("R4C"&W18-1+column($W$4)+1,False)))-find("Team.",indirect("R4C"&W18-1+column($W$4)+1,False))-11)),trim(MID(indirect("R4C"&W18-1+column($W$4)+1,False),find("nced.",indirect("R4C"&W18-1+column($W$4)+1,False))+7,find("Throws",indirect("R4C"&W18-1+column($W$4)+1,False),find("nced.",indirect("R4C"&W18-1+column($W$4)+1,False)))-find("nced.",indirect("R4C"&W18-1+column($W$4)+1,False))-11))))} -> Connelly Early | Y19: =IFERROR(__xludf.DUMMYFUNCTION("""vs. ""&index(split(trim(left(indirect(""R4C""&W19-1+column($W$4)+1,False),find(text(today()+1,""DDDD""),indirect(""R4C""&W19-1+column($W$4)+1,False))-1)),""@""),,1)"),"vs. HOU ") -> vs. HOU
A20: =IFERROR(__xludf.DUMMYFUNCTION("""COMPUTED_VALUE"""),19.0) -> 19 | B20: =IFERROR(__xludf.DUMMYFUNCTION("""COMPUTED_VALUE"""),"Kyle Schwarber (PHI - LF,DH)") -> Kyle Schwarber (PHI - LF,DH) | C20: =IFERROR(__xludf.DUMMYFUNCTION("""COMPUTED_VALUE"""),460.0) -> 460 | D20: =IFERROR(__xludf.DUMMYFUNCTION("""COMPUTED_VALUE"""),83.0) -> 83 | E20: =IFERROR(__xludf.DUMMYFUNCTION("""COMPUTED_VALUE"""),35.0) -> 35 | F20: =IFERROR(__xludf.DUMMYFUNCTION("""COMPUTED_VALUE"""),85.0) -> 85 | G20: =IFERROR(__xludf.DUMMYFUNCTION("""COMPUTED_VALUE"""),5.0) -> 5 | H20: =IFERROR(__xludf.DUMMYFUNCTION("""COMPUTED_VALUE"""),0.225) -> 0.225 | I20: =IFERROR(__xludf.DUMMYFUNCTION("""COMPUTED_VALUE"""),0.357) -> 0.357 | J20: =IFERROR(__xludf.DUMMYFUNCTION("""COMPUTED_VALUE"""),103.0) -> 103 | K20: =IFERROR(__xludf.DUMMYFUNCTION("""COMPUTED_VALUE"""),17.0) -> 17 | L20: =IFERROR(__xludf.DUMMYFUNCTION("""COMPUTED_VALUE"""),1.0) -> 1 | M20: =IFERROR(__xludf.DUMMYFUNCTION("""COMPUTED_VALUE"""),86.0) -> 86 | N20: =IFERROR(__xludf.DUMMYFUNCTION("""COMPUTED_VALUE"""),157.0) -> 157 | O20: =IFERROR(__xludf.DUMMYFUNCTION("""COMPUTED_VALUE"""),0.491) -> 0.491 | P20: =IFERROR(__xludf.DUMMYFUNCTION("""COMPUTED_VALUE"""),0.848) -> 0.848 | Q20: =IFERROR(__xludf.DUMMYFUNCTION("""COMPUTED_VALUE"""),0.99) -> 0.99 | R20: =IFERROR(__xludf.DUMMYFUNCTION("""COMPUTED_VALUE"""),0.99) -> 0.99 | S20: =IFERROR(__xludf.DUMMYFUNCTION("""COMPUTED_VALUE"""),1.0) -> 1 | T20: =trim(left(B20,find("(",B20)-1)) -> Kyle Schwarber | W20: =IFERROR(__xludf.DUMMYFUNCTION("""COMPUTED_VALUE"""),15.0) -> 15 | X20: =IFERROR(__xludf.DUMMYFUNCTION("if(left(trim(MID(indirect(""R4C""&W20-1+column($W$4)+1,False),find(""Matchup"",indirect(""R4C""&W20-1+column($W$4)+1,False))+9,find(""Throws"",indirect(""R4C""&W20-1+column($W$4)+1,False))-find(""Matchup"",indirect(""R4C""&W20-1+column($W$4)+1,False))-13)"&"),15)=""To be announced"",""TBD ""&index(split(trim(left(indirect(""R4C""&W21-1+column($W$4)+1,False),find(text(today()+1,""DDDD""),indirect(""R4C""&W21-1+column($W$4)+1,False))-1)),""@""),,1),trim(MID(indirect(""R4C""&W20-1+column($W$4)+1,False),find(""M"&"atchup"",indirect(""R4C""&W20-1+column($W$4)+1,False))+9,find(""Throws"",indirect(""R4C""&W20-1+column($W$4)+1,False))-find(""Matchup"",indirect(""R4C""&W20-1+column($W$4)+1,False))-13)))"),"TBD PHI ") -> TBD PHI | Y20: =IFERROR(__xludf.DUMMYFUNCTION("""@""&index(split(trim(left(indirect(""R4C""&W20-1+column($W$4)+1,False),find(text(today()+1,""DDDD""),indirect(""R4C""&W20-1+column($W$4)+1,False))-1)),""@""),,2)"),"@ MIA") -> @ MIA
A21: =IFERROR(__xludf.DUMMYFUNCTION("""COMPUTED_VALUE"""),20.0) -> 20 | B21: =IFERROR(__xludf.DUMMYFUNCTION("""COMPUTED_VALUE"""),"James Wood (WSH - LF,RF,DH)") -> James Wood (WSH - LF,RF,DH) | C21: =IFERROR(__xludf.DUMMYFUNCTION("""COMPUTED_VALUE"""),447.0) -> 447 | D21: =IFERROR(__xludf.DUMMYFUNCTION("""COMPUTED_VALUE"""),76.0) -> 76 | E21: =IFERROR(__xludf.DUMMYFUNCTION("""COMPUTED_VALUE"""),24.0) -> 24 | F21: =IFERROR(__xludf.DUMMYFUNCTION("""COMPUTED_VALUE"""),70.0) -> 70 | G21: =IFERROR(__xludf.DUMMYFUNCTION("""COMPUTED_VALUE"""),14.0) -> 14 | H21: =IFERROR(__xludf.DUMMYFUNCTION("""COMPUTED_VALUE"""),0.261) -> 0.261 | I21: =IFERROR(__xludf.DUMMYFUNCTION("""COMPUTED_VALUE"""),0.367) -> 0.367 | J21: =IFERROR(__xludf.DUMMYFUNCTION("""COMPUTED_VALUE"""),117.0) -> 117 | K21: =IFERROR(__xludf.DUMMYFUNCTION("""COMPUTED_VALUE"""),25.0) -> 25 | L21: =IFERROR(__xludf.DUMMYFUNCTION("""COMPUTED_VALUE"""),2.0) -> 2 | M21: =IFERROR(__xludf.DUMMYFUNCTION("""COMPUTED_VALUE"""),69.0) -> 69 | N21: =IFERROR(__xludf.DUMMYFUNCTION("""COMPUTED_VALUE"""),153.0) -> 153 | O21: =IFERROR(__xludf.DUMMYFUNCTION("""COMPUTED_VALUE"""),0.482) -> 0.482 | P21: =IFERROR(__xludf.DUMMYFUNCTION("""COMPUTED_VALUE"""),0.849) -> 0.849 | Q21: =IFERROR(__xludf.DUMMYFUNCTION("""COMPUTED_VALUE"""),0.98) -> 0.98 | R21: =IFERROR(__xludf.DUMMYFUNCTION("""COMPUTED_VALUE"""),0.99) -> 0.99 | S21: =IFERROR(__xludf.DUMMYFUNCTION("""COMPUTED_VALUE"""),0.96) -> 0.96 | T21: =trim(left(B21,find("(",B21)-1)) -> James Wood | W21: =IFERROR(__xludf.DUMMYFUNCTION("""COMPUTED_VALUE"""),15.0) -> 15 | X21: {=iferror(trim(MID(indirect("R4C"&W20-1+column($W$4)+1,False),find("to 2015",indirect("R4C"&W20-1+column($W$4)+1,False))+9,find("Throws",indirect("R4C"&W20-1+column($W$4)+1,False),find("to 2015",indirect("R4C"&W20-1+column($W$4)+1,False)))-find("to 2015",indirect("R4C"&W20-1+column($W$4)+1,False))-13)),iferror(trim(MID(indirect("R4C"&W20-1+column($W$4)+1,False),find("Team.",indirect("R4C"&W20-1+column($W$4)+1,False))+7,find("Throws",indirect("R4C"&W20-1+column($W$4)+1,False),find("Team.",indirect("R4C"&W20-1+column($W$4)+1,False)))-find("Team.",indirect("R4C"&W20-1+column($W$4)+1,False))-11)),trim(MID(indirect("R4C"&W20-1+column($W$4)+1,False),find("nced.",indirect("R4C"&W20-1+column($W$4)+1,False))+7,find("Throws",indirect("R4C"&W20-1+column($W$4)+1,False),find("nced.",indirect("R4C"&W20-1+column($W$4)+1,False)))-find("nced.",indirect("R4C"&W20-1+column($W$4)+1,False))-11))))} -> Max Meyer | Y21: =IFERROR(__xludf.DUMMYFUNCTION("""vs. ""&index(split(trim(left(indirect(""R4C""&W21-1+column($W$4)+1,False),find(text(today()+1,""DDDD""),indirect(""R4C""&W21-1+column($W$4)+1,False))-1)),""@""),,1)"),"vs. PHI ") -> vs. PHI
A22: =IFERROR(__xludf.DUMMYFUNCTION("""COMPUTED_VALUE"""),21.0) -> 21 | B22: =IFERROR(__xludf.DUMMYFUNCTION("""COMPUTED_VALUE"""),"Trea Turner (PHI - SS)") -> Trea Turner (PHI - SS) | C22: =IFERROR(__xludf.DUMMYFUNCTION("""COMPUTED_VALUE"""),487.0) -> 487 | D22: =IFERROR(__xludf.DUMMYFUNCTION("""COMPUTED_VALUE"""),74.0) -> 74 | E22: =IFERROR(__xludf.DUMMYFUNCTION("""COMPUTED_VALUE"""),15.0) -> 15 | F22: =IFERROR(__xludf.DUMMYFUNCTION("""COMPUTED_VALUE"""),59.0) -> 59 | G22: =IFERROR(__xludf.DUMMYFUNCTION("""COMPUTED_VALUE"""),21.0) -> 21 | H22: =IFERROR(__xludf.DUMMYFUNCTION("""COMPUTED_VALUE"""),0.279) -> 0.279 | I22: =IFERROR(__xludf.DUMMYFUNCTION("""COMPUTED_VALUE"""),0.334) -> 0.334 | J22: =IFERROR(__xludf.DUMMYFUNCTION("""COMPUTED_VALUE"""),136.0) -> 136 | K22: =IFERROR(__xludf.DUMMYFUNCTION("""COMPUTED_VALUE"""),25.0) -> 25 | L22: =IFERROR(__xludf.DUMMYFUNCTION("""COMPUTED_VALUE"""),3.0) -> 3 | M22: =IFERROR(__xludf.DUMMYFUNCTION("""COMPUTED_VALUE"""),37.0) -> 37 | N22: =IFERROR(__xludf.DUMMYFUNCTION("""COMPUTED_VALUE"""),97.0) -> 97 | O22: =IFERROR(__xludf.DUMMYFUNCTION("""COMPUTED_VALUE"""),0.434) -> 0.434 | P22: =IFERROR(__xludf.DUMMYFUNCTION("""COMPUTED_VALUE"""),0.767) -> 0.767 | Q22: =IFERROR(__xludf.DUMMYFUNCTION("""COMPUTED_VALUE"""),0.95) -> 0.95 | R22: =IFERROR(__xludf.DUMMYFUNCTION("""COMPUTED_VALUE"""),0.99) -> 0.99 | S22: =IFERROR(__xludf.DUMMYFUNCTION("""COMPUTED_VALUE"""),0.92) -> 0.92 | T22: =trim(left(B22,find("(",B22)-1)) -> Trea Turner | W22: =IFERROR(__xludf.DUMMYFUNCTION("""COMPUTED_VALUE"""),17.0) -> 17 | X22: =IFERROR(__xludf.DUMMYFUNCTION("if(left(trim(MID(indirect(""R4C""&W22-1+column($W$4)+1,False),find(""Matchup"",indirect(""R4C""&W22-1+column($W$4)+1,False))+9,find(""Throws"",indirect(""R4C""&W22-1+column($W$4)+1,False))-find(""Matchup"",indirect(""R4C""&W22-1+column($W$4)+1,False))-13)"&"),15)=""To be announced"",""TBD ""&index(split(trim(left(indirect(""R4C""&W23-1+column($W$4)+1,False),find(text(today()+1,""DDDD""),indirect(""R4C""&W23-1+column($W$4)+1,False))-1)),""@""),,1),trim(MID(indirect(""R4C""&W22-1+column($W$4)+1,False),find(""M"&"atchup"",indirect(""R4C""&W22-1+column($W$4)+1,False))+9,find(""Throws"",indirect(""R4C""&W22-1+column($W$4)+1,False))-find(""Matchup"",indirect(""R4C""&W22-1+column($W$4)+1,False))-13)))"),"Landen Roupp") -> Landen Roupp | Y22: =IFERROR(__xludf.DUMMYFUNCTION("""@""&index(split(trim(left(indirect(""R4C""&W22-1+column($W$4)+1,False),find(text(today()+1,""DDDD""),indirect(""R4C""&W22-1+column($W$4)+1,False))-1)),""@""),,2)"),"@ TBR") -> @ TBR
A23: =IFERROR(__xludf.DUMMYFUNCTION("""COMPUTED_VALUE"""),22.0) -> 22 | B23: =IFERROR(__xludf.DUMMYFUNCTION("""COMPUTED_VALUE"""),"Pete Alonso (BAL - 1B)") -> Pete Alonso (BAL - 1B) | C23: =IFERROR(__xludf.DUMMYFUNCTION("""COMPUTED_VALUE"""),477.0) -> 477 | D23: =IFERROR(__xludf.DUMMYFUNCTION("""COMPUTED_VALUE"""),72.0) -> 72 | E23: =IFERROR(__xludf.DUMMYFUNCTION("""COMPUTED_VALUE"""),29.0) -> 29 | F23: =IFERROR(__xludf.DUMMYFUNCTION("""COMPUTED_VALUE"""),84.0) -> 84 | G23: =IFERROR(__xludf.DUMMYFUNCTION("""COMPUTED_VALUE"""),2.0) -> 2 | H23: =IFERROR(__xludf.DUMMYFUNCTION("""COMPUTED_VALUE"""),0.254) -> 0.254 | I23: =IFERROR(__xludf.DUMMYFUNCTION("""COMPUTED_VALUE"""),0.344) -> 0.344 | J23: =IFERROR(__xludf.DUMMYFUNCTION("""COMPUTED_VALUE"""),121.0) -> 121 | K23: =IFERROR(__xludf.DUMMYFUNCTION("""COMPUTED_VALUE"""),24.0) -> 24 | L23: =IFERROR(__xludf.DUMMYFUNCTION("""COMPUTED_VALUE"""),1.0) -> 1 | M23: =IFERROR(__xludf.DUMMYFUNCTION("""COMPUTED_VALUE"""),53.0) -> 53 | N23: =IFERROR(__xludf.DUMMYFUNCTION("""COMPUTED_VALUE"""),124.0) -> 124 | O23: =IFERROR(__xludf.DUMMYFUNCTION("""COMPUTED_VALUE"""),0.491) -> 0.491 | P23: =IFERROR(__xludf.DUMMYFUNCTION("""COMPUTED_VALUE"""),0.835) -> 0.835 | Q23: =IFERROR(__xludf.DUMMYFUNCTION("""COMPUTED_VALUE"""),0.99) -> 0.99 | R23: =IFERROR(__xludf.DUMMYFUNCTION("""COMPUTED_VALUE"""),0.99) -> 0.99 | S23: =IFERROR(__xludf.DUMMYFUNCTION("""COMPUTED_VALUE"""),0.98) -> 0.98 | T23: =trim(left(B23,find("(",B23)-1)) -> Pete Alonso | W23: =IFERROR(__xludf.DUMMYFUNCTION("""COMPUTED_VALUE"""),17.0) -> 17 | X23: {=iferror(trim(MID(indirect("R4C"&W22-1+column($W$4)+1,False),find("to 2015",indirect("R4C"&W22-1+column($W$4)+1,False))+9,find("Throws",indirect("R4C"&W22-1+column($W$4)+1,False),find("to 2015",indirect("R4C"&W22-1+column($W$4)+1,False)))-find("to 2015",indirect("R4C"&W22-1+column($W$4)+1,False))-13)),iferror(trim(MID(indirect("R4C"&W22-1+column($W$4)+1,False),find("Team.",indirect("R4C"&W22-1+column($W$4)+1,False))+7,find("Throws",indirect("R4C"&W22-1+column($W$4)+1,False),find("Team.",indirect("R4C"&W22-1+column($W$4)+1,False)))-find("Team.",indirect("R4C"&W22-1+column($W$4)+1,False))-11)),trim(MID(indirect("R4C"&W22-1+column($W$4)+1,False),find("nced.",indirect("R4C"&W22-1+column($W$4)+1,False))+7,find("Throws",indirect("R4C"&W22-1+column($W$4)+1,False),find("nced.",indirect("R4C"&W22-1+column($W$4)+1,False)))-find("nced.",indirect("R4C"&W22-1+column($W$4)+1,False))-11))))} -> #VALUE! | Y23: =IFERROR(__xludf.DUMMYFUNCTION("""vs. ""&index(split(trim(left(indirect(""R4C""&W23-1+column($W$4)+1,False),find(text(today()+1,""DDDD""),indirect(""R4C""&W23-1+column($W$4)+1,False))-1)),""@""),,1)"),"vs. SFG ") -> vs. SFG
A24: =IFERROR(__xludf.DUMMYFUNCTION("""COMPUTED_VALUE"""),23.0) -> 23 | B24: =IFERROR(__xludf.DUMMYFUNCTION("""COMPUTED_VALUE"""),"Sal Stewart (CIN - 1B,3B)") -> Sal Stewart (CIN - 1B,3B) | C24: =IFERROR(__xludf.DUMMYFUNCTION("""COMPUTED_VALUE"""),451.0) -> 451 | D24: =IFERROR(__xludf.DUMMYFUNCTION("""COMPUTED_VALUE"""),68.0) -> 68 | E24: =IFERROR(__xludf.DUMMYFUNCTION("""COMPUTED_VALUE"""),22.0) -> 22 | F24: =IFERROR(__xludf.DUMMYFUNCTION("""COMPUTED_VALUE"""),75.0) -> 75 | G24: =IFERROR(__xludf.DUMMYFUNCTION("""COMPUTED_VALUE"""),10.0) -> 10 | H24: =IFERROR(__xludf.DUMMYFUNCTION("""COMPUTED_VALUE"""),0.271) -> 0.271 | I24: =IFERROR(__xludf.DUMMYFUNCTION("""COMPUTED_VALUE"""),0.342) -> 0.342 | J24: =IFERROR(__xludf.DUMMYFUNCTION("""COMPUTED_VALUE"""),122.0) -> 122 | K24: =IFERROR(__xludf.DUMMYFUNCTION("""COMPUTED_VALUE"""),25.0) -> 25 | L24: =IFERROR(__xludf.DUMMYFUNCTION("""COMPUTED_VALUE"""),1.0) -> 1 | M24: =IFERROR(__xludf.DUMMYFUNCTION("""COMPUTED_VALUE"""),45.0) -> 45 | N24: =IFERROR(__xludf.DUMMYFUNCTION("""COMPUTED_VALUE"""),95.0) -> 95 | O24: =IFERROR(__xludf.DUMMYFUNCTION("""COMPUTED_VALUE"""),0.474) -> 0.474 | P24: =IFERROR(__xludf.DUMMYFUNCTION("""COMPUTED_VALUE"""),0.816) -> 0.816 | Q24: =IFERROR(__xludf.DUMMYFUNCTION("""COMPUTED_VALUE"""),0.93) -> 0.93 | R24: =IFERROR(__xludf.DUMMYFUNCTION("""COMPUTED_VALUE"""),0.92) -> 0.92 | S24: =IFERROR(__xludf.DUMMYFUNCTION("""COMPUTED_VALUE"""),0.93) -> 0.93 | T24: =trim(left(B24,find("(",B24)-1)) -> Sal Stewart | W24: =IFERROR(__xludf.DUMMYFUNCTION("""COMPUTED_VALUE"""),19.0) -> 19 | X24: =IFERROR(__xludf.DUMMYFUNCTION("if(left(trim(MID(indirect(""R4C""&W24-1+column($W$4)+1,False),find(""Matchup"",indirect(""R4C""&W24-1+column($W$4)+1,False))+9,find(""Throws"",indirect(""R4C""&W24-1+column($W$4)+1,False))-find(""Matchup"",indirect(""R4C""&W24-1+column($W$4)+1,False))-13)"&"),15)=""To be announced"",""TBD ""&index(split(trim(left(indirect(""R4C""&W25-1+column($W$4)+1,False),find(text(today()+1,""DDDD""),indirect(""R4C""&W25-1+column($W$4)+1,False))-1)),""@""),,1),trim(MID(indirect(""R4C""&W24-1+column($W$4)+1,False),find(""M"&"atchup"",indirect(""R4C""&W24-1+column($W$4)+1,False))+9,find(""Throws"",indirect(""R4C""&W24-1+column($W$4)+1,False))-find(""Matchup"",indirect(""R4C""&W24-1+column($W$4)+1,False))-13)))"),"Roki Sasaki") -> Roki Sasaki | Y24: =IFERROR(__xludf.DUMMYFUNCTION("""@""&index(split(trim(left(indirect(""R4C""&W24-1+column($W$4)+1,False),find(text(today()+1,""DDDD""),indirect(""R4C""&W24-1+column($W$4)+1,False))-1)),""@""),,2)"),"@ STL") -> @ STL
A25: =IFERROR(__xludf.DUMMYFUNCTION("""COMPUTED_VALUE"""),24.0) -> 24 | B25: =IFERROR(__xludf.DUMMYFUNCTION("""COMPUTED_VALUE"""),"Freddie Freeman (LAD - 1B)") -> Freddie Freeman (LAD - 1B) | C25: =IFERROR(__xludf.DUMMYFUNCTION("""COMPUTED_VALUE"""),463.0) -> 463 | D25: =IFERROR(__xludf.DUMMYFUNCTION("""COMPUTED_VALUE"""),73.0) -> 73 | E25: =IFERROR(__xludf.DUMMYFUNCTION("""COMPUTED_VALUE"""),19.0) -> 19 | F25: =IFERROR(__xludf.DUMMYFUNCTION("""COMPUTED_VALUE"""),71.0) -> 71 | G25: =IFERROR(__xludf.DUMMYFUNCTION("""COMPUTED_VALUE"""),6.0) -> 6 | H25: =IFERROR(__xludf.DUMMYFUNCTION("""COMPUTED_VALUE"""),0.281) -> 0.281 | I25: =IFERROR(__xludf.DUMMYFUNCTION("""COMPUTED_VALUE"""),0.372) -> 0.372 | J25: =IFERROR(__xludf.DUMMYFUNCTION("""COMPUTED_VALUE"""),130.0) -> 130 | K25: =IFERROR(__xludf.DUMMYFUNCTION("""COMPUTED_VALUE"""),29.0) -> 29 | L25: =IFERROR(__xludf.DUMMYFUNCTION("""COMPUTED_VALUE"""),2.0) -> 2 | M25: =IFERROR(__xludf.DUMMYFUNCTION("""COMPUTED_VALUE"""),56.0) -> 56 | N25: =IFERROR(__xludf.DUMMYFUNCTION("""COMPUTED_VALUE"""),94.0) -> 94 | O25: =IFERROR(__xludf.DUMMYFUNCTION("""COMPUTED_VALUE"""),0.472) -> 0.472 | P25: =IFERROR(__xludf.DUMMYFUNCTION("""COMPUTED_VALUE"""),0.844) -> 0.844 | Q25: =IFERROR(__xludf.DUMMYFUNCTION("""COMPUTED_VALUE"""),0.98) -> 0.98 | R25: =IFERROR(__xludf.DUMMYFUNCTION("""COMPUTED_VALUE"""),0.99) -> 0.99 | S25: =IFERROR(__xludf.DUMMYFUNCTION("""COMPUTED_VALUE"""),0.96) -> 0.96 | T25: =trim(left(B25,find("(",B25)-1)) -> Freddie Freeman | W25: =IFERROR(__xludf.DUMMYFUNCTION("""COMPUTED_VALUE"""),19.0) -> 19 | X25: {=iferror(trim(MID(indirect("R4C"&W24-1+column($W$4)+1,False),find("to 2015",indirect("R4C"&W24-1+column($W$4)+1,False))+9,find("Throws",indirect("R4C"&W24-1+column($W$4)+1,False),find("to 2015",indirect("R4C"&W24-1+column($W$4)+1,False)))-find("to 2015",indirect("R4C"&W24-1+column($W$4)+1,False))-13)),iferror(trim(MID(indirect("R4C"&W24-1+column($W$4)+1,False),find("Team.",indirect("R4C"&W24-1+column($W$4)+1,False))+7,find("Throws",indirect("R4C"&W24-1+column($W$4)+1,False),find("Team.",indirect("R4C"&W24-1+column($W$4)+1,False)))-find("Team.",indirect("R4C"&W24-1+column($W$4)+1,False))-11)),trim(MID(indirect("R4C"&W24-1+column($W$4)+1,False),find("nced.",indirect("R4C"&W24-1+column($W$4)+1,False))+7,find("Throws",indirect("R4C"&W24-1+column($W$4)+1,False),find("nced.",indirect("R4C"&W24-1+column($W$4)+1,False)))-find("nced.",indirect("R4C"&W24-1+column($W$4)+1,False))-11))))} -> Michael McGreevy | Y25: =IFERROR(__xludf.DUMMYFUNCTION("""vs. ""&index(split(trim(left(indirect(""R4C""&W25-1+column($W$4)+1,False),find(text(today()+1,""DDDD""),indirect(""R4C""&W25-1+column($W$4)+1,False))-1)),""@""),,1)"),"vs. LAD ") -> vs. LAD
A26: =IFERROR(__xludf.DUMMYFUNCTION("""COMPUTED_VALUE"""),25.0) -> 25 | B26: =IFERROR(__xludf.DUMMYFUNCTION("""COMPUTED_VALUE"""),"Ketel Marte (ARI - 2B,DH)") -> Ketel Marte (ARI - 2B,DH) | C26: =IFERROR(__xludf.DUMMYFUNCTION("""COMPUTED_VALUE"""),455.0) -> 455 | D26: =IFERROR(__xludf.DUMMYFUNCTION("""COMPUTED_VALUE"""),76.0) -> 76 | E26: =IFERROR(__xludf.DUMMYFUNCTION("""COMPUTED_VALUE"""),22.0) -> 22 | F26: =IFERROR(__xludf.DUMMYFUNCTION("""COMPUTED_VALUE"""),71.0) -> 71 | G26: =IFERROR(__xludf.DUMMYFUNCTION("""COMPUTED_VALUE"""),4.0) -> 4 | H26: =IFERROR(__xludf.DUMMYFUNCTION("""COMPUTED_VALUE"""),0.272) -> 0.272 | I26: =IFERROR(__xludf.DUMMYFUNCTION("""COMPUTED_VALUE"""),0.363) -> 0.363 | J26: =IFERROR(__xludf.DUMMYFUNCTION("""COMPUTED_VALUE"""),124.0) -> 124 | K26: =IFERROR(__xludf.DUMMYFUNCTION("""COMPUTED_VALUE"""),25.0) -> 25 | L26: =IFERROR(__xludf.DUMMYFUNCTION("""COMPUTED_VALUE"""),2.0) -> 2 | M26: =IFERROR(__xludf.DUMMYFUNCTION("""COMPUTED_VALUE"""),58.0) -> 58 | N26: =IFERROR(__xludf.DUMMYFUNCTION("""COMPUTED_VALUE"""),85.0) -> 85 | O26: =IFERROR(__xludf.DUMMYFUNCTION("""COMPUTED_VALUE"""),0.482) -> 0.482 | P26: =IFERROR(__xludf.DUMMYFUNCTION("""COMPUTED_VALUE"""),0.844) -> 0.844 | Q26: =IFERROR(__xludf.DUMMYFUNCTION("""COMPUTED_VALUE"""),0.99) -> 0.99 | R26: =IFERROR(__xludf.DUMMYFUNCTION("""COMPUTED_VALUE"""),0.99) -> 0.99 | S26: =IFERROR(__xludf.DUMMYFUNCTION("""COMPUTED_VALUE"""),1.0) -> 1 | T26: =trim(left(B26,find("(",B26)-1)) -> Ketel Marte | W26: =IFERROR(__xludf.DUMMYFUNCTION("""COMPUTED_VALUE"""),21.0) -> 21 | X26: =IFERROR(__xludf.DUMMYFUNCTION("if(left(trim(MID(indirect(""R4C""&W26-1+column($W$4)+1,False),find(""Matchup"",indirect(""R4C""&W26-1+column($W$4)+1,False))+9,find(""Throws"",indirect(""R4C""&W26-1+column($W$4)+1,False))-find(""Matchup"",indirect(""R4C""&W26-1+column($W$4)+1,False))-13)"&"),15)=""To be announced"",""TBD ""&index(split(trim(left(indirect(""R4C""&W27-1+column($W$4)+1,False),find(text(today()+1,""DDDD""),indirect(""R4C""&W27-1+column($W$4)+1,False))-1)),""@""),,1),trim(MID(indirect(""R4C""&W26-1+column($W$4)+1,False),find(""M"&"atchup"",indirect(""R4C""&W26-1+column($W$4)+1,False))+9,find(""Throws"",indirect(""R4C""&W26-1+column($W$4)+1,False))-find(""Matchup"",indirect(""R4C""&W26-1+column($W$4)+1,False))-13)))"),"Kumar Rocker") -> Kumar Rocker | Y26: =IFERROR(__xludf.DUMMYFUNCTION("""@""&index(split(trim(left(indirect(""R4C""&W26-1+column($W$4)+1,False),find(text(today()+1,""DDDD""),indirect(""R4C""&W26-1+column($W$4)+1,False))-1)),""@""),,2)"),"@ DET") -> @ DET
A27: =IFERROR(__xludf.DUMMYFUNCTION("""COMPUTED_VALUE"""),26.0) -> 26 | B27: =IFERROR(__xludf.DUMMYFUNCTION("""COMPUTED_VALUE"""),"Pete Crow-Armstrong (CHC - CF)") -> Pete Crow-Armstrong (CHC - CF) | C27: =IFERROR(__xludf.DUMMYFUNCTION("""COMPUTED_VALUE"""),465.0) -> 465 | D27: =IFERROR(__xludf.DUMMYFUNCTION("""COMPUTED_VALUE"""),70.0) -> 70 | E27: =IFERROR(__xludf.DUMMYFUNCTION("""COMPUTED_VALUE"""),19.0) -> 19 | F27: =IFERROR(__xludf.DUMMYFUNCTION("""COMPUTED_VALUE"""),65.0) -> 65 | G27: =IFERROR(__xludf.DUMMYFUNCTION("""COMPUTED_VALUE"""),27.0) -> 27 | H27: =IFERROR(__xludf.DUMMYFUNCTION("""COMPUTED_VALUE"""),0.25) -> 0.25 | I27: =IFERROR(__xludf.DUMMYFUNCTION("""COMPUTED_VALUE"""),0.301) -> 0.301 | J27: =IFERROR(__xludf.DUMMYFUNCTION("""COMPUTED_VALUE"""),116.0) -> 116 | K27: =IFERROR(__xludf.DUMMYFUNCTION("""COMPUTED_VALUE"""),23.0) -> 23 | L27: =IFERROR(__xludf.DUMMYFUNCTION("""COMPUTED_VALUE"""),4.0) -> 4 | M27: =IFERROR(__xludf.DUMMYFUNCTION("""COMPUTED_VALUE"""),30.0) -> 30 | N27: =IFERROR(__xludf.DUMMYFUNCTION("""COMPUTED_VALUE"""),125.0) -> 125 | O27: =IFERROR(__xludf.DUMMYFUNCTION("""COMPUTED_VALUE"""),0.439) -> 0.439 | P27: =IFERROR(__xludf.DUMMYFUNCTION("""COMPUTED_VALUE"""),0.74) -> 0.74 | Q27: =IFERROR(__xludf.DUMMYFUNCTION("""COMPUTED_VALUE"""),0.95) -> 0.95 | R27: =IFERROR(__xludf.DUMMYFUNCTION("""COMPUTED_VALUE"""),0.98) -> 0.98 | S27: =IFERROR(__xludf.DUMMYFUNCTION("""COMPUTED_VALUE"""),0.93) -> 0.93 | T27: =trim(left(B27,find("(",B27)-1)) -> Pete Crow-Armstrong | W27: =IFERROR(__xludf.DUMMYFUNCTION("""COMPUTED_VALUE"""),21.0) -> 21 | X27: {=iferror(trim(MID(indirect("R4C"&W26-1+column($W$4)+1,False),find("to 2015",indirect("R4C"&W26-1+column($W$4)+1,False))+9,find("Throws",indirect("R4C"&W26-1+column($W$4)+1,False),find("to 2015",indirect("R4C"&W26-1+column($W$4)+1,False)))-find("to 2015",indirect("R4C"&W26-1+column($W$4)+1,False))-13)),iferror(trim(MID(indirect("R4C"&W26-1+column($W$4)+1,False),find("Team.",indirect("R4C"&W26-1+column($W$4)+1,False))+7,find("Throws",indirect("R4C"&W26-1+column($W$4)+1,False),find("Team.",indirect("R4C"&W26-1+column($W$4)+1,False)))-find("Team.",indirect("R4C"&W26-1+column($W$4)+1,False))-11)),trim(MID(indirect("R4C"&W26-1+column($W$4)+1,False),find("nced.",indirect("R4C"&W26-1+column($W$4)+1,False))+7,find("Throws",indirect("R4C"&W26-1+column($W$4)+1,False),find("nced.",indirect("R4C"&W26-1+column($W$4)+1,False)))-find("nced.",indirect("R4C"&W26-1+column($W$4)+1,False))-11))))} -> Keider Montero | Y27: =IFERROR(__xludf.DUMMYFUNCTION("""vs. ""&index(split(trim(left(indirect(""R4C""&W27-1+column($W$4)+1,False),find(text(today()+1,""DDDD""),indirect(""R4C""&W27-1+column($W$4)+1,False))-1)),""@""),,1)"),"vs. TEX ") -> vs. TEX
A28: =IFERROR(__xludf.DUMMYFUNCTION("""COMPUTED_VALUE"""),27.0) -> 27 | B28: =IFERROR(__xludf.DUMMYFUNCTION("""COMPUTED_VALUE"""),"Zach Neto (LAA - SS)") -> Zach Neto (LAA - SS) | C28: =IFERROR(__xludf.DUMMYFUNCTION("""COMPUTED_VALUE"""),472.0) -> 472 | D28: =IFERROR(__xludf.DUMMYFUNCTION("""COMPUTED_VALUE"""),74.0) -> 74 | E28: =IFERROR(__xludf.DUMMYFUNCTION("""COMPUTED_VALUE"""),22.0) -> 22 | F28: =IFERROR(__xludf.DUMMYFUNCTION("""COMPUTED_VALUE"""),64.0) -> 64 | G28: =IFERROR(__xludf.DUMMYFUNCTION("""COMPUTED_VALUE"""),22.0) -> 22 | H28: =IFERROR(__xludf.DUMMYFUNCTION("""COMPUTED_VALUE"""),0.248) -> 0.248 | I28: =IFERROR(__xludf.DUMMYFUNCTION("""COMPUTED_VALUE"""),0.328) -> 0.328 | J28: =IFERROR(__xludf.DUMMYFUNCTION("""COMPUTED_VALUE"""),117.0) -> 117 | K28: =IFERROR(__xludf.DUMMYFUNCTION("""COMPUTED_VALUE"""),26.0) -> 26 | L28: =IFERROR(__xludf.DUMMYFUNCTION("""COMPUTED_VALUE"""),1.0) -> 1 | M28: =IFERROR(__xludf.DUMMYFUNCTION("""COMPUTED_VALUE"""),43.0) -> 43 | N28: =IFERROR(__xludf.DUMMYFUNCTION("""COMPUTED_VALUE"""),133.0) -> 133 | O28: =IFERROR(__xludf.DUMMYFUNCTION("""COMPUTED_VALUE"""),0.445) -> 0.445 | P28: =IFERROR(__xludf.DUMMYFUNCTION("""COMPUTED_VALUE"""),0.774) -> 0.774 | Q28: =IFERROR(__xludf.DUMMYFUNCTION("""COMPUTED_VALUE"""),0.85) -> 0.85 | R28: =IFERROR(__xludf.DUMMYFUNCTION("""COMPUTED_VALUE"""),0.98) -> 0.98 | S28: =IFERROR(__xludf.DUMMYFUNCTION("""COMPUTED_VALUE"""),0.72) -> 0.72 | T28: =trim(left(B28,find("(",B28)-1)) -> Zach Neto | W28: =IFERROR(__xludf.DUMMYFUNCTION("""COMPUTED_VALUE"""),23.0) -> 23 | X28: =IFERROR(__xludf.DUMMYFUNCTION("if(left(trim(MID(indirect(""R4C""&W28-1+column($W$4)+1,False),find(""Matchup"",indirect(""R4C""&W28-1+column($W$4)+1,False))+9,find(""Throws"",indirect(""R4C""&W28-1+column($W$4)+1,False))-find(""Matchup"",indirect(""R4C""&W28-1+column($W$4)+1,False))-13)"&"),15)=""To be announced"",""TBD ""&index(split(trim(left(indirect(""R4C""&W29-1+column($W$4)+1,False),find(text(today()+1,""DDDD""),indirect(""R4C""&W29-1+column($W$4)+1,False))-1)),""@""),,1),trim(MID(indirect(""R4C""&W28-1+column($W$4)+1,False),find(""M"&"atchup"",indirect(""R4C""&W28-1+column($W$4)+1,False))+9,find(""Throws"",indirect(""R4C""&W28-1+column($W$4)+1,False))-find(""Matchup"",indirect(""R4C""&W28-1+column($W$4)+1,False))-13)))"),"Chris Sale") -> Chris Sale | Y28: =IFERROR(__xludf.DUMMYFUNCTION("""@""&index(split(trim(left(indirect(""R4C""&W28-1+column($W$4)+1,False),find(text(today()+1,""DDDD""),indirect(""R4C""&W28-1+column($W$4)+1,False))-1)),""@""),,2)"),"@ COL") -> @ COL
